[
  {
    "C_CODE": "LD047",
    "NARETAION": "ASHOK KIRANA STORES  PROP DULI",
    "NAME": "ASHOK KIRANA LKD"
  },
  {
    "C_CODE": "KG026",
    "NARETAION": "PANKAJ KUMAR",
    "NAME": "PANKAJ KIRANA GHANSOUR"
  },
  {
    "C_CODE": "BU258",
    "NARETAION": "ONE97 COMMUNICATIONS LIMITED",
    "NAME": "PAYTM SALES"
  },
  {
    "C_CODE": "BG049",
    "NARETAION": "DILIP KUMAR SACHCH",
    "NAME": "PAPPI KIRANA SINDHI COLONY"
  },
  {
    "C_CODE": "BU113",
    "NARETAION": "MS S S T",
    "NAME": "S.S TRADERS BUDHWARI"
  },
  {
    "C_CODE": "BD036",
    "NARETAION": "PRINCE SAHU",
    "NAME": "VARSHA KIRANA DUNDASEONI"
  },
  {
    "C_CODE": "BC082",
    "NARETAION": " Mr. AJIT KERANA STORE",
    "NAME": "AJIT KIRANA CHAPARA"
  },
  {
    "C_CODE": "BU258",
    "NARETAION": "One97 Co",
    "NAME": "PAYTM SALES"
  },
  {
    "C_CODE": "EE003",
    "NARETAION": "CASH HAND CHARGE2",
    "NAME": "BANK CHARGES"
  },
  {
    "C_CODE": "SN142",
    "NARETAION": "DILSAR SO GAFFAR",
    "NAME": "DILSAR KHAN BORDAI"
  },
  {
    "C_CODE": "LD034",
    "NARETAION": "KESARWANI KIRANA LKD",
    "NAME": "KESARWANI KIRANA"
  },
  {
    "C_CODE": "BP142",
    "NARETAION": "SD TRADING",
    "NAME": "S.D.TRADING COMPANY JYARAT"
  },
  {
    "C_CODE": "SN005",
    "NARETAION": "SAIRAM TRADERS",
    "NAME": "SAIRAM TRADERS MADAI"
  },
  {
    "C_CODE": "BP177",
    "NARETAION": "9617785304/PRAKASH",
    "NAME": "PRAKASH AGENCIES SEONI"
  },
  {
    "C_CODE": "BK029",
    "NARETAION": " MAA AMBEY KIRANA STORES PROP",
    "NAME": "MA AMBE KIRANA STORE KAHANIWAD"
  },
  {
    "C_CODE": "BK020",
    "NARETAION": " SHRI SITARAM KIRANA",
    "NAME": "SITARAM KIRANA KEOLARI"
  },
  {
    "C_CODE": "GK146",
    "NARETAION": "9630723215/SHUBHAM SAHU",
    "NAME": "BAINGANGA KIRANA GOPALGUNJ"
  },
  {
    "C_CODE": "BB009",
    "NARETAION": "BY CASH",
    "NAME": "PUNJAB NATIONAL BANK SEONI"
  },
  {
    "C_CODE": "LD009",
    "NARETAION": " ABHAY AGENCY",
    "NAME": "ABHAY AGENCIES"
  },
  {
    "C_CODE": "CT113",
    "NARETAION": "ACH/Hindustan Unilever",
    "NAME": "HINDUSTAN UNILEVER LTD NGP"
  },
  {
    "C_CODE": "CT175",
    "NARETAION": "BUNGEE INDIA",
    "NAME": "BUNGE INDIA PVT LTD"
  },
  {
    "C_CODE": "GK016",
    "NARETAION": " AKHILESH KIRANA STORES KHAWAS",
    "NAME": "AKHILESH KUMAR JAIN KHAWASA"
  },
  {
    "C_CODE": "BU100",
    "NARETAION": "SHYAM TRADERS   PROP",
    "NAME": "SHYAM TRADERS BUDHWARI SEONI"
  },
  {
    "C_CODE": "BG009",
    "NARETAION": " SUNIL KUMAR AGRAWAL",
    "NAME": "UMA TRADERS COLLEGE ROAD"
  },
  {
    "C_CODE": "EE003",
    "NARETAION": "NEFT_CHRG",
    "NAME": "BANK CHARGES"
  },
  {
    "C_CODE": "EE003",
    "NARETAION": "Charges for RTGS",
    "NAME": "BANK CHARGES"
  },
  {
    "C_CODE": "BK191",
    "NARETAION": "JAIN KIRANA STORE",
    "NAME": "JAIN KIRANA KANHIWADA"
  },
  {
    "C_CODE": "SN038",
    "NARETAION": "ARUN BAGHEL S O NA",
    "NAME": "PRAHLAD SINGH CHAUHAN CATERER"
  },
  {
    "C_CODE": "LD011",
    "NARETAION": "DEVANK  GOLHANI",
    "NAME": "OM KIRANA LAKHNADON"
  },
  {
    "C_CODE": "GK049",
    "NARETAION": "KHANDELWAL BROTHERS",
    "NAME": "KHANDELWAL BROT. PIPRWANI"
  },
  {
    "C_CODE": "AG028",
    "NARETAION": " MAHESH KIRANA STORES",
    "NAME": "MAHESH KIRANA GANGERUA"
  },
  {
    "C_CODE": "BP151",
    "NARETAION": " SHUBHAM KIRANA STORES",
    "NAME": "SHUBHAM KIRANA ISHWARNAGAR"
  },
  {
    "C_CODE": "GK136",
    "NARETAION": " KHANDELWAL TRADERS",
    "NAME": "KHANDELWAL TRADERS TURIYA"
  },
  {
    "C_CODE": "SN097",
    "NARETAION": " BHAGAT KIRANA",
    "NAME": "BHAGAT KIRANA UGLI"
  },
  {
    "C_CODE": "BP002",
    "NARETAION": " AGRAWAL STORES",
    "NAME": "AGRAWAL STORES BARAPHTHAR"
  },
  {
    "C_CODE": "LD006",
    "NARETAION": "RASHMI KIRANA",
    "NAME": "RASHMI KIRANA GANESHGUNJ"
  },
  {
    "C_CODE": "BU253",
    "NARETAION": "MISHRA TRADERS",
    "NAME": "MISHRA TRADERS CHANVAL BAZAR"
  },
  {
    "C_CODE": "BC029",
    "NARETAION": "ANMOL  J",
    "NAME": "ARIHANT KIRANA STORES"
  },
  {
    "C_CODE": "LD066",
    "NARETAION": "Mr AAGAM KUMAR JAI",
    "NAME": "PANCHRATAN KIRANA LKD"
  },
  {
    "C_CODE": "BK227",
    "NARETAION": "AVINASH KUMAR RAI",
    "NAME": "SHREE JI MART PALARI"
  },
  {
    "C_CODE": "BU121",
    "NARETAION": "VIJAY TRADERS PROP NIVEDITA",
    "NAME": "VIJAY TRADERS BUDHWARI"
  },
  {
    "C_CODE": "CT182",
    "NARETAION": "ASHOK AGEN",
    "NAME": "ASHOK AGENCIES SIVAKASI"
  },
  {
    "C_CODE": "BU014",
    "NARETAION": "Mr AASHISH KHUSHAN",
    "NAME": "RAJESH KIRANA STORE BUDHWARI"
  },
  {
    "C_CODE": "BG064",
    "NARETAION": "SAJAL JAIN",
    "NAME": "JAIN KIRANA STORES BAHIROGUNJ"
  },
  {
    "C_CODE": "BD011",
    "NARETAION": "ASHOK NEMA",
    "NAME": "SHRADHA KIRANA NEAR RIL TOWER"
  },
  {
    "C_CODE": "BC050",
    "NARETAION": "Mr VINOD AGARWAL S",
    "NAME": "SWASTIK KIRANA CHAPARA"
  },
  {
    "C_CODE": "BU005",
    "NARETAION": "BASANT  RAVLANI  S",
    "NAME": "MANOJ KIRANA STORE BUDHWARI"
  },
  {
    "C_CODE": "BU009",
    "NARETAION": "ANAND JAIN",
    "NAME": "NANDAN KUMAR ANAND KUMAR JAIN"
  },
  {
    "C_CODE": "GK146",
    "NARETAION": "9630723215/SHUBHAM SAHU",
    "NAME": "BAINGANGA KIRANA GOPALGUNJ"
  },
  {
    "C_CODE": "OT055",
    "NARETAION": "PANKAJ SALES",
    "NAME": "PANKAJ SALES"
  },
  {
    "C_CODE": "BP029",
    "NARETAION": "SHREE SAI KIRANA STORES",
    "NAME": "SAI KIRANA STORES BAHUBALI CHO"
  },
  {
    "C_CODE": "BU264",
    "NARETAION": " PARMAMAL BALLUMAL",
    "NAME": "M/S PARMAMAL BALLUMAL"
  },
  {
    "C_CODE": "LD079",
    "NARETAION": "MAA DHUMAVATI KIRANA DHUMA",
    "NAME": "MA DHUMAVATI KIRANA DHUMA"
  },
  {
    "C_CODE": "BU255",
    "NARETAION": "/ RF",
    "NAME": "R.F. AND SONS BUDHWARI"
  },
  {
    "C_CODE": "BK013",
    "NARETAION": " YUGANT TRADERS KHAIRA PALARI",
    "NAME": "UGANT TRADERS PALARI"
  },
  {
    "C_CODE": "BP004",
    "NARETAION": "RAHULKIR",
    "NAME": "RAHUL KIRANA STORE SEONI"
  },
  {
    "C_CODE": "MA193",
    "NARETAION": " THE CITY MART",
    "NAME": "THE CITY MART (W/O GST)"
  },
  {
    "C_CODE": "MA153",
    "NARETAION": "DARSHAN RICE MILL",
    "NAME": "DARSHAN RICE MILL"
  },
  {
    "C_CODE": "GK001",
    "NARETAION": "SHUBHAM  AWADHIYA",
    "NAME": "JAI BHOLE KIRANA STORE GOPALGU"
  },
  {
    "C_CODE": "BU121",
    "NARETAION": "VIJAY TRADERS PROP NIVEDITA MI",
    "NAME": "VIJAY TRADERS BUDHWARI"
  },
  {
    "C_CODE": "CT229",
    "NARETAION": "ACH/GODREJ CONSUMER",
    "NAME": "GODREJ CONSUMER P LTD  NAGPUR"
  },
  {
    "C_CODE": "LD137",
    "NARETAION": "MS ANANT TRADERS",
    "NAME": "ANANT TRADERS GANESHGUNJ"
  },
  {
    "C_CODE": "BU258",
    "NARETAION": "Paytm",
    "NAME": "PAYTM SALES"
  },
  {
    "C_CODE": "CT092",
    "NARETAION": "deys medical",
    "NAME": "DEY'S MEDICAL (U.P) PVT LTD"
  },
  {
    "C_CODE": "AG023",
    "NARETAION": "9630224233/BAJRANG",
    "NAME": "BAJRANG TRADING CO. GANGERUA"
  },
  {
    "C_CODE": "BU016",
    "NARETAION": "AHUJA TRADERS",
    "NAME": "AHUJA TRADERS SEONI"
  },
  {
    "C_CODE": "SH084",
    "NARETAION": "KIDS INDIA",
    "NAME": "KIDS INDIA REMIDIES"
  },
  {
    "C_CODE": "BC089",
    "NARETAION": "SONU  SAHU",
    "NAME": "SONU SAHU KIRANA CHAMARI"
  },
  {
    "C_CODE": "BP006",
    "NARETAION": " DURGA KIRANA AND GENERAL STOR",
    "NAME": "DURGA KIRANA STORE SEONI"
  },
  {
    "C_CODE": "BK190",
    "NARETAION": "Mr SANTOSHMODI S OGOV",
    "NAME": "SANTOSH KIRANA STORE KEOLARI"
  },
  {
    "C_CODE": "MA124",
    "NARETAION": "BABA TRADERS",
    "NAME": "BABA TRADERS NGP ROAD"
  },
  {
    "C_CODE": "CT205",
    "NARETAION": "RUCHI SOYA",
    "NAME": "PATANJALI FOODS LTD (MP) INODR"
  },
  {
    "C_CODE": "LD019",
    "NARETAION": "Mr KAILASH  So NOK",
    "NAME": "KAILASH PATEL LKD"
  },
  {
    "C_CODE": "BB012",
    "NARETAION": "TO049000IL00000080",
    "NAME": "PNB TERM LOAN A/C 049000IL0080"
  },
  {
    "C_CODE": "BB015",
    "NARETAION": "TO049000NG00006376",
    "NAME": "PNB KIA SONET CAR LOAN A/C"
  },
  {
    "C_CODE": "BB014",
    "NARETAION": "TO049000NC00008093",
    "NAME": "PNB HOUSING LOAN A/C"
  },
  {
    "C_CODE": "CL017",
    "NARETAION": "TO049000NC00007960",
    "NAME": "SHUBHAM SEVLANI"
  },
  {
    "C_CODE": "GK011",
    "NARETAION": "Mr Anmol  Jaiswal",
    "NAME": "TRAPTI SALES CORPORATION KURAI"
  },
  {
    "C_CODE": "BU017",
    "NARETAION": "Mr NITIN KUMAR JAI",
    "NAME": "RAJSHRI TRADERS SEONI"
  },
  {
    "C_CODE": "BU265",
    "NARETAION": " ON DOOR CONCEPTS PVT LTD",
    "NAME": "ONDOOR CONCEPTS PVT LTD"
  },
  {
    "C_CODE": "EE007",
    "NARETAION": "0490008700003292:Int.Coll",
    "NAME": "INTEREST ON LOAN"
  },
  {
    "C_CODE": "BC004",
    "NARETAION": "SHRAY  SONI",
    "NAME": "SONI KIRANA STORES"
  },
  {
    "C_CODE": "BD036",
    "NARETAION": "VARSHA KIRANA EVAM",
    "NAME": "VARSHA KIRANA DUNDASEONI"
  },
  {
    "C_CODE": "BC031",
    "NARETAION": " SURESH KIRANA STORES",
    "NAME": "SURESH KIRANA STORES CHAPARA"
  },
  {
    "C_CODE": "BR070",
    "NARETAION": " M S MAA ADISHAKTI  TRADERS",
    "NAME": "MA ADISHAKTI TRADERS BARGHAT"
  },
  {
    "C_CODE": "BG002",
    "NARETAION": "AADI ENTERPRISES",
    "NAME": "TARAN TARAAN KIRANA BHAIROGUNJ"
  },
  {
    "C_CODE": "BU194",
    "NARETAION": " RAJ RAJESHWARI TRADERS",
    "NAME": "RAJ RAJESHWARI TRADERS BUDHWAR"
  },
  {
    "C_CODE": "BK233",
    "NARETAION": " PRABHAT KUMAR THAKUR SO R",
    "NAME": "SHREE TRADERS PALARI"
  },
  {
    "C_CODE": "BP001",
    "NARETAION": "PRAKASH KIRANA AND GENERAL STO",
    "NAME": "PRAKASH KIRANA STORE TUTIPULIY"
  },
  {
    "C_CODE": "LD180",
    "NARETAION": "MS SHIVHARE HOTEL",
    "NAME": "SHIVHARE HOTEL BARBATTI DHUMA"
  },
  {
    "C_CODE": "BR092",
    "NARETAION": "BHUPENDR",
    "NAME": "M P EMPORIUM BARGHAT"
  },
  {
    "C_CODE": "OT049",
    "NARETAION": "MUKESH KUMAR  SAHU",
    "NAME": "MUKESH SAHU MADAI"
  },
  {
    "C_CODE": "BK051",
    "NARETAION": "Mr DURGESH SO KISH",
    "NAME": "AGRAWAL KIRANA PALARI"
  },
  {
    "C_CODE": "LD005",
    "NARETAION": "LALIT",
    "NAME": "LALIT KIRANA GANESHGUNJ"
  },
  {
    "C_CODE": "GK131",
    "NARETAION": "SHIVAY",
    "NAME": "SHIVAY TRADERS VIJAYPANI"
  },
  {
    "C_CODE": "LD006",
    "NARETAION": "RASHMI",
    "NAME": "RASHMI KIRANA GANESHGUNJ"
  },
  {
    "C_CODE": "BC064",
    "NARETAION": "Mr  RAHU",
    "NAME": "CHANDRA PRABHU KIRANA CHAPARA"
  },
  {
    "C_CODE": "CT023",
    "NARETAION": "ASIA MATCH",
    "NAME": "ASIA MATCH COMPANY P LTD SIVAK"
  },
  {
    "C_CODE": "DT062",
    "NARETAION": "ARIHANT JW",
    "NAME": "ARIHANT JWELLERS SEONI"
  },
  {
    "C_CODE": "BU080",
    "NARETAION": "7771813797/SAHU AGE",
    "NAME": "SAHU KIRANA BUDHWARI G.N.ROAD"
  },
  {
    "C_CODE": "BC186",
    "NARETAION": "6232167979/JAGDISH",
    "NAME": "LAXMI KIRANA RANDHIR NAGAR"
  },
  {
    "C_CODE": "BP005",
    "NARETAION": "9424904772/NITIN RAI",
    "NAME": "RAI KIRANA STORE BARAPATHAR"
  },
  {
    "C_CODE": "BU013",
    "NARETAION": "SWARAJ",
    "NAME": "SWARAJ KIRANA STORE BUDHWARI"
  },
  {
    "C_CODE": "SN118",
    "NARETAION": "VIKAS TRADERS",
    "NAME": "VIKAS TRADERS SEONI"
  },
  {
    "C_CODE": "MA153",
    "NARETAION": "DARSHAN RICE MILL",
    "NAME": "DARSHAN RICE MILL"
  },
  {
    "C_CODE": "BG022",
    "NARETAION": "770399537/AAKASH NARSWANI SO",
    "NAME": "SHARDA KIRANA STADIYAM ROAD"
  },
  {
    "C_CODE": "BG009",
    "NARETAION": ":UMA",
    "NAME": "UMA TRADERS COLLEGE ROAD"
  },
  {
    "C_CODE": "BP041",
    "NARETAION": ":GOLAPI",
    "NAME": "GOLAPI KIRANA BABRIYA ROAD"
  },
  {
    "C_CODE": "BU066",
    "NARETAION": ":SATNAM",
    "NAME": "SATNAM CONFECTIONARY BUDHWARI"
  },
  {
    "C_CODE": "LD085",
    "NARETAION": "SHIVHARE HOTEL DHUMA",
    "NAME": "SHIVHARE HOTEL DHUMA"
  },
  {
    "C_CODE": "BK034",
    "NARETAION": ":GAYATRI",
    "NAME": "GAYATRI STORES BHOMA"
  },
  {
    "C_CODE": "LD074",
    "NARETAION": "SAROJ CHOUKSEY",
    "NAME": "VIPUL KIRANA DHUMA"
  },
  {
    "C_CODE": "BP163",
    "NARETAION": "RUPNARAYAN",
    "NAME": "VASU KIRANA RAJPUT COLONY"
  },
  {
    "C_CODE": "BD002",
    "NARETAION": " ASTHA",
    "NAME": "ASTHA KIRANA DUNDA SEONI"
  },
  {
    "C_CODE": "BP178",
    "NARETAION": "HOTELSAI",
    "NAME": "HOTEL SAI RECEDENCY NAGJHAR"
  },
  {
    "C_CODE": "CL023",
    "NARETAION": "Reeta sevlani",
    "NAME": "SMT REETA SEVLANI"
  },
  {
    "C_CODE": "AA001",
    "NARETAION": "BALRAM SEV",
    "NAME": "SHRI BALRAM SEVLANI"
  },
  {
    "C_CODE": "BG042",
    "NARETAION": "BHARATI WO MANOHAR",
    "NAME": "GURUKRIPA KIRANA SINDHI COLONY"
  },
  {
    "C_CODE": "BK190",
    "NARETAION": "M S  SANTOSH KIRANA S",
    "NAME": "SANTOSH KIRANA STORE KEOLARI"
  },
  {
    "C_CODE": "BU013",
    "NARETAION": "SWARAJ",
    "NAME": "SWARAJ KIRANA STORE BUDHWARI"
  },
  {
    "C_CODE": "BR006",
    "NARETAION": "SAIKRIPA",
    "NAME": "SAIKRIPA KIRANA BARGHAT"
  },
  {
    "C_CODE": "MA143",
    "NARETAION": "ASHOK KIRANA AND JANRAL STORE",
    "NAME": "ASHOK KIRANA AND GENERAL STORE"
  },
  {
    "C_CODE": "BG005",
    "NARETAION": "GURUNANAK KIRANA BHANDAR",
    "NAME": "GURUNANAK KIRANA BHAIROGUNJ"
  },
  {
    "C_CODE": "MA147",
    "NARETAION": "ANKIT AGRAWAL",
    "NAME": "ANKIT TRADERS GANJ"
  },
  {
    "C_CODE": "BC062",
    "NARETAION": "NATIONAL HARDWARE",
    "NAME": "NATIONAL HARDWARE CHAPARA"
  },
  {
    "C_CODE": "BC013",
    "NARETAION": " SHILENDRA KIRANA STORES CHHAP",
    "NAME": "SHILENDRA KIRANA CHAPARA"
  },
  {
    "C_CODE": "LD074",
    "NARETAION": "SAROJ CHAUKSEY",
    "NAME": "VIPUL KIRANA DHUMA"
  },
  {
    "C_CODE": "BR104",
    "NARETAION": "M S AGRAWAL TRADERS PRO PRA PR",
    "NAME": "AGRAWAL TRADERS BARGHAT"
  },
  {
    "C_CODE": "EE003",
    "NARETAION": "INCIDENTAL CHARGES",
    "NAME": "BANK CHARGES"
  },
  {
    "C_CODE": "AA001",
    "NARETAION": "PNB METLIFE INDIA INSU",
    "NAME": "SHRI BALRAM SEVLANI"
  },
  {
    "C_CODE": "AG023",
    "NARETAION": "BAJRANG TRADING PROPERITOR DHA",
    "NAME": "BAJRANG TRADING CO. GANGERUA"
  },
  {
    "C_CODE": "LD183",
    "NARETAION": "BAJRANG TRADING COMPANY",
    "NAME": "BAJRANG TRADING CO. LKD"
  },
  {
    "C_CODE": "BK030",
    "NARETAION": "Mr SURAJ SAHU S/O",
    "NAME": "MAHESH KIRANA KAHANIWADA"
  },
  {
    "C_CODE": "BK227",
    "NARETAION": "Mr AVINASH KUMAR R",
    "NAME": "SHREE JI MART PALARI"
  },
  {
    "C_CODE": "BU200",
    "NARETAION": "HARISH",
    "NAME": "HARISH KUMAR SACHANAND BUDHWAR"
  },
  {
    "C_CODE": "SH060",
    "NARETAION": "ANCHAL",
    "NAME": "ANCHAL GENERAL STORES SUKRWARI"
  },
  {
    "C_CODE": "BK228",
    "NARETAION": "RADHIKA KIRANA STORES",
    "NAME": "RADHIKA KIRANA STORES BHOMA"
  },
  {
    "C_CODE": "BU151",
    "NARETAION": "PRAKASH SUPARI",
    "NAME": "PRAKASH SUPARI CENTRE BUDHWARI"
  },
  {
    "C_CODE": "SN049",
    "NARETAION": " SHIV KIRANA STORES",
    "NAME": "SHIV KUMAR SAHU BAKHARI"
  },
  {
    "C_CODE": "BK197",
    "NARETAION": " Mr. RITESH MODI",
    "NAME": "RITESH MODI (SHANKARLAL MODI )"
  },
  {
    "C_CODE": "BB016",
    "NARETAION": "049000EG00000061",
    "NAME": "PNB GECL TERM 049000EG00000061"
  },
  {
    "C_CODE": "CL017",
    "NARETAION": "TO0490009900000137",
    "NAME": "SHUBHAM SEVLANI"
  },
  {
    "C_CODE": "LD040",
    "NARETAION": "AWASTHI",
    "NAME": "AWASTHI PROVISION LKD"
  },
  {
    "C_CODE": "BR118",
    "NARETAION": "BHOOT",
    "NAME": "BHOOT PURV SAINIK CANTEEN STOR"
  },
  {
    "C_CODE": "SH060",
    "NARETAION": "ANCHAL",
    "NAME": "ANCHAL GENERAL STORES SUKRWARI"
  },
  {
    "C_CODE": "BS001",
    "NARETAION": "PARIYALDAS",
    "NAME": "PARIYALDAS KIRANA STORE BUS ST"
  },
  {
    "C_CODE": "BD003",
    "NARETAION": "SHRIKANT  NAMDEO",
    "NAME": "SHUBH SHRI KIRANA STORES"
  },
  {
    "C_CODE": "SH090",
    "NARETAION": "SHANTI MEDICAL AGENCY",
    "NAME": "SHANTI MEDICAL AGENCY"
  },
  {
    "C_CODE": "GK017",
    "NARETAION": "SHIV PRASAD NARSING DAS AGRAWA",
    "NAME": "SHIV PRASAD NARSINGHDAS KURAI"
  },
  {
    "C_CODE": "KG026",
    "NARETAION": "PANKAJ KIRANA STORES",
    "NAME": "PANKAJ KIRANA GHANSOUR"
  },
  {
    "C_CODE": "BP029",
    "NARETAION": "SHREE SA",
    "NAME": "SAI KIRANA STORES BAHUBALI CHO"
  },
  {
    "C_CODE": "BU196",
    "NARETAION": " CHELARAM DAYARAM",
    "NAME": "CHELARAM DAYARAM BUDHWARI"
  },
  {
    "C_CODE": "LD004",
    "NARETAION": "JAYSINGH THAKUR ENTERPRISES",
    "NAME": "JAISINGH THAKUR LAKHNADON"
  },
  {
    "C_CODE": "LD050",
    "NARETAION": "SUNEEL  SHIVHARE",
    "NAME": "HIMANSHU KIRANA DHUMA"
  },
  {
    "C_CODE": "LD205",
    "NARETAION": "HARSH KUMAR AGRAWA",
    "NAME": "MAA AGRAWAL HOTEL DHUMA"
  },
  {
    "C_CODE": "LD205",
    "NARETAION": "AMIT AGRTAWAL",
    "NAME": "MAA AGRAWAL HOTEL DHUMA"
  },
  {
    "C_CODE": "BU179",
    "NARETAION": "BABUL GENERAL STORES",
    "NAME": "BABUL GENERAL STORES BUDHWARI"
  },
  {
    "C_CODE": "BP112",
    "NARETAION": "ASHWANI KUMAR GAHL",
    "NAME": "JAGDAMBA KIRANA BARAPATHAR"
  },
  {
    "C_CODE": "BC230",
    "NARETAION": "Mr SHAMIM  AKHATAR",
    "NAME": "CHAHAT KIRANA BHEMGAD"
  },
  {
    "C_CODE": "LD011",
    "NARETAION": "Mr. DEVANK GOLHANI",
    "NAME": "OM KIRANA LAKHNADON"
  },
  {
    "C_CODE": "SB001",
    "NARETAION": "EKTA ENTERPRISES",
    "NAME": "STATE BANK OF INDIA"
  },
  {
    "C_CODE": "KG029",
    "NARETAION": "YAS GOLHANI",
    "NAME": "SANTOSH KIRANA KAHANI"
  },
  {
    "C_CODE": "BU179",
    "NARETAION": " BABUL GENERAL",
    "NAME": "BABUL GENERAL STORES BUDHWARI"
  },
  {
    "C_CODE": "OT056",
    "NARETAION": " M S HEERA TRADERS",
    "NAME": "HEERA TRADERS"
  },
  {
    "C_CODE": "BR112",
    "NARETAION": "R.ACUBE",
    "NAME": "R.A.CUBE BARGHAT"
  },
  {
    "C_CODE": "LD040",
    "NARETAION": "Mr SULABH KUMAR SO",
    "NAME": "AWASTHI PROVISION LKD"
  },
  {
    "C_CODE": "MA003",
    "NARETAION": "PUNJAB MARKETING",
    "NAME": "PUNJAB MARKETING"
  },
  {
    "C_CODE": "BP006",
    "NARETAION": "DURGA",
    "NAME": "DURGA KIRANA STORE SEONI"
  },
  {
    "C_CODE": "BU269",
    "NARETAION": "AYUSHI PHARMA",
    "NAME": "AYUSHI PHARMA"
  },
  {
    "C_CODE": "BU240",
    "NARETAION": "ANAND PHARMA",
    "NAME": "ANAND PHARMA"
  },
  {
    "C_CODE": "EE003",
    "NARETAION": "NEFTCHRG",
    "NAME": "BANK CHARGES"
  },
  {
    "C_CODE": "EE003",
    "NARETAION": "RTGSCHRG",
    "NAME": "BANK CHARGES"
  },
  {
    "C_CODE": "MK022",
    "NARETAION": "ASIF KHAN",
    "NAME": "NEW TAJ KIRANA KATANGI ROAD"
  },
  {
    "C_CODE": "GK147",
    "NARETAION": "AWATHARE TRADERS",
    "NAME": "AWATHARE TRADERS KURAI"
  },
  {
    "C_CODE": "BK214",
    "NARETAION": "JAI MATA DI",
    "NAME": "JAI MATA DI TRADERS BHOMA"
  },
  {
    "C_CODE": "BC057",
    "NARETAION": "SAHU KIRANA RAHIWADA",
    "NAME": "SAHU KIRANA RAHIWARA"
  },
  {
    "C_CODE": "BG009",
    "NARETAION": "UMA TRADERS",
    "NAME": "UMA TRADERS COLLEGE ROAD"
  },
  {
    "C_CODE": "MA015",
    "NARETAION": "NAVEEN HIN",
    "NAME": "RAJESH KIRANA MANGLIPETH SEONI"
  },
  {
    "C_CODE": "CL023",
    "NARETAION": "Reeta sevlani",
    "NAME": "SMT REETA SEVLANI"
  },
  {
    "C_CODE": "BK244",
    "NARETAION": "Mr VAIBHAV LATE SA",
    "NAME": "SHREE KIRANA PALARI"
  },
  {
    "C_CODE": "OT056",
    "NARETAION": " M S HEERA TRADERS",
    "NAME": "HEERA TRADERS"
  },
  {
    "C_CODE": "CT229",
    "NARETAION": "GODREJ",
    "NAME": "GODREJ CONSUMER P LTD  NAGPUR"
  },
  {
    "C_CODE": "BD010",
    "NARETAION": "BALA TRADERS",
    "NAME": "KISHOR PRATMANI (BALA TRADERS)"
  },
  {
    "C_CODE": "EE003",
    "NARETAION": "IMPS-CHG",
    "NAME": "BANK CHARGES"
  },
  {
    "C_CODE": "AD007",
    "NARETAION": "NAVAL KIRANA STORE",
    "NAME": "NAVAL KIRANA STORES ADEGAON"
  },
  {
    "C_CODE": "BG058",
    "NARETAION": "SOOJAL",
    "NAME": "SUJAL GENERAL STORES BHAIROGUN"
  },
  {
    "C_CODE": "SN046",
    "NARETAION": "SANJAY  RAI",
    "NAME": "SANJAY KIRANA KALARBANKI"
  },
  {
    "C_CODE": "BU138",
    "NARETAION": "GUPTA KIRANA AND ANAJ BHANDAR",
    "NAME": "GUPTA KIRANA AND ANAJ BHANDAR"
  },
  {
    "C_CODE": "LD160",
    "NARETAION": "RAJ MARKETING",
    "NAME": "RAJ MARKETING LKD"
  },
  {
    "C_CODE": "MA167",
    "NARETAION": "MAHESH KUMAR B",
    "NAME": "BHAGWATI DAILYNEEDS MANGLIPETH"
  },
  {
    "C_CODE": "BU171",
    "NARETAION": "KULDEEP RAI",
    "NAME": "ANAND TEA TRADERS BUDHWARI"
  },
  {
    "C_CODE": "SN140",
    "NARETAION": "9340438304/DIPANSHU",
    "NAME": "NANDU SAHU KALARBAKI"
  },
  {
    "C_CODE": "LD050",
    "NARETAION": "SUNILKUMAR SO GANI",
    "NAME": "HIMANSHU KIRANA DHUMA"
  },
  {
    "C_CODE": "LD146",
    "NARETAION": "DEEPAK S O DEVIPRA",
    "NAME": "DIPAK CHOUKSEYKARELI"
  },
  {
    "C_CODE": "LD089",
    "NARETAION": "DEV KUMAR  SIROTHI",
    "NAME": "DEV KIRANA LKD"
  },
  {
    "C_CODE": "BP181",
    "NARETAION": "ANIL KUMAR TIWARI",
    "NAME": "SHIVAY TRADERS & GENRAL SUPP."
  },
  {
    "C_CODE": "CT023",
    "NARETAION": "asia match",
    "NAME": "ASIA MATCH COMPANY P LTD SIVAK"
  },
  {
    "C_CODE": "CT182",
    "NARETAION": "ashok agen",
    "NAME": "ASHOK AGENCIES SIVAKASI"
  },
  {
    "C_CODE": "CT033",
    "NARETAION": "MODERN MATCHES",
    "NAME": "MODERN MATCHES PVT LTD VIRUDHN"
  },
  {
    "C_CODE": "BC218",
    "NARETAION": "RISHABH  TIWAR",
    "NAME": "SHRIRAM KIRANA CHAPARA"
  },
  {
    "C_CODE": "CT229",
    "NARETAION": "godrej con",
    "NAME": "GODREJ CONSUMER P LTD  NAGPUR"
  },
  {
    "C_CODE": "BR030",
    "NARETAION": "PAPEND SINGH T",
    "NAME": "PRINCE KIRANA BAMHODI"
  },
  {
    "C_CODE": "LD115",
    "NARETAION": "Mr ANURAG  THAKUR",
    "NAME": "MA BALA BHAWANI KIRANA GANESH"
  },
  {
    "C_CODE": "BK060",
    "NARETAION": "8878229775@ybl/Mr S",
    "NAME": "SHIV SHAKTI KIRANA KEWLARI"
  },
  {
    "C_CODE": "BK039",
    "NARETAION": "8878616484@ybl/Mr M",
    "NAME": "MANISH KIRANA KEWLARI"
  },
  {
    "C_CODE": "AD012",
    "NARETAION": "9893156247/ANIMESH NEMA",
    "NAME": "SATISH NEMA ADEGAON"
  },
  {
    "C_CODE": "BR049",
    "NARETAION": "8519082561/HIMANSHU  SAHU",
    "NAME": "S.KUMAR TEA CENTRE BARGHAT"
  },
  {
    "C_CODE": "BG069",
    "NARETAION": "PRADEEP SARA",
    "NAME": "MONAL KIRANA JHULELAL COLONY"
  },
  {
    "C_CODE": "BP019",
    "NARETAION": "Mr REVARAM PRE",
    "NAME": "SAHU KIRANA STORES LUGHARWADA"
  },
  {
    "C_CODE": "BK290",
    "NARETAION": "Mr Vivek  Sahu",
    "NAME": "SAHU KIRANA CHIRCHIRA"
  },
  {
    "C_CODE": "BD041",
    "NARETAION": "7509238992@paytm/Mr Abhishek",
    "NAME": "AVANI KIRANA AND GENERAL"
  },
  {
    "C_CODE": "LD046",
    "NARETAION": "mahendrarathour6791@oksbi/MAH",
    "NAME": "OMSHIV KIRANA LKD"
  },
  {
    "C_CODE": "LD012",
    "NARETAION": "9424951199/SATENDRA KUMAR  VI",
    "NAME": "SAI KIRANA LAKHNADON"
  },
  {
    "C_CODE": "OT054",
    "NARETAION": "6260992141@ybl/Mr SANKET RAJE",
    "NAME": "NEELU SAHU MADAI"
  },
  {
    "C_CODE": "BU001",
    "NARETAION": "9425446575/DEEPAK MEHANDIRATT",
    "NAME": "PUNJAB TRADERS"
  },
  {
    "C_CODE": "BG042",
    "NARETAION": "kamalchainani17@ybl/KAMAL CHE",
    "NAME": "GURUKRIPA KIRANA SINDHI COLONY"
  },
  {
    "C_CODE": "AG028",
    "NARETAION": "9329975135/MAHESH PATLE SO ME",
    "NAME": "MAHESH KIRANA GANGERUA"
  },
  {
    "C_CODE": "BK242",
    "NARETAION": "9340267205@ibl/Mr ASHISH  SAH",
    "NAME": "MAHAVEER KIRANA CHUI"
  },
  {
    "C_CODE": "BK307",
    "NARETAION": "9685435549@ybl/Mr Nitendr  Th",
    "NAME": "PINTU THAKUR KIRANA  MARAKWADA"
  },
  {
    "C_CODE": "BP019",
    "NARETAION": "sahu.rachit@ybl/Mr RACHIT REV",
    "NAME": "SAHU KIRANA STORES LUGHARWADA"
  },
  {
    "C_CODE": "KG099",
    "NARETAION": "umesh.dehriya@ybl/Mr UMESH DE",
    "NAME": "UMESH DAHERIYA MAJHGANWA"
  },
  {
    "C_CODE": "BC003",
    "NARETAION": "KAILASH KIRANA STORES",
    "NAME": "KAILASH KIRANA BANDOL"
  },
  {
    "C_CODE": "BR012",
    "NARETAION": "7000427507@axl/NAVNEET SURYAW",
    "NAME": "NEW MAHALAXMI KIRANA BARGHAT"
  },
  {
    "C_CODE": "BR049",
    "NARETAION": "8519082561@ybl/HIMANSHU  SAHU",
    "NAME": "S.KUMAR TEA CENTRE BARGHAT"
  },
  {
    "C_CODE": "MA184",
    "NARETAION": "9300750010/SHREE BA",
    "NAME": "SHREE BALAJI TRADERS CHW CHOWK"
  },
  {
    "C_CODE": "BK197",
    "NARETAION": "9424950101@ybl/Mr RITESH  MOD",
    "NAME": "RITESH MODI (SHANKARLAL MODI )"
  },
  {
    "C_CODE": "BS002",
    "NARETAION": "7000405738/NITIN KUMAR CHAKRA",
    "NAME": "DEEPAK KIRANA STORE SEONI"
  },
  {
    "C_CODE": "LD194",
    "NARETAION": "harry.nagre@ibl/HARIOM SHARAN",
    "NAME": "SHIREEM KIRANA LKD"
  },
  {
    "C_CODE": "BK331",
    "NARETAION": "8359879983/Mr VIKAS  THAKUR",
    "NAME": "VISHAL KIRANA PALARI TIGADA"
  },
  {
    "C_CODE": "LD012",
    "NARETAION": "9424951199/SATENDRA KUMAR  VI",
    "NAME": "SAI KIRANA LAKHNADON"
  },
  {
    "C_CODE": "CT033",
    "NARETAION": "MODERN MAT",
    "NAME": "MODERN MATCHES PVT LTD VIRUDHN"
  },
  {
    "C_CODE": "GK025",
    "NARETAION": "8085548861@ybl/ADARSH  AVADHI",
    "NAME": "ADARSH KIRANA GOPALGUNJ"
  },
  {
    "C_CODE": "MA088",
    "NARETAION": "8085864622/SHIVSHANKAR KIRANA",
    "NAME": "SHIVSHANKAR KIRANA AND PAN MAT"
  },
  {
    "C_CODE": "BC004",
    "NARETAION": "9630495381.ibz@icici/SONI KIR",
    "NAME": "SONI KIRANA STORES"
  },
  {
    "C_CODE": "GK015",
    "NARETAION": "9752189537/ABHISHEK ABHINAY T",
    "NAME": "ABHISHEK ABHINAY KHAWASA"
  },
  {
    "C_CODE": "LD101",
    "NARETAION": "luckysahu3101@ybl/Lucky  Sahu",
    "NAME": "LAKHAN SAHU GANESHGANJ(DEORI)"
  },
  {
    "C_CODE": "BU053",
    "NARETAION": "9424381233/AJAY  KUMAR  AGRAW",
    "NAME": "AJAY AGRAWAL BUDHWARI"
  },
  {
    "C_CODE": "SN038",
    "NARETAION": "9617915003/ARUN BAGHEL SO NAR",
    "NAME": "PRAHLAD SINGH CHAUHAN CATERER"
  },
  {
    "C_CODE": "BK228",
    "NARETAION": " RADHIKA KIRANA STORES",
    "NAME": "RADHIKA KIRANA STORES BHOMA"
  },
  {
    "C_CODE": "BU171",
    "NARETAION": "9406532012/KULDEEP  RAI",
    "NAME": "ANAND TEA TRADERS BUDHWARI"
  },
  {
    "C_CODE": "BK201",
    "NARETAION": "9993352765/Mr SANJAY KUMAR BA",
    "NAME": "SANJAY BANDEVAR TRADERS KANHIW"
  },
  {
    "C_CODE": "BK298",
    "NARETAION": "manojfromjbp@ybl/MANOJ KUMAR",
    "NAME": "RAI KIRANA CHINDA"
  },
  {
    "C_CODE": "BK249",
    "NARETAION": "sam.bandeli98@okhdfcbank/Mr S",
    "NAME": "GULREZ KHAN KEOLARI GODOWN OWN"
  },
  {
    "C_CODE": "BU197",
    "NARETAION": "9981875845/Mr SUSHIL SONU AHU",
    "NAME": "SHRI KRISHNA TRADERS (L.D)"
  },
  {
    "C_CODE": "CT175",
    "NARETAION": "BUNGEE IND",
    "NAME": "BUNGE INDIA PVT LTD"
  },
  {
    "C_CODE": "BK324",
    "NARETAION": "VIDYA GURU ENTERPRISES",
    "NAME": "VIDHYA GURU ENTERPRISES KEOLAR"
  },
  {
    "C_CODE": "BP188",
    "NARETAION": "VASU EVENTS AND MA",
    "NAME": "VASU ENTERPRISES"
  },
  {
    "C_CODE": "BC040",
    "NARETAION": "7617332003/ASHOK",
    "NAME": "PURANCHAND BAGHEL BANDOL"
  },
  {
    "C_CODE": "BC243",
    "NARETAION": "9165538909@ybl/Chameli",
    "NAME": "AVINASH PATEL BHIMGADH"
  },
  {
    "C_CODE": "BR103",
    "NARETAION": "9406766866/Ms JAIN TREDERS BA",
    "NAME": "JAIN TRADERS BARGHAT"
  },
  {
    "C_CODE": "BK039",
    "NARETAION": "8435760585/MAHENDRA KUMAR CHO",
    "NAME": "MANISH KIRANA KEWLARI"
  },
  {
    "C_CODE": "LD194",
    "NARETAION": "9407094474@ybl/HARIOM  NAGRE",
    "NAME": "SHIREEM KIRANA LKD"
  },
  {
    "C_CODE": "BU020",
    "NARETAION": "VINAYAK TRADERS",
    "NAME": "VINAYAK TRADERS SEONI"
  },
  {
    "C_CODE": "BD010",
    "NARETAION": "8815247677/BALA TRA",
    "NAME": "KISHOR PRATMANI (BALA TRADERS)"
  },
  {
    "C_CODE": "BU250",
    "NARETAION": "000502267/AMAN RAWLANI S OF",
    "NAME": "AMAN RAWLANI SHANKY"
  },
  {
    "C_CODE": "BC132",
    "NARETAION": "8463046354/VASEEM KHAN",
    "NAME": "VASEEM KIRANA BHIMGARH"
  },
  {
    "C_CODE": "BK023",
    "NARETAION": "/saiyam.agrawal@ybl/Saiyam  Ag",
    "NAME": "BHAIYAJI TRADERS KEWLARI"
  },
  {
    "C_CODE": "KG099",
    "NARETAION": "umesh.dehriya@axl/Mr UMESH DE",
    "NAME": "UMESH DAHERIYA MAJHGANWA"
  },
  {
    "C_CODE": "BK130",
    "NARETAION": "8815741966@axl/Mr PARMANAND",
    "NAME": "GOLHANI KIRANA PALARI"
  },
  {
    "C_CODE": "LD176",
    "NARETAION": "8435760585/MAHENDRA KUMAR CHO",
    "NAME": "ARMAN KIRANA DHUMA"
  },
  {
    "C_CODE": "BK039",
    "NARETAION": "8878616484@axl/Mr MANISH KUMA",
    "NAME": "MANISH KIRANA KEWLARI"
  },
  {
    "C_CODE": "AD019",
    "NARETAION": "9981309868@ibl/MUKESH KIRANA",
    "NAME": "MUKESH KIRANA ADEGAON"
  },
  {
    "C_CODE": "MK022",
    "NARETAION": "/8602940944@axl/TAAZ BEE",
    "NAME": "NEW TAJ KIRANA KATANGI ROAD"
  },
  {
    "C_CODE": "GK073",
    "NARETAION": "9753984907/SHIV KUMAR   SHUBH",
    "NAME": "SHUBHAM TRADERS MOHGAON"
  },
  {
    "C_CODE": "MA111",
    "NARETAION": "8878980413@ybl/RAMGOPAL  BAGH",
    "NAME": "BAGHEL TRADERS CHW ROAD"
  },
  {
    "C_CODE": "LD008",
    "NARETAION": "9399849581@paytm/Mr DEEPESH K",
    "NAME": "SHAILENDRA KIRANA LKD"
  },
  {
    "C_CODE": "BK078",
    "NARETAION": "8519053446/Rajendra Kumar Cha",
    "NAME": "MUNNA HOTEL BHOMA"
  },
  {
    "C_CODE": "KG040",
    "NARETAION": "7747863100",
    "NAME": "NIRAJ KIRANA GHANSOUR"
  },
  {
    "C_CODE": "DT062",
    "NARETAION": "ARIHANTJEWELLERS",
    "NAME": "ARIHANT JWELLERS SEONI"
  },
  {
    "C_CODE": "LD008",
    "NARETAION": "9179379364@ybl/Mr DILIP KUMAR",
    "NAME": "SHAILENDRA KIRANA LKD"
  },
  {
    "C_CODE": "BU185",
    "NARETAION": "8223901887@hdfcbank/RAJENDRA",
    "NAME": "SURBHI TRADERS BUDHWARI"
  },
  {
    "C_CODE": "BK219",
    "NARETAION": "7828445284/INDRA KUMAR  THAKU",
    "NAME": "ADITYA KIRANA PALARI TIGADDA"
  },
  {
    "C_CODE": "LD048",
    "NARETAION": "9340664225/DINESH KUMAR NAMDE",
    "NAME": "ASHUTOSH KIRANA STORES DHUMA"
  },
  {
    "C_CODE": "BC107",
    "NARETAION": "LALAJI KIRANA CHHAPARA",
    "NAME": "LALAJI JAIN CHAPRA"
  },
  {
    "C_CODE": "BK265",
    "NARETAION": "sawadhwal18 okicici/Mr SUMIT",
    "NAME": "SURESH KIRANA NAINPUR"
  },
  {
    "C_CODE": "BK267",
    "NARETAION": "nikhilthakur123456789 ybl/LAX",
    "NAME": "GUDDU THAKUR NAINPUR"
  },
  {
    "C_CODE": "LD146",
    "NARETAION": "7974061767/DEEPAK SO DEVIPRAS",
    "NAME": "DIPAK CHOUKSEYKARELI"
  },
  {
    "C_CODE": "BK249",
    "NARETAION": "8878839594 ybl/GULREJ  KHAN",
    "NAME": "GULREZ KHAN KEOLARI GODOWN OWN"
  },
  {
    "C_CODE": "BC234",
    "NARETAION": "9407013616/Mr KOUSHAL  CHOUKS",
    "NAME": "VEDANT GENRAL STORES KEKDA"
  },
  {
    "C_CODE": "BK139",
    "NARETAION": "9589414224/SATEESH KUMAR  SHR",
    "NAME": "SHRIWATRI  KIRANA KEWLARI"
  },
  {
    "C_CODE": "KG076",
    "NARETAION": "MANYA TRADERS",
    "NAME": "MANYA TRADERS GHANOSUR"
  },
  {
    "C_CODE": "BC206",
    "NARETAION": "8839189990/THAKUR RAM RAJPOOT",
    "NAME": "THAKUR MOBILE KIRANA RANDHIRNA"
  },
  {
    "C_CODE": "BU177",
    "NARETAION": "ALANKAR",
    "NAME": "ALANKAR GENERAL BUDHWARI"
  },
  {
    "C_CODE": "MA165",
    "NARETAION": "SATISH AGENCY  PROP:J",
    "NAME": "SATISH AGENCY"
  },
  {
    "C_CODE": "MA186",
    "NARETAION": "9669590819-2 ybl/BABLU BAGHEL",
    "NAME": "NATURE DAILYNEEDS"
  },
  {
    "C_CODE": "GK142",
    "NARETAION": "7748990811/Mr SURENDRA KUMAR",
    "NAME": "SIDDHANT PROVISION STORE TURIY"
  },
  {
    "C_CODE": "BK339",
    "NARETAION": "luckyawadhiya2304@axl/Miss LU",
    "NAME": "LUCKY KIRANA CHIRCHIRA(GST)"
  },
  {
    "C_CODE": "MA143",
    "NARETAION": "7987266099/ASHOK KI",
    "NAME": "ASHOK KIRANA AND GENERAL STORE"
  },
  {
    "C_CODE": "BC200",
    "NARETAION": "9424327112/PRAVIN KUMAR JIAN",
    "NAME": "DIGAMBER KIRANA CHAPARA"
  },
  {
    "C_CODE": "MA173",
    "NARETAION": "9926787246@ybl/MAHFOOZ UR RAH",
    "NAME": "SANA TRADERS PANI TANKI"
  },
  {
    "C_CODE": "EE006",
    "NARETAION": "Department of Finance Gov--",
    "NAME": "PROFESSIONAL TAX 78706700597"
  },
  {
    "C_CODE": "BR076",
    "NARETAION": "9425174909/MATRA SHRI SWEETS",
    "NAME": "MATRASHRI SWEETS BARGHAT"
  },
  {
    "C_CODE": "MK022",
    "NARETAION": "8602940944 axl/TAAZ BEE",
    "NAME": "NEW TAJ KIRANA KATANGI ROAD"
  },
  {
    "C_CODE": "BK030",
    "NARETAION": "9669797788/Mr SURAJ SAHU S/O",
    "NAME": "MAHESH KIRANA KAHANIWADA"
  },
  {
    "C_CODE": "BR051",
    "NARETAION": "9179256643/MANJUR HASAN SO DA",
    "NAME": "TAVAKKAL KIRANA BORI"
  },
  {
    "C_CODE": "BC095",
    "NARETAION": "/8225962036-2 ybl/ABHISHEK  SA",
    "NAME": "MOHAN SAHU BELPETH"
  },
  {
    "C_CODE": "BU258",
    "NARETAION": "ONE 97 COMMUNICA--",
    "NAME": "PAYTM SALES"
  },
  {
    "C_CODE": "BP004",
    "NARETAION": "/ RAHUL KIRANA STORES",
    "NAME": "RAHUL KIRANA STORE SEONI"
  },
  {
    "C_CODE": "BC216",
    "NARETAION": "/7974692446@axl/ATUL SAHU",
    "NAME": "ATUL KIRANA CHAMARI"
  },
  {
    "C_CODE": "BU076",
    "NARETAION": "9425174520/VIJAY GE",
    "NAME": "VIJAY GENERAL BUDHWARI"
  },
  {
    "C_CODE": "BD035",
    "NARETAION": "285075388@ybl/MANISH KUMAR S",
    "NAME": "MUSKAN KIRANA DUNDASEONI"
  },
  {
    "C_CODE": "BK283",
    "NARETAION": "8349435315/VISHVESH",
    "NAME": "MATOSHRI KIRANA KEOLARI"
  },
  {
    "C_CODE": "LD009",
    "NARETAION": "9425446126/Mr ABHAY KUMAR  JA",
    "NAME": "ABHAY AGENCIES"
  },
  {
    "C_CODE": "BK205",
    "NARETAION": "7509231011/Mr DURGESH  SAHU",
    "NAME": "YOGESH KIRANA BHOMA"
  },
  {
    "C_CODE": "BK298",
    "NARETAION": "9407363691/MANOJ KUMAR  RAI",
    "NAME": "RAI KIRANA CHINDA"
  },
  {
    "C_CODE": "KG063",
    "NARETAION": "7354811413/ABHISHEK SHIVHARE",
    "NAME": "RAGHUVEER SHIVHARE MEHTA"
  },
  {
    "C_CODE": "LD135",
    "NARETAION": "7773083818/SANDEEP  SHARMA",
    "NAME": "RADHE KIRANA GHANSORE ROAD LKD"
  },
  {
    "C_CODE": "KG017",
    "NARETAION": "/9425888500/M RAJA TRADERS",
    "NAME": "RAJA TRADERS GHANSOUR"
  },
  {
    "C_CODE": "MA101",
    "NARETAION": "/7000868628@ibl/SATISH KULHADE",
    "NAME": "SATISH KULHADE AZAD WARD"
  },
  {
    "C_CODE": "LD047",
    "NARETAION": " ASHOK KIRANA STORES PROP DULI",
    "NAME": "ASHOK KIRANA LKD"
  },
  {
    "C_CODE": "BU113",
    "NARETAION": "9302002525/S S TRAD",
    "NAME": "S.S TRADERS BUDHWARI"
  },
  {
    "C_CODE": "BK007",
    "NARETAION": "9630384666/Mr KANHAIYA LAL TH",
    "NAME": "SANTOSH KIRANA PALARI-TIGADDA"
  },
  {
    "C_CODE": "BU185",
    "NARETAION": " SURBHI TRADERS PROP AYUSH AG",
    "NAME": "SURBHI TRADERS BUDHWARI"
  },
  {
    "C_CODE": "BK006",
    "NARETAION": "sonusahu251@okicici/Mr SUNIL",
    "NAME": "BENIRAM SAHU CHUI"
  },
  {
    "C_CODE": "LD135",
    "NARETAION": "SANDEEP  S",
    "NAME": "RADHE KIRANA GHANSORE ROAD LKD"
  },
  {
    "C_CODE": "OT049",
    "NARETAION": "9752076009",
    "NAME": "MUKESH SAHU MADAI"
  },
  {
    "C_CODE": "BK257",
    "NARETAION": "8602751857",
    "NAME": "DK KIRANA NAINPUR"
  },
  {
    "C_CODE": "BC221",
    "NARETAION": "6260383211",
    "NAME": "SHOURYA KIRANA KEKDA"
  },
  {
    "C_CODE": "BC245",
    "NARETAION": "7869195630",
    "NAME": "RAJDEEP KIRANA BANDOL"
  },
  {
    "C_CODE": "LD012",
    "NARETAION": "SATENDRA K",
    "NAME": "SAI KIRANA LAKHNADON"
  },
  {
    "C_CODE": "LD019",
    "NARETAION": "Mr KAILASH",
    "NAME": "KAILASH PATEL LKD"
  },
  {
    "C_CODE": "SN046",
    "NARETAION": "SANJAY  RA",
    "NAME": "SANJAY KIRANA KALARBANKI"
  },
  {
    "C_CODE": "LD011",
    "NARETAION": "DEVANK",
    "NAME": "OM KIRANA LAKHNADON"
  },
  {
    "C_CODE": "BD036",
    "NARETAION": "VARSHA KIRANA EV",
    "NAME": "VARSHA KIRANA DUNDASEONI"
  },
  {
    "C_CODE": "BD001",
    "NARETAION": "KANCHAN  JETHANI",
    "NAME": "EKTA KIRANA STORE SEONI"
  },
  {
    "C_CODE": "LD090",
    "NARETAION": "919406705353/Mr ANIL   AGRAWA",
    "NAME": "NIRMAL AGRAWAL LKD SABZI MANDI"
  },
  {
    "C_CODE": "BK352",
    "NARETAION": "ARHAM MARKETING",
    "NAME": "ARHAM MARKETING"
  },
  {
    "C_CODE": "BK051",
    "NARETAION": "Mr DURGESH SO KI",
    "NAME": "AGRAWAL KIRANA PALARI"
  },
  {
    "C_CODE": "KG017",
    "NARETAION": "/M RAJA TRADERS",
    "NAME": "RAJA TRADERS GHANSOUR"
  },
  {
    "C_CODE": "SN109",
    "NARETAION": "919424623063/AJAY  SAHU",
    "NAME": "LAXMI KIRANA NANDIYA"
  },
  {
    "C_CODE": "BK331",
    "NARETAION": "918359879983/Mr VIKAS  THAKUR",
    "NAME": "VISHAL KIRANA PALARI TIGADA"
  },
  {
    "C_CODE": "KG095",
    "NARETAION": " PRAVESH KUMAR JAIN",
    "NAME": "ARIHANT KIRANA DHANORA"
  },
  {
    "C_CODE": "BG001",
    "NARETAION": "9827443828@ybl/DEV KUMAR AGRA",
    "NAME": "AGRAWAL KIRANA BHAIROGANJ RISH"
  },
  {
    "C_CODE": "BK298",
    "NARETAION": "manojfromjbp1@ybl/MANOJ KUMAR",
    "NAME": "RAI KIRANA CHINDA"
  },
  {
    "C_CODE": "BC234",
    "NARETAION": "919407013616/KAUSHAL CHOUKSE",
    "NAME": "VEDANT GENRAL STORES KEKDA"
  },
  {
    "C_CODE": "BK030",
    "NARETAION": "919669797788/Mr SURAJ SAHU S/",
    "NAME": "MAHESH KIRANA KAHANIWADA"
  },
  {
    "C_CODE": "BC095",
    "NARETAION": "8225962036-2@ybl/ABHISHEK  SA",
    "NAME": "MOHAN SAHU BELPETH"
  },
  {
    "C_CODE": "BR076",
    "NARETAION": "919425174909/MATRA SHRI SWEET",
    "NAME": "MATRASHRI SWEETS BARGHAT"
  },
  {
    "C_CODE": "BC039",
    "NARETAION": "919425383102/ABHISHEK  KUMAR",
    "NAME": "NARENDRA JAIN CHAPARA"
  },
  {
    "C_CODE": "MA143",
    "NARETAION": "917987266099/HIRENDRA MEHANDI",
    "NAME": "ASHOK KIRANA AND GENERAL STORE"
  },
  {
    "C_CODE": "BR120",
    "NARETAION": "rahangdaleprabhudayal",
    "NAME": "AKKU KIRANA BAMHODI"
  },
  {
    "C_CODE": "MA193",
    "NARETAION": "9806666978@ybl/PAVAN KUMAR  S",
    "NAME": "THE CITY MART (W/O GST)"
  },
  {
    "C_CODE": "BU291",
    "NARETAION": "919893165388/mayank kumar agr",
    "NAME": "AGRAWAL TRADERS BUDHWARI"
  },
  {
    "C_CODE": "SH061",
    "NARETAION": "9424363257@ybl/ASHOK SAHU",
    "NAME": "JAI AMBE KIRANA GYANI CHOWK"
  },
  {
    "C_CODE": "EE003",
    "NARETAION": "CASH HANDLING CHARGES",
    "NAME": "BANK CHARGES"
  },
  {
    "C_CODE": "BU014",
    "NARETAION": "Mr AASHI/BDBL/7999913539/",
    "NAME": "RAJESH KIRANA STORE BUDHWARI"
  },
  {
    "C_CODE": "OT006",
    "NARETAION": "VIJAY  K/INDB/9630763558/",
    "NAME": "VIJAY MALVI KIRANA JAAM"
  },
  {
    "C_CODE": "BR120",
    "NARETAION": "Prabhuda/IDFB/rahangdale",
    "NAME": "AKKU KIRANA BAMHODI"
  },
  {
    "C_CODE": "BC012",
    "NARETAION": "DEVI PRASAD SAHU",
    "NAME": "DEVI SAHU CHAPARA"
  },
  {
    "C_CODE": "EE053",
    "NARETAION": "MUKESH K/CNRB/mukeshnamd",
    "NAME": "NEWS PAPER EXPENSES"
  },
  {
    "C_CODE": "BC224",
    "NARETAION": "Mr YASH /CBIN/9399858624",
    "NAME": "YASH KIRANA CHAPARA"
  },
  {
    "C_CODE": "SH059",
    "NARETAION": "ravi.aswani1@ibl/RAVI ASWANI",
    "NAME": "RAVI ASWANI GANJ WARD SEONI"
  },
  {
    "C_CODE": "GK001",
    "NARETAION": "919685849403/JAY BHOLE KIRANA",
    "NAME": "JAI BHOLE KIRANA STORE GOPALGU"
  },
  {
    "C_CODE": "BC064",
    "NARETAION": "919425457284/RAHUL  JAIN",
    "NAME": "CHANDRA PRABHU KIRANA CHAPARA"
  },
  {
    "C_CODE": "BC213",
    "NARETAION": "919479342608/AMAR  SINGH",
    "NAME": "JAI MA BHAWANI CHAMARI"
  },
  {
    "C_CODE": "BD033",
    "NARETAION": "919407364313/AARUSHI KIRANA G",
    "NAME": "ARUSHI KIRANA DUNDASEONI"
  },
  {
    "C_CODE": "BK257",
    "NARETAION": "7869540644@naviaxis/CHINTAMAN",
    "NAME": "DK KIRANA NAINPUR"
  },
  {
    "C_CODE": "AD007",
    "NARETAION": "919098147130/NAVAL KIRANA STO",
    "NAME": "NAVAL KIRANA STORES ADEGAON"
  },
  {
    "C_CODE": "LD108",
    "NARETAION": "ankitkeshari604@okicici/Mr AN",
    "NAME": "ARVIND KESARWANI GANESHGUNJ"
  },
  {
    "C_CODE": "BD036",
    "NARETAION": "918889958939/PRINCE SAHU",
    "NAME": "VARSHA KIRANA DUNDASEONI"
  },
  {
    "C_CODE": "BK139",
    "NARETAION": "919589414224/SATEESH KUMAR  S",
    "NAME": "SHRIWATRI  KIRANA KEWLARI"
  },
  {
    "C_CODE": "BK248",
    "NARETAION": "7000688310@axl/PANKAJ  BAGHEL",
    "NAME": "PANKAJ KIRANA KEWLARI"
  },
  {
    "C_CODE": "LD146",
    "NARETAION": "/917974061767/DEEPAK SO DEVIPR",
    "NAME": "DIPAK CHOUKSEYKARELI"
  },
  {
    "C_CODE": "BK084",
    "NARETAION": " TIWARI KIRANA STORES",
    "NAME": "TIWARI KIRANA KEOLARI"
  },
  {
    "C_CODE": "LD046",
    "NARETAION": "9993429199@axl/MAHENDRA SINGH",
    "NAME": "OMSHIV KIRANA LKD"
  },
  {
    "C_CODE": "BK268",
    "NARETAION": "shrivastavamayank36@ybl/MAYAN",
    "NAME": "LALA KIRANA NAINPUR"
  },
  {
    "C_CODE": "CT253",
    "NARETAION": "Rashi",
    "NAME": "RASHI TRADERS AMARWADA"
  },
  {
    "C_CODE": "BU135",
    "NARETAION": "SHRI HARDEV TRADERS",
    "NAME": "HARDEV TRADERS BUDHWARI"
  },
  {
    "C_CODE": "AD018",
    "NARETAION": "919993377292/PREMLATA WO MUKE",
    "NAME": "GUPTA KIRANA ADEGAON"
  },
  {
    "C_CODE": "BK339",
    "NARETAION": "9244254373/LUCKY KI",
    "NAME": "LUCKY KIRANA CHIRCHIRA(GST)"
  },
  {
    "C_CODE": "BU010",
    "NARETAION": "akashkumar95166@okaxis",
    "NAME": "AYUSH TRADERS SEONI"
  },
  {
    "C_CODE": "LD176",
    "NARETAION": "918435760585/MAHENDRA KUMAR C",
    "NAME": "ARMAN KIRANA DHUMA"
  },
  {
    "C_CODE": "GK015",
    "NARETAION": "919752189537/ABHISHEK ABHINAY",
    "NAME": "ABHISHEK ABHINAY KHAWASA"
  },
  {
    "C_CODE": "LD048",
    "NARETAION": "ganga.pandre@axl/GANGASINGH P",
    "NAME": "ASHUTOSH KIRANA STORES DHUMA"
  },
  {
    "C_CODE": "LD079",
    "NARETAION": "DHUMAVATI",
    "NAME": "MA DHUMAVATI KIRANA DHUMA"
  },
  {
    "C_CODE": "BU053",
    "NARETAION": "919424381233/AJAY  KUMAR  AGR",
    "NAME": "AJAY AGRAWAL BUDHWARI"
  },
  {
    "C_CODE": "SN156",
    "NARETAION": "918839553066/AKHILESH  SHARMA",
    "NAME": "GCPL VAN"
  },
  {
    "C_CODE": "LD013",
    "NARETAION": "919685571461/ASHISH  JAIN",
    "NAME": "ARIHANT KIRANA LAKHNADON"
  },
  {
    "C_CODE": "BK219",
    "NARETAION": "917828445284/INDRA KUMAR  THA",
    "NAME": "ADITYA KIRANA PALARI TIGADDA"
  },
  {
    "C_CODE": "LD222",
    "NARETAION": "7489910882@ibl/Mrs ANIKET  GU",
    "NAME": "AMAN KIRANA GANESHGUNJ (GST)"
  },
  {
    "C_CODE": "BC234",
    "NARETAION": "919407013616/SHIV KUMARI AND",
    "NAME": "VEDANT GENRAL STORES KEKDA"
  },
  {
    "C_CODE": "LD009",
    "NARETAION": "919425446126/Mr ABHAY KUMAR",
    "NAME": "ABHAY AGENCIES"
  },
  {
    "C_CODE": "BU292",
    "NARETAION": "SUNNY JAIN",
    "NAME": "SUNNY JAIN BUDHWARI"
  },
  {
    "C_CODE": "SN049",
    "NARETAION": "918989737025/SHIV KIRANA STOR",
    "NAME": "SHIV KUMAR SAHU BAKHARI"
  },
  {
    "C_CODE": "KG104",
    "NARETAION": "88782395@ybl/Aanand Kumar Raj",
    "NAME": "ANAND KIRANA DHANORA"
  },
  {
    "C_CODE": "BC004",
    "NARETAION": " SONI KIRANA STORES",
    "NAME": "SONI KIRANA STORES"
  },
  {
    "C_CODE": "BG064",
    "NARETAION": "917415399536/JAIN KIRANA STOR",
    "NAME": "JAIN KIRANA STORES BAHIROGUNJ"
  },
  {
    "C_CODE": "BD002",
    "NARETAION": "telendra.rahangdale-1@okhdfc",
    "NAME": "ASTHA KIRANA DUNDA SEONI"
  },
  {
    "C_CODE": "BR010",
    "NARETAION": " M s BAGHEL KIRANA STORE PRO S",
    "NAME": "BAGHEL KIRANA BARGHAT"
  },
  {
    "C_CODE": "BR060",
    "NARETAION": " RAJ SHREE TRADERS",
    "NAME": "RAJSHRI TRADERS BARGHAT"
  },
  {
    "C_CODE": "LD194",
    "NARETAION": "9407094474@ibl/HARIOM  NAGRE",
    "NAME": "SHIREEM KIRANA LKD"
  },
  {
    "C_CODE": "LD089",
    "NARETAION": "919424967526/DEV KUMAR  SIROT",
    "NAME": "DEV KIRANA LKD"
  },
  {
    "C_CODE": "BC222",
    "NARETAION": "919424966731/PUSHP KUMAR SAHU",
    "NAME": "PUSHP KUMAR SAHU KEKDA"
  },
  {
    "C_CODE": "BU005",
    "NARETAION": "918989484121/BASANT  RAVLANI",
    "NAME": "MANOJ KIRANA STORE BUDHWARI"
  },
  {
    "C_CODE": "BK160",
    "NARETAION": "Mr. Atish Chand Jain",
    "NAME": "ATISHCHAND JAIN KEWLARI"
  },
  {
    "C_CODE": "BR006",
    "NARETAION": "919424903794/AMIT KUMAR  MISH",
    "NAME": "SAIKRIPA KIRANA BARGHAT"
  },
  {
    "C_CODE": "BU250",
    "NARETAION": "917000502267/AMAN RAWLANI S O",
    "NAME": "AMAN RAWLANI SHANKY"
  },
  {
    "C_CODE": "BK013",
    "NARETAION": "916264641655/Mr AJAY SO SANTO",
    "NAME": "UGANT TRADERS PALARI"
  },
  {
    "C_CODE": "CT255",
    "NARETAION": "Alka Enter",
    "NAME": "ALKA ENTERPRISES CHW"
  },
  {
    "C_CODE": "BK016",
    "NARETAION": "9165752997@ibl/Mr RAKESH  TIW",
    "NAME": "RAJDEEP KIRANA PALARI TIGADA"
  },
  {
    "C_CODE": "BK233",
    "NARETAION": "917974641422/Mr PRABHAT KUMAR",
    "NAME": "SHREE TRADERS PALARI"
  },
  {
    "C_CODE": "BK213",
    "NARETAION": "916261245515/SANJAY KUMAR  RA",
    "NAME": "RAHANGDALE BROTHERS SINDARSI"
  },
  {
    "C_CODE": "MA088",
    "NARETAION": "918085864622/SHIVSHANKAR KIRA",
    "NAME": "SHIVSHANKAR KIRANA AND PAN MAT"
  },
  {
    "C_CODE": "MA181",
    "NARETAION": "6263863556-2@ibl/ANURAG MANA",
    "NAME": "ANURAG KIRANA STORES"
  },
  {
    "C_CODE": "LD222",
    "NARETAION": "AMAN",
    "NAME": "AMAN KIRANA GANESHGUNJ (GST)"
  },
  {
    "C_CODE": "BK210",
    "NARETAION": "916264451004/Master AKSHAT SO",
    "NAME": "GANESH KIRANA PALARI"
  },
  {
    "C_CODE": "BP187",
    "NARETAION": " MORE AND MORE SUPER MARKET",
    "NAME": "MORE AND MORE SUPER MARKET"
  },
  {
    "C_CODE": "LD190",
    "NARETAION": "917746811870/SANTOSHI  JAIN",
    "NAME": "JITENDRA KIRANA LKD"
  },
  {
    "C_CODE": "BU035",
    "NARETAION": "9300015507@axl/MAJEED KHAN",
    "NAME": "BABBU KIRANA STORES BUDHWARI"
  },
  {
    "C_CODE": "BK343",
    "NARETAION": "8305701497@ibl/Mr RAJESH  SAH",
    "NAME": "DEEPAK SAHU KHAPA BAZAR"
  },
  {
    "C_CODE": "LD157",
    "NARETAION": "919111362082/DASHRATH PATEL",
    "NAME": "DASHRATH PATEL LKD"
  },
  {
    "C_CODE": "BP147",
    "NARETAION": "9424747407-2@ybl/Pawan Suryaw",
    "NAME": "RAJSI KIRANA ARCHIPURAM BARAPA"
  },
  {
    "C_CODE": "BK163",
    "NARETAION": "ARIHANT TRADERS",
    "NAME": "ARIHANT TRADERS KEOLARI"
  },
  {
    "C_CODE": "BK013",
    "NARETAION": "919754850502/Mr KAPIL THAKUR",
    "NAME": "UGANT TRADERS PALARI"
  },
  {
    "C_CODE": "BK366",
    "NARETAION": "919617162255/Mr NARAYANPRASAD",
    "NAME": "NARAYAN PRASAD RAI KUDO PIPARI"
  },
  {
    "C_CODE": "BG002",
    "NARETAION": "919981001262/SANJAY JAIN",
    "NAME": "TARAN TARAAN KIRANA BHAIROGUNJ"
  },
  {
    "C_CODE": "OT006",
    "NARETAION": "9630763558@axl/VIJAY  KUMAR",
    "NAME": "VIJAY MALVI KIRANA JAAM"
  },
  {
    "C_CODE": "MA111",
    "NARETAION": "8878980413@ibl/RAMGOPAL  BAGH",
    "NAME": "BAGHEL TRADERS CHW ROAD"
  },
  {
    "C_CODE": "LD050",
    "NARETAION": "919584782949/SUNEEL  SHIVHARE",
    "NAME": "HIMANSHU KIRANA DHUMA"
  },
  {
    "C_CODE": "GK001",
    "NARETAION": "7509283007/JAI BHOL",
    "NAME": "JAI BHOLE KIRANA STORE GOPALGU"
  },
  {
    "C_CODE": "BS070",
    "NARETAION": "7999258845@pz/DEEPAK KIRANA S",
    "NAME": "DEEPAK KIRANA (GST) BUSSTAND"
  },
  {
    "C_CODE": "BP002",
    "NARETAION": " Mr LAXMINARAYAN AGRAWAL",
    "NAME": "AGRAWAL STORES BARAPHTHAR"
  },
  {
    "C_CODE": "BK197",
    "NARETAION": "9424950101@axl/Mr RITESH  MOD",
    "NAME": "RITESH MODI (SHANKARLAL MODI )"
  },
  {
    "C_CODE": "BP043",
    "NARETAION": "9179430786@apl/MUIEN AKHTER K",
    "NAME": "MUEAN KIRANA EKTA COLONY"
  },
  {
    "C_CODE": "GK142",
    "NARETAION": "917748990811/Mr SURENDRA KUMA",
    "NAME": "SIDDHANT PROVISION STORE TURIY"
  },
  {
    "C_CODE": "BD039",
    "NARETAION": "7470671901@ybl/SANTOSH KUMAR",
    "NAME": "JAI BHOLE KIRANA BARGHAT ROAD"
  },
  {
    "C_CODE": "BK237",
    "NARETAION": "9340089540@ybl/Mr NEERAJ KUMA",
    "NAME": "ASHOK SAHU PANJRA LOPA"
  },
  {
    "C_CODE": "BG021",
    "NARETAION": "8989736893@ybl/Mr ISHWARI PRA",
    "NAME": "SHAILESH KIRANA PARTAPUR ROAD"
  },
  {
    "C_CODE": "MA121",
    "NARETAION": "paisale@goaxb/VIKRANT SINGH B",
    "NAME": "VIKRAM KIRANA GUNJ"
  },
  {
    "C_CODE": "BK272",
    "NARETAION": "9685915875@axl/Mr GOVIND KUMA",
    "NAME": "SHANKAR KIRANA NAINPUR"
  },
  {
    "C_CODE": "BK268",
    "NARETAION": "7049618485-2@ibl/VASUNDHARA B",
    "NAME": "LALA KIRANA NAINPUR"
  },
  {
    "C_CODE": "GK022",
    "NARETAION": "919755085440/Mr SWAPNIL SUSHI",
    "NAME": "MAHAVEER TRADERS KHAWASA"
  },
  {
    "C_CODE": "LD190",
    "NARETAION": "917974398732/JITENDRA  JAIN",
    "NAME": "JITENDRA KIRANA LKD"
  },
  {
    "C_CODE": "BK152",
    "NARETAION": "8358065607@ybl/Mr ANKIT  CHAN",
    "NAME": "AMBIKA KIRANA KEVLARI"
  },
  {
    "C_CODE": "SN112",
    "NARETAION": "918959251816/SURESH KUMAR CHO",
    "NAME": "SURESH CHAUHAN S/O KOPSINGH CH"
  },
  {
    "C_CODE": "LD059",
    "NARETAION": "919425174595/Mr PRAVIN KUMAR",
    "NAME": "RAI KIRANA LKD"
  },
  {
    "C_CODE": "BK284",
    "NARETAION": "9753391518@ybl/Mr SHEIKH  JEE",
    "NAME": "BABLU KIRANA NAINPUR"
  },
  {
    "C_CODE": "KG098",
    "NARETAION": "919691231893/MOHIT  KUMAR",
    "NAME": "SHRIRAM KIRANA BADHWANI"
  }
]