[
  {
    "SERIES": "A",
    "BILLFMT": "1",
    "DETAILS": "Counter File Format( Shubham Seoni)"
  },
  {
    "SERIES": "B",
    "BILLFMT": "Z",
    "DETAILS": "Runs Custom .prg File from Setup   )"
  },
  {
    "SERIES": "C",
    "BILLFMT": "Z",
    "DETAILS": "Runs Custom .prg File from Setup   )"
  },
  {
    "SERIES": "D",
    "BILLFMT": "Z",
    "DETAILS": "Runs Custom .prg File from Setup   )"
  },
  {
    "SERIES": "E",
    "BILLFMT": "1",
    "DETAILS": "Counter File Format( Shubham Seoni)"
  },
  {
    "SERIES": "F",
    "BILLFMT": "1",
    "DETAILS": "Counter File Format( Shubham Seoni)"
  },
  {
    "SERIES": "G",
    "BILLFMT": "",
    "DETAILS": ""
  },
  {
    "SERIES": "H",
    "BILLFMT": "",
    "DETAILS": ""
  },
  {
    "SERIES": "I",
    "BILLFMT": "",
    "DETAILS": ""
  },
  {
    "SERIES": "J",
    "BILLFMT": "",
    "DETAILS": ""
  },
  {
    "SERIES": "K",
    "BILLFMT": "1",
    "DETAILS": "Counter File Format( Shubham Seoni)"
  },
  {
    "SERIES": "L",
    "BILLFMT": "1",
    "DETAILS": "Counter File Format( Shubham Seoni)"
  },
  {
    "SERIES": "M",
    "BILLFMT": "8",
    "DETAILS": "Invoice Shubham with Batch,Exp"
  },
  {
    "SERIES": "N",
    "BILLFMT": "Z",
    "DETAILS": "Runs Custom .prg File from Setup   )"
  },
  {
    "SERIES": "O",
    "BILLFMT": "",
    "DETAILS": ""
  },
  {
    "SERIES": "P",
    "BILLFMT": "",
    "DETAILS": ""
  },
  {
    "SERIES": "Q",
    "BILLFMT": "",
    "DETAILS": ""
  },
  {
    "SERIES": "R",
    "BILLFMT": "",
    "DETAILS": ""
  },
  {
    "SERIES": "S",
    "BILLFMT": "",
    "DETAILS": ""
  },
  {
    "SERIES": "T",
    "BILLFMT": "",
    "DETAILS": ""
  },
  {
    "SERIES": "U",
    "BILLFMT": "",
    "DETAILS": ""
  },
  {
    "SERIES": "V",
    "BILLFMT": "",
    "DETAILS": ""
  }
]