[
  {
    "FNAME": "ADD.DBF"
  },
  {
    "FNAME": "ADDBILL.DBF"
  },
  {
    "FNAME": "BANK.DBF"
  },
  {
    "FNAME": "BANKDTL.DBF"
  },
  {
    "FNAME": "BAROPT.DBF"
  },
  {
    "FNAME": "BEATRATE.DBF"
  },
  {
    "FNAME": "BILL.DBF"
  },
  {
    "FNAME": "BILLDTL.DBF"
  },
  {
    "FNAME": "BILLFMT.DBF"
  },
  {
    "FNAME": "BILLPAY.DBF"
  },
  {
    "FNAME": "BILLSET.DBF"
  },
  {
    "FNAME": "BOM.DBF"
  },
  {
    "FNAME": "BOMDTL.DBF"
  },
  {
    "FNAME": "BOOKING.DBF"
  },
  {
    "FNAME": "CASH.DBF"
  },
  {
    "FNAME": "CBAL.DBF"
  },
  {
    "FNAME": "CHANGES.DBF"
  },
  {
    "FNAME": "CMPL.DBF"
  },
  {
    "FNAME": "COMPANY.DBF"
  },
  {
    "FNAME": "CRN.DBF"
  },
  {
    "FNAME": "CRNDTL.DBF"
  },
  {
    "FNAME": "CUST_CAT.DBF"
  },
  {
    "FNAME": "DBFILE.DBF"
  },
  {
    "FNAME": "DLRDIS.DBF"
  },
  {
    "FNAME": "DM.DBF"
  },
  {
    "FNAME": "DMDTL.DBF"
  },
  {
    "FNAME": "DMG.DBF"
  },
  {
    "FNAME": "DMGDTL.DBF"
  },
  {
    "FNAME": "DRN.DBF"
  },
  {
    "FNAME": "DRNDTL.DBF"
  },
  {
    "FNAME": "EASYORD.DBF"
  },
  {
    "FNAME": "GODOWN.DBF"
  },
  {
    "FNAME": "GROUP.DBF"
  },
  {
    "FNAME": "HSNUNIT.DBF"
  },
  {
    "FNAME": "HULJB.DBF"
  },
  {
    "FNAME": "MAINGRP.DBF"
  },
  {
    "FNAME": "MAKE.DBF"
  },
  {
    "FNAME": "MENU_MASTER.DBF"
  },
  {
    "FNAME": "MOBDTL.DBF"
  },
  {
    "FNAME": "MODEL.DBF"
  },
  {
    "FNAME": "MXBDTL.DBF"
  },
  {
    "FNAME": "MXBDTL001.DBF"
  },
  {
    "FNAME": "MXBDTL002.DBF"
  },
  {
    "FNAME": "MXBDTL003.DBF"
  },
  {
    "FNAME": "MXBDTL004.DBF"
  },
  {
    "FNAME": "MXBDTL005.DBF"
  },
  {
    "FNAME": "MYBILL.DBF"
  },
  {
    "FNAME": "ORD.DBF"
  },
  {
    "FNAME": "ORDDTL.DBF"
  },
  {
    "FNAME": "ORDER.DBF"
  },
  {
    "FNAME": "OTHSL.DBF"
  },
  {
    "FNAME": "PICKFL.DBF"
  },
  {
    "FNAME": "PMOBDTL.DBF"
  },
  {
    "FNAME": "PMPL.DBF"
  },
  {
    "FNAME": "PREACT.DBF"
  },
  {
    "FNAME": "PROD.DBF"
  },
  {
    "FNAME": "PRODDTL.DBF"
  },
  {
    "FNAME": "PRODESC.DBF"
  },
  {
    "FNAME": "PROFIT.DBF"
  },
  {
    "FNAME": "PUR.DBF"
  },
  {
    "FNAME": "PURDTL.DBF"
  },
  {
    "FNAME": "PURSUM.DBF"
  },
  {
    "FNAME": "PURTRAN.DBF"
  },
  {
    "FNAME": "PXBDTL.DBF"
  },
  {
    "FNAME": "PXBDTL001.DBF"
  },
  {
    "FNAME": "PXBDTL002.DBF"
  },
  {
    "FNAME": "PXBDTL003.DBF"
  },
  {
    "FNAME": "PXBDTL004.DBF"
  },
  {
    "FNAME": "PXBDTL005.DBF"
  },
  {
    "FNAME": "QUOT.DBF"
  },
  {
    "FNAME": "QUOTDTL.DBF"
  },
  {
    "FNAME": "SCH.DBF"
  },
  {
    "FNAME": "SCHDTL.DBF"
  },
  {
    "FNAME": "SCHEME.DBF"
  },
  {
    "FNAME": "SMSTOCUST.DBF"
  },
  {
    "FNAME": "SPSER.DBF"
  },
  {
    "FNAME": "SRALIAS.DBF"
  },
  {
    "FNAME": "STATE.DBF"
  },
  {
    "FNAME": "STOCK.DBF"
  },
  {
    "FNAME": "TAXCHG.DBF"
  },
  {
    "FNAME": "TAXDTL.DBF"
  },
  {
    "FNAME": "TRANSFER.DBF"
  },
  {
    "FNAME": "UNIT.DBF"
  },
  {
    "FNAME": "UNITMAST.DBF"
  },
  {
    "FNAME": "USER.DBF"
  },
  {
    "FNAME": "USER_AUTH.DBF"
  },
  {
    "FNAME": "VBILL.DBF"
  },
  {
    "FNAME": "VBLDTL.DBF"
  },
  {
    "FNAME": "X1.DBF"
  },
  {
    "FNAME": "SV.VCC"
  }
]