[
  {
    "GDN_CODE": "01",
    "GDN_NAME": "SHOP BUDHWARI",
    "ACTIVE": "Y"
  },
  {
    "GDN_CODE": "02",
    "GDN_NAME": "GANJ GODOWN",
    "ACTIVE": "Y"
  },
  {
    "GDN_CODE": "03",
    "GDN_NAME": "KEOLARI GODOWN",
    "ACTIVE": "Y"
  },
  {
    "GDN_CODE": "04",
    "GDN_NAME": "EXPIRY GODOWN",
    "ACTIVE": "N"
  },
  {
    "GDN_CODE": "05",
    "GDN_NAME": "SHORTAGE GODOWN",
    "ACTIVE": "N"
  },
  {
    "GDN_CODE": "06",
    "GDN_NAME": "RETAIL GODOWN",
    "ACTIVE": "Y"
  },
  {
    "GDN_CODE": "07",
    "GDN_NAME": "BARAPTHAR GODOWN",
    "ACTIVE": "Y"
  }
]