[
  {
    "H_CODE": "09021020",
    "HUNIT": "PCS-Pieces",
    "_NullFlags": "b'\\x00'"
  },
  {
    "H_CODE": "09023010",
    "HUNIT": "PCS-Pieces",
    "_NullFlags": "b'\\x00'"
  },
  {
    "H_CODE": "09023020",
    "HUNIT": "PCS-Pieces",
    "_NullFlags": "b'\\x00'"
  },
  {
    "H_CODE": "09023030",
    "HUNIT": "PCS-Pieces",
    "_NullFlags": "b'\\x00'"
  },
  {
    "H_CODE": "11010000",
    "HUNIT": "PCS-Pieces",
    "_NullFlags": "b'\\x00'"
  },
  {
    "H_CODE": "14049090",
    "HUNIT": "PCS-Pieces",
    "_NullFlags": "b'\\x00'"
  },
  {
    "H_CODE": "1507",
    "HUNIT": "PCS-Pieces",
    "_NullFlags": "b'\\x00'"
  },
  {
    "H_CODE": "15079010",
    "HUNIT": "PCS-Pieces",
    "_NullFlags": "b'\\x00'"
  },
  {
    "H_CODE": "15089091",
    "HUNIT": "PCS-Pieces",
    "_NullFlags": "b'\\x00'"
  },
  {
    "H_CODE": "15119020",
    "HUNIT": "PCS-Pieces",
    "_NullFlags": "b'\\x00'"
  },
  {
    "H_CODE": "15119090",
    "HUNIT": "PCS-Pieces",
    "_NullFlags": "b'\\x00'"
  },
  {
    "H_CODE": "15121910",
    "HUNIT": "PCS-Pieces",
    "_NullFlags": "b'\\x00'"
  },
  {
    "H_CODE": "15122910",
    "HUNIT": "PCS-Pieces",
    "_NullFlags": "b'\\x00'"
  },
  {
    "H_CODE": "1514",
    "HUNIT": "PCS-Pieces",
    "_NullFlags": "b'\\x00'"
  },
  {
    "H_CODE": "15149920",
    "HUNIT": "PCS-Pieces",
    "_NullFlags": "b'\\x00'"
  },
  {
    "H_CODE": "15162091",
    "HUNIT": "PCS-Pieces",
    "_NullFlags": "b'\\x00'"
  },
  {
    "H_CODE": "18069040",
    "HUNIT": "PCS-Pieces",
    "_NullFlags": "b'\\x00'"
  },
  {
    "H_CODE": "19011090",
    "HUNIT": "PCS-Pieces",
    "_NullFlags": "b'\\x00'"
  },
  {
    "H_CODE": "19019090",
    "HUNIT": "PCS-Pieces",
    "_NullFlags": "b'\\x00'"
  },
  {
    "H_CODE": "19023010",
    "HUNIT": "PCS-Pieces",
    "_NullFlags": "b'\\x00'"
  },
  {
    "H_CODE": "20079990",
    "HUNIT": "PCS-Pieces",
    "_NullFlags": "b'\\x00'"
  },
  {
    "H_CODE": "20081100",
    "HUNIT": "PCS-Pieces",
    "_NullFlags": "b'\\x00'"
  },
  {
    "H_CODE": "20089911",
    "HUNIT": "PCS-Pieces",
    "_NullFlags": "b'\\x00'"
  },
  {
    "H_CODE": "20089912",
    "HUNIT": "PCS-Pieces",
    "_NullFlags": "b'\\x00'"
  },
  {
    "H_CODE": "20089913",
    "HUNIT": "PCS-Pieces",
    "_NullFlags": "b'\\x00'"
  },
  {
    "H_CODE": "20089914",
    "HUNIT": "PCS-Pieces",
    "_NullFlags": "b'\\x00'"
  },
  {
    "H_CODE": "21011120",
    "HUNIT": "PCS-Pieces",
    "_NullFlags": "b'\\x00'"
  },
  {
    "H_CODE": "21032000",
    "HUNIT": "PCS-Pieces",
    "_NullFlags": "b'\\x00'"
  },
  {
    "H_CODE": "21039090",
    "HUNIT": "PCS-Pieces",
    "_NullFlags": "b'\\x00'"
  },
  {
    "H_CODE": "21041010",
    "HUNIT": "PCS-Pieces",
    "_NullFlags": "b'\\x00'"
  },
  {
    "H_CODE": "2106",
    "HUNIT": "PCS-Pieces",
    "_NullFlags": "b'\\x00'"
  },
  {
    "H_CODE": "2403",
    "HUNIT": "PCS-Pieces",
    "_NullFlags": "b'\\x00'"
  },
  {
    "H_CODE": "2501",
    "HUNIT": "PCS-Pieces",
    "_NullFlags": "b'\\x00'"
  },
  {
    "H_CODE": "25232930",
    "HUNIT": "PCS-Pieces",
    "_NullFlags": "b'\\x00'"
  },
  {
    "H_CODE": "27121090",
    "HUNIT": "PCS-Pieces",
    "_NullFlags": "b'\\x00'"
  },
  {
    "H_CODE": "30049011",
    "HUNIT": "PCS-Pieces",
    "_NullFlags": "b'\\x00'"
  },
  {
    "H_CODE": "30049099",
    "HUNIT": "PCS-Pieces",
    "_NullFlags": "b'\\x00'"
  },
  {
    "H_CODE": "33041000",
    "HUNIT": "PCS-Pieces",
    "_NullFlags": "b'\\x00'"
  },
  {
    "H_CODE": "33042000",
    "HUNIT": "PCS-Pieces",
    "_NullFlags": "b'\\x00'"
  },
  {
    "H_CODE": "33049030",
    "HUNIT": "PCS-Pieces",
    "_NullFlags": "b'\\x00'"
  },
  {
    "H_CODE": "33049120",
    "HUNIT": "PCS-Pieces",
    "_NullFlags": "b'\\x00'"
  },
  {
    "H_CODE": "33049910",
    "HUNIT": "PCS-Pieces",
    "_NullFlags": "b'\\x00'"
  },
  {
    "H_CODE": "33049920",
    "HUNIT": "PCS-Pieces",
    "_NullFlags": "b'\\x00'"
  },
  {
    "H_CODE": "33049930",
    "HUNIT": "PCS-Pieces",
    "_NullFlags": "b'\\x00'"
  },
  {
    "H_CODE": "33049990",
    "HUNIT": "PCS-Pieces",
    "_NullFlags": "b'\\x00'"
  },
  {
    "H_CODE": "33051090",
    "HUNIT": "PCS-Pieces",
    "_NullFlags": "b'\\x00'"
  },
  {
    "H_CODE": "33059011",
    "HUNIT": "PCS-Pieces",
    "_NullFlags": "b'\\x00'"
  },
  {
    "H_CODE": "33059040",
    "HUNIT": "PCS-Pieces",
    "_NullFlags": "b'\\x00'"
  },
  {
    "H_CODE": "33061020",
    "HUNIT": "PCS-Pieces",
    "_NullFlags": "b'\\x00'"
  },
  {
    "H_CODE": "3307",
    "HUNIT": "PCS-Pieces",
    "_NullFlags": "b'\\x00'"
  },
  {
    "H_CODE": "33071010",
    "HUNIT": "PCS-Pieces",
    "_NullFlags": "b'\\x00'"
  },
  {
    "H_CODE": "33072000",
    "HUNIT": "PCS-Pieces",
    "_NullFlags": "b'\\x00'"
  },
  {
    "H_CODE": "33074100",
    "HUNIT": "PCS-Pieces",
    "_NullFlags": "b'\\x00'"
  },
  {
    "H_CODE": "33074900",
    "HUNIT": "PCS-Pieces",
    "_NullFlags": "b'\\x00'"
  },
  {
    "H_CODE": "33079090",
    "HUNIT": "PCS-Pieces",
    "_NullFlags": "b'\\x00'"
  },
  {
    "H_CODE": "34011120",
    "HUNIT": "PCS-Pieces",
    "_NullFlags": "b'\\x00'"
  },
  {
    "H_CODE": "34011190",
    "HUNIT": "PCS-Pieces",
    "_NullFlags": "b'\\x00'"
  },
  {
    "H_CODE": "34011930",
    "HUNIT": "PCS-Pieces",
    "_NullFlags": "b'\\x00'"
  },
  {
    "H_CODE": "34013019",
    "HUNIT": "PCS-Pieces",
    "_NullFlags": "b'\\x00'"
  },
  {
    "H_CODE": "34013090",
    "HUNIT": "PCS-Pieces",
    "_NullFlags": "b'\\x00'"
  },
  {
    "H_CODE": "34022010",
    "HUNIT": "PCS-Pieces",
    "_NullFlags": "b'\\x00'"
  },
  {
    "H_CODE": "34022020",
    "HUNIT": "PCS-Pieces",
    "_NullFlags": "b'\\x00'"
  },
  {
    "H_CODE": "34022090",
    "HUNIT": "PCS-Pieces",
    "_NullFlags": "b'\\x00'"
  },
  {
    "H_CODE": "34025000",
    "HUNIT": "PCS-Pieces",
    "_NullFlags": "b'\\x00'"
  },
  {
    "H_CODE": "34054000",
    "HUNIT": "PCS-Pieces",
    "_NullFlags": "b'\\x00'"
  },
  {
    "H_CODE": "3605",
    "HUNIT": "PCS-Pieces",
    "_NullFlags": "b'\\x00'"
  },
  {
    "H_CODE": "36050010",
    "HUNIT": "PCS-Pieces",
    "_NullFlags": "b'\\x00'"
  },
  {
    "H_CODE": "3605010",
    "HUNIT": "PCS-Pieces",
    "_NullFlags": "b'\\x00'"
  },
  {
    "H_CODE": "3808",
    "HUNIT": "PCS-Pieces",
    "_NullFlags": "b'\\x00'"
  },
  {
    "H_CODE": "38084000",
    "HUNIT": "PCS-Pieces",
    "_NullFlags": "b'\\x00'"
  },
  {
    "H_CODE": "38089191",
    "HUNIT": "PCS-Pieces",
    "_NullFlags": "b'\\x00'"
  },
  {
    "H_CODE": "38089192",
    "HUNIT": "PCS-Pieces",
    "_NullFlags": "b'\\x00'"
  },
  {
    "H_CODE": "38089199",
    "HUNIT": "PCS-Pieces",
    "_NullFlags": "b'\\x00'"
  },
  {
    "H_CODE": "38089400",
    "HUNIT": "PCS-Pieces",
    "_NullFlags": "b'\\x00'"
  },
  {
    "H_CODE": "38089910",
    "HUNIT": "PCS-Pieces",
    "_NullFlags": "b'\\x00'"
  },
  {
    "H_CODE": "38089990",
    "HUNIT": "PCS-Pieces",
    "_NullFlags": "b'\\x00'"
  },
  {
    "H_CODE": "39241010",
    "HUNIT": "PCS-Pieces",
    "_NullFlags": "b'\\x00'"
  },
  {
    "H_CODE": "39249010",
    "HUNIT": "PCS-Pieces",
    "_NullFlags": "b'\\x00'"
  },
  {
    "H_CODE": "40014737",
    "HUNIT": "PCS-Pieces",
    "_NullFlags": "b'\\x00'"
  },
  {
    "H_CODE": "40019424",
    "HUNIT": "PCS-Pieces",
    "_NullFlags": "b'\\x00'"
  },
  {
    "H_CODE": "40028709",
    "HUNIT": "PCS-Pieces",
    "_NullFlags": "b'\\x00'"
  },
  {
    "H_CODE": "42029900",
    "HUNIT": "PCS-Pieces",
    "_NullFlags": "b'\\x00'"
  },
  {
    "H_CODE": "6506",
    "HUNIT": "PCS-Pieces",
    "_NullFlags": "b'\\x00'"
  },
  {
    "H_CODE": "68053000",
    "HUNIT": "PCS-Pieces",
    "_NullFlags": "b'\\x00'"
  },
  {
    "H_CODE": "73239390",
    "HUNIT": "PCS-Pieces",
    "_NullFlags": "b'\\x00'"
  },
  {
    "H_CODE": "76169990",
    "HUNIT": "PCS-Pieces",
    "_NullFlags": "b'\\x00'"
  },
  {
    "H_CODE": "84145120",
    "HUNIT": "PCS-Pieces",
    "_NullFlags": "b'\\x00'"
  },
  {
    "H_CODE": "8428",
    "HUNIT": "PCS-Pieces",
    "_NullFlags": "b'\\x00'"
  },
  {
    "H_CODE": "85061000",
    "HUNIT": "PCS-Pieces",
    "_NullFlags": "b'\\x00'"
  },
  {
    "H_CODE": "85131010",
    "HUNIT": "PCS-Pieces",
    "_NullFlags": "b'\\x00'"
  },
  {
    "H_CODE": "96032100",
    "HUNIT": "PCS-Pieces",
    "_NullFlags": "b'\\x00'"
  },
  {
    "H_CODE": "96035000",
    "HUNIT": "PCS-Pieces",
    "_NullFlags": "b'\\x00'"
  },
  {
    "H_CODE": "9961",
    "HUNIT": "PCS-Pieces",
    "_NullFlags": "b'\\x00'"
  },
  {
    "H_CODE": "997135",
    "HUNIT": "PCS-Pieces",
    "_NullFlags": "b'\\x00'"
  },
  {
    "H_CODE": "999799",
    "HUNIT": "UNT-UNITS",
    "_NullFlags": "b'\\x00'"
  },
  {
    "H_CODE": "18069090",
    "HUNIT": "PCS-Pieces",
    "_NullFlags": "b'\\x00'"
  },
  {
    "H_CODE": "380840",
    "HUNIT": "PCS-Pieces",
    "_NullFlags": "b'\\x00'"
  },
  {
    "H_CODE": "84285090",
    "HUNIT": "PCS-Pieces",
    "_NullFlags": "b'\\x00'"
  },
  {
    "H_CODE": "15149990",
    "HUNIT": "PCS-Pieces",
    "_NullFlags": "b'\\x00'"
  },
  {
    "H_CODE": "30045090",
    "HUNIT": "PCS-Pieces",
    "_NullFlags": "b'\\x00'"
  },
  {
    "H_CODE": "30049069",
    "HUNIT": "PCS-Pieces",
    "_NullFlags": "b'\\x00'"
  },
  {
    "H_CODE": "21011200",
    "HUNIT": "PCS-Pieces",
    "_NullFlags": "b'\\x00'"
  },
  {
    "H_CODE": "21012090",
    "HUNIT": "PCS-Pieces",
    "_NullFlags": "b'\\x00'"
  },
  {
    "H_CODE": "30049031",
    "HUNIT": "PCS-Pieces",
    "_NullFlags": "b'\\x00'"
  },
  {
    "H_CODE": "998397",
    "HUNIT": "UNT-UNITS",
    "_NullFlags": "b'\\x00'"
  },
  {
    "H_CODE": "09021010",
    "HUNIT": "PCS-Pieces",
    "_NullFlags": "b'\\x00'"
  },
  {
    "H_CODE": "15149120",
    "HUNIT": "PCS-Pieces",
    "_NullFlags": "b'\\x00'"
  },
  {
    "H_CODE": "21069099",
    "HUNIT": "PCS-Pieces",
    "_NullFlags": "b'\\x00'"
  },
  {
    "H_CODE": "33030050",
    "HUNIT": "PCS-Pieces",
    "_NullFlags": "b'\\x00'"
  },
  {
    "H_CODE": "33030090",
    "HUNIT": "PCS-Pieces",
    "_NullFlags": "b'\\x00'"
  },
  {
    "H_CODE": "40141010",
    "HUNIT": "PCS-Pieces",
    "_NullFlags": "b'\\x00'"
  },
  {
    "H_CODE": "18069030",
    "HUNIT": "PCS-Pieces",
    "_NullFlags": "b'\\x00'"
  },
  {
    "H_CODE": "33051010",
    "HUNIT": "PCS-Pieces",
    "_NullFlags": "b'\\x00'"
  }
]