[
  {
    "M_GROUP": "AA",
    "M_NAME": "Capital Account",
    "TRANS_TO": "B",
    "TALLYHEAD": "Capital Account",
    "_NullFlags": "b'\\x00'"
  },
  {
    "M_GROUP": "BB",
    "M_NAME": "Secured Loans (Banks)",
    "TRANS_TO": "B",
    "TALLYHEAD": "Bank OD A/c",
    "_NullFlags": "b'\\x00'"
  },
  {
    "M_GROUP": "BB",
    "M_NAME": "Secured Loans (Banks)",
    "TRANS_TO": "B",
    "TALLYHEAD": "Bank OD A/c",
    "_NullFlags": "b'\\x00'"
  },
  {
    "M_GROUP": "SB",
    "M_NAME": "Bank Accounts",
    "TRANS_TO": "B",
    "TALLYHEAD": "Bank Accounts",
    "_NullFlags": "b'\\x00'"
  },
  {
    "M_GROUP": "CL",
    "M_NAME": "Unsecured Loans",
    "TRANS_TO": "B",
    "TALLYHEAD": "Unsecured Loans",
    "_NullFlags": "b'\\x00'"
  },
  {
    "M_GROUP": "CT",
    "M_NAME": "Sundry Creditors",
    "TRANS_TO": "B",
    "TALLYHEAD": "Sundry Creditors",
    "_NullFlags": "b'\\x00'"
  },
  {
    "M_GROUP": "DL",
    "M_NAME": "Loans & Advances (Asset)",
    "TRANS_TO": "B",
    "TALLYHEAD": "Loans & Advances (Asset)",
    "_NullFlags": "b'\\x00'"
  },
  {
    "M_GROUP": "DT",
    "M_NAME": "Sundry Debtors",
    "TRANS_TO": "B",
    "TALLYHEAD": "Sundry Debtors",
    "_NullFlags": "b'\\x00'"
  },
  {
    "M_GROUP": "EE",
    "M_NAME": "Indirect Expenses",
    "TRANS_TO": "B",
    "TALLYHEAD": "Indirect Expenses",
    "_NullFlags": "b'\\x00'"
  },
  {
    "M_GROUP": "ED",
    "M_NAME": "Direct Expenses",
    "TRANS_TO": "B",
    "TALLYHEAD": "Direct Expenses",
    "_NullFlags": "b'\\x00'"
  },
  {
    "M_GROUP": "GG",
    "M_NAME": "Goods Account",
    "TRANS_TO": "B",
    "TALLYHEAD": "Goods Account",
    "_NullFlags": "b'\\x00'"
  },
  {
    "M_GROUP": "SC",
    "M_NAME": "Deposits (Asset)",
    "TRANS_TO": "B",
    "TALLYHEAD": "Deposits (Asset)",
    "_NullFlags": "b'\\x00'"
  },
  {
    "M_GROUP": "SD",
    "M_NAME": "Current Liabilities",
    "TRANS_TO": "B",
    "TALLYHEAD": "Current Liabilities",
    "_NullFlags": "b'\\x00'"
  },
  {
    "M_GROUP": "FA",
    "M_NAME": "Fixed Assets",
    "TRANS_TO": "B",
    "TALLYHEAD": "Fixed Assets",
    "_NullFlags": "b'\\x00'"
  },
  {
    "M_GROUP": "FC",
    "M_NAME": "Current Assets",
    "TRANS_TO": "B",
    "TALLYHEAD": "Current Assets",
    "_NullFlags": "b'\\x00'"
  },
  {
    "M_GROUP": "II",
    "M_NAME": "Current Assets",
    "TRANS_TO": "B",
    "TALLYHEAD": "Current Assets",
    "_NullFlags": "b'\\x00'"
  },
  {
    "M_GROUP": "JJ",
    "M_NAME": "Provisions",
    "TRANS_TO": "B",
    "TALLYHEAD": "Provisions",
    "_NullFlags": "b'\\x00'"
  },
  {
    "M_GROUP": "DI",
    "M_NAME": "Direct Income",
    "TRANS_TO": "B",
    "TALLYHEAD": "Direct Income",
    "_NullFlags": "b'\\x00'"
  },
  {
    "M_GROUP": "GX",
    "M_NAME": "Sales Accounts",
    "TRANS_TO": "B",
    "TALLYHEAD": "Sales Accounts",
    "_NullFlags": "b'\\x00'"
  },
  {
    "M_GROUP": "GY",
    "M_NAME": "Purchase Accounts",
    "TRANS_TO": "B",
    "TALLYHEAD": "Purchase Accounts",
    "_NullFlags": "b'\\x00'"
  },
  {
    "M_GROUP": "X1",
    "M_NAME": "Duties & Taxes",
    "TRANS_TO": "B",
    "TALLYHEAD": "Duties & Taxes",
    "_NullFlags": "b'\\x00'"
  },
  {
    "M_GROUP": "X2",
    "M_NAME": "Duties & Taxes",
    "TRANS_TO": "B",
    "TALLYHEAD": "Duties & Taxes",
    "_NullFlags": "b'\\x00'"
  },
  {
    "M_GROUP": "X3",
    "M_NAME": "Duties & Taxes",
    "TRANS_TO": "B",
    "TALLYHEAD": "Duties & Taxes",
    "_NullFlags": "b'\\x00'"
  },
  {
    "M_GROUP": "X4",
    "M_NAME": "Duties & Taxes",
    "TRANS_TO": "B",
    "TALLYHEAD": "Duties & Taxes",
    "_NullFlags": "b'\\x00'"
  },
  {
    "M_GROUP": "Y1",
    "M_NAME": "Duties & Taxes",
    "TRANS_TO": "B",
    "TALLYHEAD": "Duties & Taxes",
    "_NullFlags": "b'\\x00'"
  },
  {
    "M_GROUP": "Y2",
    "M_NAME": "Duties & Taxes",
    "TRANS_TO": "B",
    "TALLYHEAD": "Duties & Taxes",
    "_NullFlags": "b'\\x00'"
  },
  {
    "M_GROUP": "Y3",
    "M_NAME": "Duties & Taxes",
    "TRANS_TO": "B",
    "TALLYHEAD": "Duties & Taxes",
    "_NullFlags": "b'\\x00'"
  },
  {
    "M_GROUP": "Y4",
    "M_NAME": "Duties & Taxes",
    "TRANS_TO": "B",
    "TALLYHEAD": "Duties & Taxes",
    "_NullFlags": "b'\\x00'"
  },
  {
    "M_GROUP": "BS",
    "M_NAME": "TRANSFERRED TO B/SHEET",
    "TRANS_TO": "B",
    "TALLYHEAD": "TRANSFERRED TO B/SHEET",
    "_NullFlags": "b'\\x00'"
  }
]