[
  {
    "SRNO": 1,
    "FORM_NAME": "ACCOUNTS",
    "MENU_SRNO": 1,
    "DESCRIP": "01.MASTER- ACCOUNT",
    "M_ADD": null,
    "M_EDIT": null,
    "M_DELETE": null,
    "M_VIEW": null,
    "M_REPORT": null,
    "M_APPROVE": null,
    "USER_ID": null,
    "_NullFlags": "b'\\x00\\x00'"
  },
  {
    "SRNO": 2,
    "FORM_NAME": "ADD_BANK",
    "MENU_SRNO": 2,
    "DESCRIP": "01.MASTER- BANKS",
    "M_ADD": null,
    "M_EDIT": null,
    "M_DELETE": null,
    "M_VIEW": null,
    "M_REPORT": null,
    "M_APPROVE": null,
    "USER_ID": null,
    "_NullFlags": "b'\\x00\\x00'"
  },
  {
    "SRNO": 3,
    "FORM_NAME": "COMPANY",
    "MENU_SRNO": 3,
    "DESCRIP": "01.MASTER- COMPANY",
    "M_ADD": null,
    "M_EDIT": null,
    "M_DELETE": null,
    "M_VIEW": null,
    "M_REPORT": null,
    "M_APPROVE": null,
    "USER_ID": null,
    "_NullFlags": "b'\\x00\\x00'"
  },
  {
    "SRNO": 4,
    "FORM_NAME": "CUST_CAT",
    "MENU_SRNO": 4,
    "DESCRIP": "01.MASTER- CUSTOMER CATEGORY",
    "M_ADD": null,
    "M_EDIT": null,
    "M_DELETE": null,
    "M_VIEW": null,
    "M_REPORT": null,
    "M_APPROVE": null,
    "USER_ID": null,
    "_NullFlags": "b'\\x00\\x00'"
  },
  {
    "SRNO": 5,
    "FORM_NAME": "NEWITEM",
    "MENU_SRNO": 5,
    "DESCRIP": "01.MASTER- ITEM / PRODUCT",
    "M_ADD": null,
    "M_EDIT": null,
    "M_DELETE": null,
    "M_VIEW": null,
    "M_REPORT": null,
    "M_APPROVE": null,
    "USER_ID": null,
    "_NullFlags": "b'\\x00\\x00'"
  },
  {
    "SRNO": 6,
    "FORM_NAME": "ITEMCAT",
    "MENU_SRNO": 6,
    "DESCRIP": "01.MASTER- ITEM CATEGORY WISE",
    "M_ADD": null,
    "M_EDIT": null,
    "M_DELETE": null,
    "M_VIEW": null,
    "M_REPORT": null,
    "M_APPROVE": null,
    "USER_ID": null,
    "_NullFlags": "b'\\x00\\x00'"
  },
  {
    "SRNO": 7,
    "FORM_NAME": "MAKE",
    "MENU_SRNO": 7,
    "DESCRIP": "01.MASTER- MAKE OF PRODUCT",
    "M_ADD": null,
    "M_EDIT": null,
    "M_DELETE": null,
    "M_VIEW": null,
    "M_REPORT": null,
    "M_APPROVE": null,
    "USER_ID": null,
    "_NullFlags": "b'\\x00\\x00'"
  },
  {
    "SRNO": 8,
    "FORM_NAME": "MODEL",
    "MENU_SRNO": 8,
    "DESCRIP": "01.MASTER- MODEL OF PRODUCT",
    "M_ADD": null,
    "M_EDIT": null,
    "M_DELETE": null,
    "M_VIEW": null,
    "M_REPORT": null,
    "M_APPROVE": null,
    "USER_ID": null,
    "_NullFlags": "b'\\x00\\x00'"
  },
  {
    "SRNO": 9,
    "FORM_NAME": "SCHINV",
    "MENU_SRNO": 9,
    "DESCRIP": "01.MASTER- SCHEME MASTER",
    "M_ADD": null,
    "M_EDIT": null,
    "M_DELETE": null,
    "M_VIEW": null,
    "M_REPORT": null,
    "M_APPROVE": null,
    "USER_ID": null,
    "_NullFlags": "b'\\x00\\x00'"
  },
  {
    "SRNO": 10,
    "FORM_NAME": "ADD_STATE",
    "MENU_SRNO": 10,
    "DESCRIP": "01.MASTER- STATE",
    "M_ADD": null,
    "M_EDIT": null,
    "M_DELETE": null,
    "M_VIEW": null,
    "M_REPORT": null,
    "M_APPROVE": null,
    "USER_ID": null,
    "_NullFlags": "b'\\x00\\x00'"
  },
  {
    "SRNO": 11,
    "FORM_NAME": "SUBGROUP",
    "MENU_SRNO": 11,
    "DESCRIP": "01.MASTER- SUB GROUP",
    "M_ADD": null,
    "M_EDIT": null,
    "M_DELETE": null,
    "M_VIEW": null,
    "M_REPORT": null,
    "M_APPROVE": null,
    "USER_ID": null,
    "_NullFlags": "b'\\x00\\x00'"
  },
  {
    "SRNO": 12,
    "FORM_NAME": "TAXCHG",
    "MENU_SRNO": 12,
    "DESCRIP": "01.MASTER- TAX CHANGE MASTER",
    "M_ADD": null,
    "M_EDIT": null,
    "M_DELETE": null,
    "M_VIEW": null,
    "M_REPORT": null,
    "M_APPROVE": null,
    "USER_ID": null,
    "_NullFlags": "b'\\x00\\x00'"
  },
  {
    "SRNO": 13,
    "FORM_NAME": "USER",
    "MENU_SRNO": 13,
    "DESCRIP": "01.MASTER- USER MASTER",
    "M_ADD": null,
    "M_EDIT": null,
    "M_DELETE": null,
    "M_VIEW": null,
    "M_REPORT": null,
    "M_APPROVE": null,
    "USER_ID": null,
    "_NullFlags": "b'\\x00\\x00'"
  },
  {
    "SRNO": 14,
    "FORM_NAME": "NEWITEMAUTO",
    "MENU_SRNO": 14,
    "DESCRIP": "01.MASTER-ADD ITEMS WITH MAKE/",
    "M_ADD": null,
    "M_EDIT": null,
    "M_DELETE": null,
    "M_VIEW": null,
    "M_REPORT": null,
    "M_APPROVE": null,
    "USER_ID": null,
    "_NullFlags": "b'\\x00\\x00'"
  },
  {
    "SRNO": 15,
    "FORM_NAME": "ADD_GODOWN",
    "MENU_SRNO": 15,
    "DESCRIP": "01.MASTER-GODOWN MASTER",
    "M_ADD": null,
    "M_EDIT": null,
    "M_DELETE": null,
    "M_VIEW": null,
    "M_REPORT": null,
    "M_APPROVE": null,
    "USER_ID": null,
    "_NullFlags": "b'\\x00\\x00'"
  },
  {
    "SRNO": 16,
    "FORM_NAME": "ALLOTSMAN",
    "MENU_SRNO": 16,
    "DESCRIP": "02.MRO- ALLOT S/MAN TO PARTY",
    "M_ADD": null,
    "M_EDIT": null,
    "M_DELETE": null,
    "M_VIEW": null,
    "M_REPORT": null,
    "M_APPROVE": null,
    "USER_ID": null,
    "_NullFlags": "b'\\x00\\x00'"
  },
  {
    "SRNO": 17,
    "FORM_NAME": "LINKHSN",
    "MENU_SRNO": 17,
    "DESCRIP": "02.MRO- LINK HSN CODE & UNIT",
    "M_ADD": null,
    "M_EDIT": null,
    "M_DELETE": null,
    "M_VIEW": null,
    "M_REPORT": null,
    "M_APPROVE": null,
    "USER_ID": null,
    "_NullFlags": "b'\\x00\\x00'"
  },
  {
    "SRNO": 18,
    "FORM_NAME": "QUICKCL",
    "MENU_SRNO": 18,
    "DESCRIP": "02.MRO- SET CREDIT LIMIT",
    "M_ADD": null,
    "M_EDIT": null,
    "M_DELETE": null,
    "M_VIEW": null,
    "M_REPORT": null,
    "M_APPROVE": null,
    "USER_ID": null,
    "_NullFlags": "b'\\x00\\x00'"
  },
  {
    "SRNO": 19,
    "FORM_NAME": "ITEMMAP",
    "MENU_SRNO": 19,
    "DESCRIP": "02.MRO-COMPANY ITEM MAPPING",
    "M_ADD": null,
    "M_EDIT": null,
    "M_DELETE": null,
    "M_VIEW": null,
    "M_REPORT": null,
    "M_APPROVE": null,
    "USER_ID": null,
    "_NullFlags": "b'\\x00\\x00'"
  },
  {
    "SRNO": 20,
    "FORM_NAME": "USERAUTH",
    "MENU_SRNO": 20,
    "DESCRIP": "02.MRO-DEFINE RIGHTS TO USER",
    "M_ADD": null,
    "M_EDIT": null,
    "M_DELETE": null,
    "M_VIEW": null,
    "M_REPORT": null,
    "M_APPROVE": null,
    "USER_ID": null,
    "_NullFlags": "b'\\x00\\x00'"
  },
  {
    "SRNO": 21,
    "FORM_NAME": "ADDRATE",
    "MENU_SRNO": 21,
    "DESCRIP": "02.MRO-ITEM ADDITIONAL RATE",
    "M_ADD": null,
    "M_EDIT": null,
    "M_DELETE": null,
    "M_VIEW": null,
    "M_REPORT": null,
    "M_APPROVE": null,
    "USER_ID": null,
    "_NullFlags": "b'\\x00\\x00'"
  },
  {
    "SRNO": 22,
    "FORM_NAME": "ADDITSET",
    "MENU_SRNO": 22,
    "DESCRIP": "02.MRO-ITEM ADVANCE SETTING",
    "M_ADD": null,
    "M_EDIT": null,
    "M_DELETE": null,
    "M_VIEW": null,
    "M_REPORT": null,
    "M_APPROVE": null,
    "USER_ID": null,
    "_NullFlags": "b'\\x00\\x00'"
  },
  {
    "SRNO": 23,
    "FORM_NAME": "MARK_AUNIT",
    "MENU_SRNO": 23,
    "DESCRIP": "02.MRO-MARK ACTIVE UNIT",
    "M_ADD": null,
    "M_EDIT": null,
    "M_DELETE": null,
    "M_VIEW": null,
    "M_REPORT": null,
    "M_APPROVE": null,
    "USER_ID": null,
    "_NullFlags": "b'\\x00\\x00'"
  },
  {
    "SRNO": 24,
    "FORM_NAME": "PARTYMAP",
    "MENU_SRNO": 24,
    "DESCRIP": "02.MRO-PARTY COMPANY MAPPING",
    "M_ADD": null,
    "M_EDIT": null,
    "M_DELETE": null,
    "M_VIEW": null,
    "M_REPORT": null,
    "M_APPROVE": null,
    "USER_ID": null,
    "_NullFlags": "b'\\x00\\x00'"
  },
  {
    "SRNO": 25,
    "FORM_NAME": "QUICKGST",
    "MENU_SRNO": 25,
    "DESCRIP": "02.MRO-QUICK CHANGES",
    "M_ADD": null,
    "M_EDIT": null,
    "M_DELETE": null,
    "M_VIEW": null,
    "M_REPORT": null,
    "M_APPROVE": null,
    "USER_ID": null,
    "_NullFlags": "b'\\x00\\x00'"
  },
  {
    "SRNO": 26,
    "FORM_NAME": "QUICKAC",
    "MENU_SRNO": 26,
    "DESCRIP": "02.MRO-QUICK UPDATE ACCOUNTS",
    "M_ADD": null,
    "M_EDIT": null,
    "M_DELETE": null,
    "M_VIEW": null,
    "M_REPORT": null,
    "M_APPROVE": null,
    "USER_ID": null,
    "_NullFlags": "b'\\x00\\x00'"
  },
  {
    "SRNO": 27,
    "FORM_NAME": "ADDSERIES",
    "MENU_SRNO": 27,
    "DESCRIP": "02.MRO-SERIES AND ALIAS MASTER",
    "M_ADD": null,
    "M_EDIT": null,
    "M_DELETE": null,
    "M_VIEW": null,
    "M_REPORT": null,
    "M_APPROVE": null,
    "USER_ID": null,
    "_NullFlags": "b'\\x00\\x00'"
  },
  {
    "SRNO": 28,
    "FORM_NAME": "BEATRATE",
    "MENU_SRNO": 28,
    "DESCRIP": "02.MRO-SET BEAT WISE RATE",
    "M_ADD": null,
    "M_EDIT": null,
    "M_DELETE": null,
    "M_VIEW": null,
    "M_REPORT": null,
    "M_APPROVE": null,
    "USER_ID": null,
    "_NullFlags": "b'\\x00\\x00'"
  },
  {
    "SRNO": 29,
    "FORM_NAME": "SHOWSCHEME",
    "MENU_SRNO": 29,
    "DESCRIP": "02.MRO-SHOW CURRENT SCHEME",
    "M_ADD": null,
    "M_EDIT": null,
    "M_DELETE": null,
    "M_VIEW": null,
    "M_REPORT": null,
    "M_APPROVE": null,
    "USER_ID": null,
    "_NullFlags": "b'\\x00\\x00'"
  },
  {
    "SRNO": 30,
    "FORM_NAME": "QUICKRL",
    "MENU_SRNO": 30,
    "DESCRIP": "02.MRO-UPDATE BARCODE/REG.LANG",
    "M_ADD": null,
    "M_EDIT": null,
    "M_DELETE": null,
    "M_VIEW": null,
    "M_REPORT": null,
    "M_APPROVE": null,
    "USER_ID": null,
    "_NullFlags": "b'\\x00\\x00'"
  },
  {
    "SRNO": 31,
    "FORM_NAME": "OPBAL1",
    "MENU_SRNO": 31,
    "DESCRIP": "03.TRN-ACCOUNT OPENING BALANCE",
    "M_ADD": null,
    "M_EDIT": null,
    "M_DELETE": null,
    "M_VIEW": null,
    "M_REPORT": null,
    "M_APPROVE": null,
    "USER_ID": null,
    "_NullFlags": "b'\\x00\\x00'"
  },
  {
    "SRNO": 32,
    "FORM_NAME": "BANKPAY",
    "MENU_SRNO": 32,
    "DESCRIP": "03.TRN-BANK PAYMENT",
    "M_ADD": null,
    "M_EDIT": null,
    "M_DELETE": null,
    "M_VIEW": null,
    "M_REPORT": null,
    "M_APPROVE": null,
    "USER_ID": null,
    "_NullFlags": "b'\\x00\\x00'"
  },
  {
    "SRNO": 33,
    "FORM_NAME": "BANKRECP",
    "MENU_SRNO": 33,
    "DESCRIP": "03.TRN-BANK RECEIPT",
    "M_ADD": null,
    "M_EDIT": null,
    "M_DELETE": null,
    "M_VIEW": null,
    "M_REPORT": null,
    "M_APPROVE": null,
    "USER_ID": null,
    "_NullFlags": "b'\\x00\\x00'"
  },
  {
    "SRNO": 34,
    "FORM_NAME": "BANKRECON",
    "MENU_SRNO": 34,
    "DESCRIP": "03.TRN-BANK RECONCILLATION\t\t",
    "M_ADD": null,
    "M_EDIT": null,
    "M_DELETE": null,
    "M_VIEW": null,
    "M_REPORT": null,
    "M_APPROVE": null,
    "USER_ID": null,
    "_NullFlags": "b'\\x00\\x00'"
  },
  {
    "SRNO": 35,
    "FORM_NAME": "BILLTRACK",
    "MENU_SRNO": 35,
    "DESCRIP": "03.TRN-BILL TRACKING\t\t\t",
    "M_ADD": null,
    "M_EDIT": null,
    "M_DELETE": null,
    "M_VIEW": null,
    "M_REPORT": null,
    "M_APPROVE": null,
    "USER_ID": null,
    "_NullFlags": "b'\\x00\\x00'"
  },
  {
    "SRNO": 36,
    "FORM_NAME": "CASHP",
    "MENU_SRNO": 36,
    "DESCRIP": "03.TRN-CASH PAYMENT",
    "M_ADD": null,
    "M_EDIT": null,
    "M_DELETE": null,
    "M_VIEW": null,
    "M_REPORT": null,
    "M_APPROVE": null,
    "USER_ID": null,
    "_NullFlags": "b'\\x00\\x00'"
  },
  {
    "SRNO": 37,
    "FORM_NAME": "CASHR",
    "MENU_SRNO": 37,
    "DESCRIP": "03.TRN-CASH RECEIPTS",
    "M_ADD": null,
    "M_EDIT": null,
    "M_DELETE": null,
    "M_VIEW": null,
    "M_REPORT": null,
    "M_APPROVE": null,
    "USER_ID": null,
    "_NullFlags": "b'\\x00\\x00'"
  },
  {
    "SRNO": 38,
    "FORM_NAME": "JOURENT",
    "MENU_SRNO": 38,
    "DESCRIP": "03.TRN-JOURNAL ENTRY\t\t\t",
    "M_ADD": null,
    "M_EDIT": null,
    "M_DELETE": null,
    "M_VIEW": null,
    "M_REPORT": null,
    "M_APPROVE": null,
    "USER_ID": null,
    "_NullFlags": "b'\\x00\\x00'"
  },
  {
    "SRNO": 39,
    "FORM_NAME": "PURENT",
    "MENU_SRNO": 39,
    "DESCRIP": "03.TRN-PURCHASE ENTRY (DIRECT)",
    "M_ADD": null,
    "M_EDIT": null,
    "M_DELETE": null,
    "M_VIEW": null,
    "M_REPORT": null,
    "M_APPROVE": null,
    "USER_ID": null,
    "_NullFlags": "b'\\x00\\x00'"
  },
  {
    "SRNO": 40,
    "FORM_NAME": "SALEENT",
    "MENU_SRNO": 40,
    "DESCRIP": "03.TRN-SALE ENTRY (DIRECT)\t\t",
    "M_ADD": null,
    "M_EDIT": null,
    "M_DELETE": null,
    "M_VIEW": null,
    "M_REPORT": null,
    "M_APPROVE": null,
    "USER_ID": null,
    "_NullFlags": "b'\\x00\\x00'"
  },
  {
    "SRNO": 41,
    "FORM_NAME": "TXENT",
    "MENU_SRNO": 41,
    "DESCRIP": "03.TRN-TAX PAYMENT ENTRY",
    "M_ADD": null,
    "M_EDIT": null,
    "M_DELETE": null,
    "M_VIEW": null,
    "M_REPORT": null,
    "M_APPROVE": null,
    "USER_ID": null,
    "_NullFlags": "b'\\x00\\x00'"
  },
  {
    "SRNO": 42,
    "FORM_NAME": "LEDGER",
    "MENU_SRNO": 42,
    "DESCRIP": "04.ACR-A/C COPY\t\t\t\t\t",
    "M_ADD": null,
    "M_EDIT": null,
    "M_DELETE": null,
    "M_VIEW": null,
    "M_REPORT": null,
    "M_APPROVE": null,
    "USER_ID": null,
    "_NullFlags": "b'\\x00\\x00'"
  },
  {
    "SRNO": 43,
    "FORM_NAME": "AGEDB",
    "MENU_SRNO": 43,
    "DESCRIP": "04.ACR-AGEING REPORT OF DEBTOR",
    "M_ADD": null,
    "M_EDIT": null,
    "M_DELETE": null,
    "M_VIEW": null,
    "M_REPORT": null,
    "M_APPROVE": null,
    "USER_ID": null,
    "_NullFlags": "b'\\x00\\x00'"
  },
  {
    "SRNO": 44,
    "FORM_NAME": "BLSHEET",
    "MENU_SRNO": 44,
    "DESCRIP": "04.ACR-BALANCE SHEET",
    "M_ADD": null,
    "M_EDIT": null,
    "M_DELETE": null,
    "M_VIEW": null,
    "M_REPORT": null,
    "M_APPROVE": null,
    "USER_ID": null,
    "_NullFlags": "b'\\x00\\x00'"
  },
  {
    "SRNO": 45,
    "FORM_NAME": "SCHEDULE",
    "MENU_SRNO": 45,
    "DESCRIP": "04.ACR-BALANCE SHEET SCHEDULES",
    "M_ADD": null,
    "M_EDIT": null,
    "M_DELETE": null,
    "M_VIEW": null,
    "M_REPORT": null,
    "M_APPROVE": null,
    "USER_ID": null,
    "_NullFlags": "b'\\x00\\x00'"
  },
  {
    "SRNO": 46,
    "FORM_NAME": "SLIPBEG",
    "MENU_SRNO": 46,
    "DESCRIP": "04.ACR-BALANCE SLIP BIGGERS",
    "M_ADD": null,
    "M_EDIT": null,
    "M_DELETE": null,
    "M_VIEW": null,
    "M_REPORT": null,
    "M_APPROVE": null,
    "USER_ID": null,
    "_NullFlags": "b'\\x00\\x00'"
  },
  {
    "SRNO": 47,
    "FORM_NAME": "DBSLIP",
    "MENU_SRNO": 47,
    "DESCRIP": "04.ACR-BALANCE SLIP OF DEBTORS",
    "M_ADD": null,
    "M_EDIT": null,
    "M_DELETE": null,
    "M_VIEW": null,
    "M_REPORT": null,
    "M_APPROVE": null,
    "USER_ID": null,
    "_NullFlags": "b'\\x00\\x00'"
  },
  {
    "SRNO": 48,
    "FORM_NAME": "PRNBNKSLP",
    "MENU_SRNO": 48,
    "DESCRIP": "04.ACR-BANK DEPOSIT SLIP",
    "M_ADD": null,
    "M_EDIT": null,
    "M_DELETE": null,
    "M_VIEW": null,
    "M_REPORT": null,
    "M_APPROVE": null,
    "USER_ID": null,
    "_NullFlags": "b'\\x00\\x00'"
  },
  {
    "SRNO": 49,
    "FORM_NAME": "BOOKREG",
    "MENU_SRNO": 49,
    "DESCRIP": "04.ACR-BOOK REGISTER\t\t\t",
    "M_ADD": null,
    "M_EDIT": null,
    "M_DELETE": null,
    "M_VIEW": null,
    "M_REPORT": null,
    "M_APPROVE": null,
    "USER_ID": null,
    "_NullFlags": "b'\\x00\\x00'"
  },
  {
    "SRNO": 50,
    "FORM_NAME": "AGEDB_CREDITOR",
    "MENU_SRNO": 50,
    "DESCRIP": "04.ACR-CREDITOR AGEING FOR BAN",
    "M_ADD": null,
    "M_EDIT": null,
    "M_DELETE": null,
    "M_VIEW": null,
    "M_REPORT": null,
    "M_APPROVE": null,
    "USER_ID": null,
    "_NullFlags": "b'\\x00\\x00'"
  },
  {
    "SRNO": 51,
    "FORM_NAME": "CRNGSTREG",
    "MENU_SRNO": 51,
    "DESCRIP": "04.ACR-CRN REGISTER",
    "M_ADD": null,
    "M_EDIT": null,
    "M_DELETE": null,
    "M_VIEW": null,
    "M_REPORT": null,
    "M_APPROVE": null,
    "USER_ID": null,
    "_NullFlags": "b'\\x00\\x00'"
  },
  {
    "SRNO": 52,
    "FORM_NAME": "CRNGSTSUM",
    "MENU_SRNO": 52,
    "DESCRIP": "04.ACR-CRN SUMMARY",
    "M_ADD": null,
    "M_EDIT": null,
    "M_DELETE": null,
    "M_VIEW": null,
    "M_REPORT": null,
    "M_APPROVE": null,
    "USER_ID": null,
    "_NullFlags": "b'\\x00\\x00'"
  },
  {
    "SRNO": 53,
    "FORM_NAME": "GSTDATE",
    "MENU_SRNO": 53,
    "DESCRIP": "04.ACR-DATE WISE GST REPORT",
    "M_ADD": null,
    "M_EDIT": null,
    "M_DELETE": null,
    "M_VIEW": null,
    "M_REPORT": null,
    "M_APPROVE": null,
    "USER_ID": null,
    "_NullFlags": "b'\\x00\\x00'"
  },
  {
    "SRNO": 54,
    "FORM_NAME": "DAYBOOK3",
    "MENU_SRNO": 54,
    "DESCRIP": "04.ACR-DAY BOOK 3 COLUMN",
    "M_ADD": null,
    "M_EDIT": null,
    "M_DELETE": null,
    "M_VIEW": null,
    "M_REPORT": null,
    "M_APPROVE": null,
    "USER_ID": null,
    "_NullFlags": "b'\\x00\\x00'"
  },
  {
    "SRNO": 55,
    "FORM_NAME": "AGEDB_DEBTOR",
    "MENU_SRNO": 55,
    "DESCRIP": "04.ACR-DEBTOR AGEING FOR BANKS",
    "M_ADD": null,
    "M_EDIT": null,
    "M_DELETE": null,
    "M_VIEW": null,
    "M_REPORT": null,
    "M_APPROVE": null,
    "USER_ID": null,
    "_NullFlags": "b'\\x00\\x00'"
  },
  {
    "SRNO": 56,
    "FORM_NAME": "DRNGSTREG",
    "MENU_SRNO": 56,
    "DESCRIP": "04.ACR-DRN REGISTER",
    "M_ADD": null,
    "M_EDIT": null,
    "M_DELETE": null,
    "M_VIEW": null,
    "M_REPORT": null,
    "M_APPROVE": null,
    "USER_ID": null,
    "_NullFlags": "b'\\x00\\x00'"
  },
  {
    "SRNO": 57,
    "FORM_NAME": "DRNGSTSUM",
    "MENU_SRNO": 57,
    "DESCRIP": "04.ACR-DRN SUMMARY",
    "M_ADD": null,
    "M_EDIT": null,
    "M_DELETE": null,
    "M_VIEW": null,
    "M_REPORT": null,
    "M_APPROVE": null,
    "USER_ID": null,
    "_NullFlags": "b'\\x00\\x00'"
  },
  {
    "SRNO": 58,
    "FORM_NAME": "ASSETS",
    "MENU_SRNO": 58,
    "DESCRIP": "04.ACR-GENERATE DEPRECIATION C",
    "M_ADD": null,
    "M_EDIT": null,
    "M_DELETE": null,
    "M_VIEW": null,
    "M_REPORT": null,
    "M_APPROVE": null,
    "USER_ID": null,
    "_NullFlags": "b'\\x00\\x00'"
  },
  {
    "SRNO": 59,
    "FORM_NAME": "GSTERROR",
    "MENU_SRNO": 59,
    "DESCRIP": "04.ACR-GST RETURN ERRORS",
    "M_ADD": null,
    "M_EDIT": null,
    "M_DELETE": null,
    "M_VIEW": null,
    "M_REPORT": null,
    "M_APPROVE": null,
    "USER_ID": null,
    "_NullFlags": "b'\\x00\\x00'"
  },
  {
    "SRNO": 60,
    "FORM_NAME": "GST9",
    "MENU_SRNO": 60,
    "DESCRIP": "04.ACR-GSTR-1",
    "M_ADD": null,
    "M_EDIT": null,
    "M_DELETE": null,
    "M_VIEW": null,
    "M_REPORT": null,
    "M_APPROVE": null,
    "USER_ID": null,
    "_NullFlags": "b'\\x00\\x00'"
  },
  {
    "SRNO": 61,
    "FORM_NAME": "GST8",
    "MENU_SRNO": 61,
    "DESCRIP": "04.ACR-GSTR-3B",
    "M_ADD": null,
    "M_EDIT": null,
    "M_DELETE": null,
    "M_VIEW": null,
    "M_REPORT": null,
    "M_APPROVE": null,
    "USER_ID": null,
    "_NullFlags": "b'\\x00\\x00'"
  },
  {
    "SRNO": 62,
    "FORM_NAME": "OTHGST1",
    "MENU_SRNO": 62,
    "DESCRIP": "04.ACR-HSN WISE PURCHASE",
    "M_ADD": null,
    "M_EDIT": null,
    "M_DELETE": null,
    "M_VIEW": null,
    "M_REPORT": null,
    "M_APPROVE": null,
    "USER_ID": null,
    "_NullFlags": "b'\\x00\\x00'"
  },
  {
    "SRNO": 63,
    "FORM_NAME": "INTCALC",
    "MENU_SRNO": 63,
    "DESCRIP": "04.ACR-INTEREST CALCULATION CH",
    "M_ADD": null,
    "M_EDIT": null,
    "M_DELETE": null,
    "M_VIEW": null,
    "M_REPORT": null,
    "M_APPROVE": null,
    "USER_ID": null,
    "_NullFlags": "b'\\x00\\x00'"
  },
  {
    "SRNO": 64,
    "FORM_NAME": "SUBGRBAL",
    "MENU_SRNO": 64,
    "DESCRIP": "04.ACR-LIST OF BALANCES\t\t\t",
    "M_ADD": null,
    "M_EDIT": null,
    "M_DELETE": null,
    "M_VIEW": null,
    "M_REPORT": null,
    "M_APPROVE": null,
    "USER_ID": null,
    "_NullFlags": "b'\\x00\\x00'"
  },
  {
    "SRNO": 65,
    "FORM_NAME": "MULTIBAL",
    "MENU_SRNO": 65,
    "DESCRIP": "04.ACR-MULITPLE FIRM BALANCE",
    "M_ADD": null,
    "M_EDIT": null,
    "M_DELETE": null,
    "M_VIEW": null,
    "M_REPORT": null,
    "M_APPROVE": null,
    "USER_ID": null,
    "_NullFlags": "b'\\x00\\x00'"
  },
  {
    "SRNO": 66,
    "FORM_NAME": "OBCB",
    "MENU_SRNO": 66,
    "DESCRIP": "04.ACR-PERIODIC OBS & CBS",
    "M_ADD": null,
    "M_EDIT": null,
    "M_DELETE": null,
    "M_VIEW": null,
    "M_REPORT": null,
    "M_APPROVE": null,
    "USER_ID": null,
    "_NullFlags": "b'\\x00\\x00'"
  },
  {
    "SRNO": 67,
    "FORM_NAME": "PRNVCH",
    "MENU_SRNO": 67,
    "DESCRIP": "04.ACR-PRINT A/C VOUCHER",
    "M_ADD": null,
    "M_EDIT": null,
    "M_DELETE": null,
    "M_VIEW": null,
    "M_REPORT": null,
    "M_APPROVE": null,
    "USER_ID": null,
    "_NullFlags": "b'\\x00\\x00'"
  },
  {
    "SRNO": 68,
    "FORM_NAME": "PRFTLOSS",
    "MENU_SRNO": 68,
    "DESCRIP": "04.ACR-PROFIT AND LOSS A/C",
    "M_ADD": null,
    "M_EDIT": null,
    "M_DELETE": null,
    "M_VIEW": null,
    "M_REPORT": null,
    "M_APPROVE": null,
    "USER_ID": null,
    "_NullFlags": "b'\\x00\\x00'"
  },
  {
    "SRNO": 69,
    "FORM_NAME": "OTHGST3",
    "MENU_SRNO": 69,
    "DESCRIP": "04.ACR-PURCHASE B2B/B2CS\t\t\t",
    "M_ADD": null,
    "M_EDIT": null,
    "M_DELETE": null,
    "M_VIEW": null,
    "M_REPORT": null,
    "M_APPROVE": null,
    "USER_ID": null,
    "_NullFlags": "b'\\x00\\x00'"
  },
  {
    "SRNO": 70,
    "FORM_NAME": "GST4",
    "MENU_SRNO": 70,
    "DESCRIP": "04.ACR-PURCHASE BILL LIST",
    "M_ADD": null,
    "M_EDIT": null,
    "M_DELETE": null,
    "M_VIEW": null,
    "M_REPORT": null,
    "M_APPROVE": null,
    "USER_ID": null,
    "_NullFlags": "b'\\x00\\x00'"
  },
  {
    "SRNO": 71,
    "FORM_NAME": "GST5",
    "MENU_SRNO": 71,
    "DESCRIP": "04.ACR-PURCHASE BILL SUMMARY",
    "M_ADD": null,
    "M_EDIT": null,
    "M_DELETE": null,
    "M_VIEW": null,
    "M_REPORT": null,
    "M_APPROVE": null,
    "USER_ID": null,
    "_NullFlags": "b'\\x00\\x00'"
  },
  {
    "SRNO": 72,
    "FORM_NAME": "GST7",
    "MENU_SRNO": 72,
    "DESCRIP": "04.ACR-PURCHASE REGISTER",
    "M_ADD": null,
    "M_EDIT": null,
    "M_DELETE": null,
    "M_VIEW": null,
    "M_REPORT": null,
    "M_APPROVE": null,
    "USER_ID": null,
    "_NullFlags": "b'\\x00\\x00'"
  },
  {
    "SRNO": 73,
    "FORM_NAME": "SALRECANA",
    "MENU_SRNO": 73,
    "DESCRIP": "04.ACR-SALE /RECOVER ANALYSIS",
    "M_ADD": null,
    "M_EDIT": null,
    "M_DELETE": null,
    "M_VIEW": null,
    "M_REPORT": null,
    "M_APPROVE": null,
    "USER_ID": null,
    "_NullFlags": "b'\\x00\\x00'"
  },
  {
    "SRNO": 74,
    "FORM_NAME": "GST1",
    "MENU_SRNO": 74,
    "DESCRIP": "04.ACR-SALE REGISTER OF PARTY",
    "M_ADD": null,
    "M_EDIT": null,
    "M_DELETE": null,
    "M_VIEW": null,
    "M_REPORT": null,
    "M_APPROVE": null,
    "USER_ID": null,
    "_NullFlags": "b'\\x00\\x00'"
  },
  {
    "SRNO": 75,
    "FORM_NAME": "BILLTOXL",
    "MENU_SRNO": 75,
    "DESCRIP": "04.ACR-SALES BILL TO EXCEL",
    "M_ADD": null,
    "M_EDIT": null,
    "M_DELETE": null,
    "M_VIEW": null,
    "M_REPORT": null,
    "M_APPROVE": null,
    "USER_ID": null,
    "_NullFlags": "b'\\x00\\x00'"
  },
  {
    "SRNO": 76,
    "FORM_NAME": "GST3",
    "MENU_SRNO": 76,
    "DESCRIP": "04.ACR-SALES REGISTER",
    "M_ADD": null,
    "M_EDIT": null,
    "M_DELETE": null,
    "M_VIEW": null,
    "M_REPORT": null,
    "M_APPROVE": null,
    "USER_ID": null,
    "_NullFlags": "b'\\x00\\x00'"
  },
  {
    "SRNO": 77,
    "FORM_NAME": "GST6",
    "MENU_SRNO": 77,
    "DESCRIP": "04.ACR-SALES RETURN",
    "M_ADD": null,
    "M_EDIT": null,
    "M_DELETE": null,
    "M_VIEW": null,
    "M_REPORT": null,
    "M_APPROVE": null,
    "USER_ID": null,
    "_NullFlags": "b'\\x00\\x00'"
  },
  {
    "SRNO": 78,
    "FORM_NAME": "GST2",
    "MENU_SRNO": 78,
    "DESCRIP": "04.ACR-SALES SUMMARY",
    "M_ADD": null,
    "M_EDIT": null,
    "M_DELETE": null,
    "M_VIEW": null,
    "M_REPORT": null,
    "M_APPROVE": null,
    "USER_ID": null,
    "_NullFlags": "b'\\x00\\x00'"
  },
  {
    "SRNO": 79,
    "FORM_NAME": "SCHEDULE",
    "MENU_SRNO": 79,
    "DESCRIP": "04.ACR-SCHEDULE",
    "M_ADD": null,
    "M_EDIT": null,
    "M_DELETE": null,
    "M_VIEW": null,
    "M_REPORT": null,
    "M_APPROVE": null,
    "USER_ID": null,
    "_NullFlags": "b'\\x00\\x00'"
  },
  {
    "SRNO": 80,
    "FORM_NAME": "BALSMS",
    "MENU_SRNO": 80,
    "DESCRIP": "04.ACR-SEND BALANCE SMS TO CUS",
    "M_ADD": null,
    "M_EDIT": null,
    "M_DELETE": null,
    "M_VIEW": null,
    "M_REPORT": null,
    "M_APPROVE": null,
    "USER_ID": null,
    "_NullFlags": "b'\\x00\\x00'"
  },
  {
    "SRNO": 81,
    "FORM_NAME": "OTHGST2",
    "MENU_SRNO": 81,
    "DESCRIP": "04.ACR-STOCK REPORT",
    "M_ADD": null,
    "M_EDIT": null,
    "M_DELETE": null,
    "M_VIEW": null,
    "M_REPORT": null,
    "M_APPROVE": null,
    "USER_ID": null,
    "_NullFlags": "b'\\x00\\x00'"
  },
  {
    "SRNO": 82,
    "FORM_NAME": "TRADEAC1",
    "MENU_SRNO": 82,
    "DESCRIP": "04.ACR-TRADING A/C",
    "M_ADD": null,
    "M_EDIT": null,
    "M_DELETE": null,
    "M_VIEW": null,
    "M_REPORT": null,
    "M_APPROVE": null,
    "USER_ID": null,
    "_NullFlags": "b'\\x00\\x00'"
  },
  {
    "SRNO": 83,
    "FORM_NAME": "TRIAL",
    "MENU_SRNO": 83,
    "DESCRIP": "04.ACR-TRIAL BALANCE",
    "M_ADD": null,
    "M_EDIT": null,
    "M_DELETE": null,
    "M_VIEW": null,
    "M_REPORT": null,
    "M_APPROVE": null,
    "USER_ID": null,
    "_NullFlags": "b'\\x00\\x00'"
  },
  {
    "SRNO": 84,
    "FORM_NAME": "TRIALDETAIL",
    "MENU_SRNO": 84,
    "DESCRIP": "04.ACR-TRIAL BALANCE (DETAIL)",
    "M_ADD": null,
    "M_EDIT": null,
    "M_DELETE": null,
    "M_VIEW": null,
    "M_REPORT": null,
    "M_APPROVE": null,
    "USER_ID": null,
    "_NullFlags": "b'\\x00\\x00'"
  },
  {
    "SRNO": 85,
    "FORM_NAME": "UDHARI",
    "MENU_SRNO": 85,
    "DESCRIP": "04.ACR-UDHARI MORE………..DAYS",
    "M_ADD": null,
    "M_EDIT": null,
    "M_DELETE": null,
    "M_VIEW": null,
    "M_REPORT": null,
    "M_APPROVE": null,
    "USER_ID": null,
    "_NullFlags": "b'\\x00\\x00'"
  },
  {
    "SRNO": 86,
    "FORM_NAME": "USERSUM",
    "MENU_SRNO": 86,
    "DESCRIP": "04.ACR-USER WISE SUMMARY REPOR",
    "M_ADD": null,
    "M_EDIT": null,
    "M_DELETE": null,
    "M_VIEW": null,
    "M_REPORT": null,
    "M_APPROVE": null,
    "USER_ID": null,
    "_NullFlags": "b'\\x00\\x00'"
  },
  {
    "SRNO": 87,
    "FORM_NAME": "MULTILEDGER",
    "MENU_SRNO": 87,
    "DESCRIP": "04.DRN-MULTIPLE FIRM LEDGER",
    "M_ADD": null,
    "M_EDIT": null,
    "M_DELETE": null,
    "M_VIEW": null,
    "M_REPORT": null,
    "M_APPROVE": null,
    "USER_ID": null,
    "_NullFlags": "b'\\x00\\x00'"
  },
  {
    "SRNO": 88,
    "FORM_NAME": "COMPPUR",
    "MENU_SRNO": 88,
    "DESCRIP": "05.PUR-COMPANY WISE PUCHASE RE",
    "M_ADD": null,
    "M_EDIT": null,
    "M_DELETE": null,
    "M_VIEW": null,
    "M_REPORT": null,
    "M_APPROVE": null,
    "USER_ID": null,
    "_NullFlags": "b'\\x00\\x00'"
  },
  {
    "SRNO": 89,
    "FORM_NAME": "ITEMPUR1",
    "MENU_SRNO": 89,
    "DESCRIP": "05.PUR-ITEM WISE PURCHASE REPO",
    "M_ADD": null,
    "M_EDIT": null,
    "M_DELETE": null,
    "M_VIEW": null,
    "M_REPORT": null,
    "M_APPROVE": null,
    "USER_ID": null,
    "_NullFlags": "b'\\x00\\x00'"
  },
  {
    "SRNO": 90,
    "FORM_NAME": "PURCHASE",
    "MENU_SRNO": 90,
    "DESCRIP": "05.PUR-PURCHASE BILL (BASIC RA",
    "M_ADD": null,
    "M_EDIT": null,
    "M_DELETE": null,
    "M_VIEW": null,
    "M_REPORT": null,
    "M_APPROVE": null,
    "USER_ID": null,
    "_NullFlags": "b'\\x00\\x00'"
  },
  {
    "SRNO": 91,
    "FORM_NAME": "PURGRAIN",
    "MENU_SRNO": 91,
    "DESCRIP": "05.PUR-PURCHASE BILL (GRAIN)",
    "M_ADD": null,
    "M_EDIT": null,
    "M_DELETE": null,
    "M_VIEW": null,
    "M_REPORT": null,
    "M_APPROVE": null,
    "USER_ID": null,
    "_NullFlags": "b'\\x00\\x00'"
  },
  {
    "SRNO": 92,
    "FORM_NAME": "PURNET",
    "MENU_SRNO": 92,
    "DESCRIP": "05.PUR-PURCHASE BILL (NET RATE",
    "M_ADD": null,
    "M_EDIT": null,
    "M_DELETE": null,
    "M_VIEW": null,
    "M_REPORT": null,
    "M_APPROVE": null,
    "USER_ID": null,
    "_NullFlags": "b'\\x00\\x00'"
  },
  {
    "SRNO": 93,
    "FORM_NAME": "PURPHARMA",
    "MENU_SRNO": 93,
    "DESCRIP": "05.PUR-PURCHASE BILL (PHARMA)",
    "M_ADD": null,
    "M_EDIT": null,
    "M_DELETE": null,
    "M_VIEW": null,
    "M_REPORT": null,
    "M_APPROVE": null,
    "USER_ID": null,
    "_NullFlags": "b'\\x00\\x00'"
  },
  {
    "SRNO": 94,
    "FORM_NAME": "PURTRAN",
    "MENU_SRNO": 94,
    "DESCRIP": "05.PUR-PURCHASE TRANSFER TO A/",
    "M_ADD": null,
    "M_EDIT": null,
    "M_DELETE": null,
    "M_VIEW": null,
    "M_REPORT": null,
    "M_APPROVE": null,
    "USER_ID": null,
    "_NullFlags": "b'\\x00\\x00'"
  },
  {
    "SRNO": 95,
    "FORM_NAME": "GRPUR",
    "MENU_SRNO": 95,
    "DESCRIP": "05.PUR-TAX WISE PURCHASE REPOR",
    "M_ADD": null,
    "M_EDIT": null,
    "M_DELETE": null,
    "M_VIEW": null,
    "M_REPORT": null,
    "M_APPROVE": null,
    "USER_ID": null,
    "_NullFlags": "b'\\x00\\x00'"
  },
  {
    "SRNO": 96,
    "FORM_NAME": "IGRAIN",
    "MENU_SRNO": 96,
    "DESCRIP": "06.GRAIN-INVOCING",
    "M_ADD": null,
    "M_EDIT": null,
    "M_DELETE": null,
    "M_VIEW": null,
    "M_REPORT": null,
    "M_APPROVE": null,
    "USER_ID": null,
    "_NullFlags": "b'\\x00\\x00'"
  },
  {
    "SRNO": 97,
    "FORM_NAME": "CHGINVDTL",
    "MENU_SRNO": 97,
    "DESCRIP": "06.SALES-CHANGE BILL CASH/CRED",
    "M_ADD": null,
    "M_EDIT": null,
    "M_DELETE": null,
    "M_VIEW": null,
    "M_REPORT": null,
    "M_APPROVE": null,
    "USER_ID": null,
    "_NullFlags": "b'\\x00\\x00'"
  },
  {
    "SRNO": 98,
    "FORM_NAME": "CHGITMDTL",
    "MENU_SRNO": 98,
    "DESCRIP": "06.SALES-CHANGE INVOICE ITEM Q",
    "M_ADD": null,
    "M_EDIT": null,
    "M_DELETE": null,
    "M_VIEW": null,
    "M_REPORT": null,
    "M_APPROVE": null,
    "USER_ID": null,
    "_NullFlags": "b'\\x00\\x00'"
  },
  {
    "SRNO": 99,
    "FORM_NAME": "DSR",
    "MENU_SRNO": 99,
    "DESCRIP": "06.SALES-D.S.R. & STOCK LOADIN",
    "M_ADD": null,
    "M_EDIT": null,
    "M_DELETE": null,
    "M_VIEW": null,
    "M_REPORT": null,
    "M_APPROVE": null,
    "USER_ID": null,
    "_NullFlags": "b'\\x00\\x00'"
  },
  {
    "SRNO": 100,
    "FORM_NAME": "INV01",
    "MENU_SRNO": 100,
    "DESCRIP": "06.SALES-INVOCING",
    "M_ADD": null,
    "M_EDIT": null,
    "M_DELETE": null,
    "M_VIEW": null,
    "M_REPORT": null,
    "M_APPROVE": null,
    "USER_ID": null,
    "_NullFlags": "b'\\x00\\x00'"
  },
  {
    "SRNO": 101,
    "FORM_NAME": "INVCAT",
    "MENU_SRNO": 101,
    "DESCRIP": "06.SALES-INVOCING CUSTOMER CAT",
    "M_ADD": null,
    "M_EDIT": null,
    "M_DELETE": null,
    "M_VIEW": null,
    "M_REPORT": null,
    "M_APPROVE": null,
    "USER_ID": null,
    "_NullFlags": "b'\\x00\\x00'"
  },
  {
    "SRNO": 102,
    "FORM_NAME": "INVCESS",
    "MENU_SRNO": 102,
    "DESCRIP": "06.SALES-INVOCING FOR CESS",
    "M_ADD": null,
    "M_EDIT": null,
    "M_DELETE": null,
    "M_VIEW": null,
    "M_REPORT": null,
    "M_APPROVE": null,
    "USER_ID": null,
    "_NullFlags": "b'\\x00\\x00'"
  },
  {
    "SRNO": 103,
    "FORM_NAME": "INVGR01",
    "MENU_SRNO": 103,
    "DESCRIP": "06.SALES-INVOICE (BARCODE)",
    "M_ADD": null,
    "M_EDIT": null,
    "M_DELETE": null,
    "M_VIEW": null,
    "M_REPORT": null,
    "M_APPROVE": null,
    "USER_ID": null,
    "_NullFlags": "b'\\x00\\x00'"
  },
  {
    "SRNO": 104,
    "FORM_NAME": "INV03",
    "MENU_SRNO": 104,
    "DESCRIP": "06.SALES-INVOICE (COLUMN ADJUS",
    "M_ADD": null,
    "M_EDIT": null,
    "M_DELETE": null,
    "M_VIEW": null,
    "M_REPORT": null,
    "M_APPROVE": null,
    "USER_ID": null,
    "_NullFlags": "b'\\x00\\x00'"
  },
  {
    "SRNO": 105,
    "FORM_NAME": "INVGBASIC",
    "MENU_SRNO": 105,
    "DESCRIP": "06.SALES-INVOICE ON BASIC RATE",
    "M_ADD": null,
    "M_EDIT": null,
    "M_DELETE": null,
    "M_VIEW": null,
    "M_REPORT": null,
    "M_APPROVE": null,
    "USER_ID": null,
    "_NullFlags": "b'\\x00\\x00'"
  },
  {
    "SRNO": 106,
    "FORM_NAME": "INV04",
    "MENU_SRNO": 106,
    "DESCRIP": "06.SALES-INVOICE ON MAKE/MODEL",
    "M_ADD": null,
    "M_EDIT": null,
    "M_DELETE": null,
    "M_VIEW": null,
    "M_REPORT": null,
    "M_APPROVE": null,
    "USER_ID": null,
    "_NullFlags": "b'\\x00\\x00'"
  },
  {
    "SRNO": 107,
    "FORM_NAME": "PINV01",
    "MENU_SRNO": 107,
    "DESCRIP": "06.SALES-PURCHASE RETURN WITH",
    "M_ADD": null,
    "M_EDIT": null,
    "M_DELETE": null,
    "M_VIEW": null,
    "M_REPORT": null,
    "M_APPROVE": null,
    "USER_ID": null,
    "_NullFlags": "b'\\x00\\x00'"
  },
  {
    "SRNO": 108,
    "FORM_NAME": "SINV01",
    "MENU_SRNO": 108,
    "DESCRIP": "06.SALES-SALES RETURN WITH STO",
    "M_ADD": null,
    "M_EDIT": null,
    "M_DELETE": null,
    "M_VIEW": null,
    "M_REPORT": null,
    "M_APPROVE": null,
    "USER_ID": null,
    "_NullFlags": "b'\\x00\\x00'"
  },
  {
    "SRNO": 109,
    "FORM_NAME": "SALETRAN",
    "MENU_SRNO": 109,
    "DESCRIP": "06.SALES-SALES TRANSFER TO A/C",
    "M_ADD": null,
    "M_EDIT": null,
    "M_DELETE": null,
    "M_VIEW": null,
    "M_REPORT": null,
    "M_APPROVE": null,
    "USER_ID": null,
    "_NullFlags": "b'\\x00\\x00'"
  },
  {
    "SRNO": 110,
    "FORM_NAME": "VCBL",
    "MENU_SRNO": 110,
    "DESCRIP": "06.SALES-VAN CLOSING BALANCES",
    "M_ADD": null,
    "M_EDIT": null,
    "M_DELETE": null,
    "M_VIEW": null,
    "M_REPORT": null,
    "M_APPROVE": null,
    "USER_ID": null,
    "_NullFlags": "b'\\x00\\x00'"
  },
  {
    "SRNO": 111,
    "FORM_NAME": "VANLOAD",
    "MENU_SRNO": 111,
    "DESCRIP": "06.SALES-VAN LOADING ENTRY",
    "M_ADD": null,
    "M_EDIT": null,
    "M_DELETE": null,
    "M_VIEW": null,
    "M_REPORT": null,
    "M_APPROVE": null,
    "USER_ID": null,
    "_NullFlags": "b'\\x00\\x00'"
  },
  {
    "SRNO": 112,
    "FORM_NAME": "CRN01",
    "MENU_SRNO": 112,
    "DESCRIP": "07.CRN-CREDIT NOTE",
    "M_ADD": null,
    "M_EDIT": null,
    "M_DELETE": null,
    "M_VIEW": null,
    "M_REPORT": null,
    "M_APPROVE": null,
    "USER_ID": null,
    "_NullFlags": "b'\\x00\\x00'"
  },
  {
    "SRNO": 113,
    "FORM_NAME": "CRNTRAN",
    "MENU_SRNO": 113,
    "DESCRIP": "07.CRN-CREDIT NOTE TRANSFER TO",
    "M_ADD": null,
    "M_EDIT": null,
    "M_DELETE": null,
    "M_VIEW": null,
    "M_REPORT": null,
    "M_APPROVE": null,
    "USER_ID": null,
    "_NullFlags": "b'\\x00\\x00'"
  },
  {
    "SRNO": 114,
    "FORM_NAME": "CRNTRAN",
    "MENU_SRNO": 114,
    "DESCRIP": "07.CRN-CREDIT NOTE TRANSFER TO",
    "M_ADD": null,
    "M_EDIT": null,
    "M_DELETE": null,
    "M_VIEW": null,
    "M_REPORT": null,
    "M_APPROVE": null,
    "USER_ID": null,
    "_NullFlags": "b'\\x00\\x00'"
  },
  {
    "SRNO": 115,
    "FORM_NAME": "CRNTRF",
    "MENU_SRNO": 115,
    "DESCRIP": "07.CRN-Mark Credit Note for Tr",
    "M_ADD": null,
    "M_EDIT": null,
    "M_DELETE": null,
    "M_VIEW": null,
    "M_REPORT": null,
    "M_APPROVE": null,
    "USER_ID": null,
    "_NullFlags": "b'\\x00\\x00'"
  },
  {
    "SRNO": 116,
    "FORM_NAME": "DRNTRF",
    "MENU_SRNO": 116,
    "DESCRIP": "07.DRN-Mark Debit Note for Tra",
    "M_ADD": null,
    "M_EDIT": null,
    "M_DELETE": null,
    "M_VIEW": null,
    "M_REPORT": null,
    "M_APPROVE": null,
    "USER_ID": null,
    "_NullFlags": "b'\\x00\\x00'"
  },
  {
    "SRNO": 117,
    "FORM_NAME": "LINESALE",
    "MENU_SRNO": 117,
    "DESCRIP": "07.SRPT-BILL / LINE SALE",
    "M_ADD": null,
    "M_EDIT": null,
    "M_DELETE": null,
    "M_VIEW": null,
    "M_REPORT": null,
    "M_APPROVE": null,
    "USER_ID": null,
    "_NullFlags": "b'\\x00\\x00'"
  },
  {
    "SRNO": 118,
    "FORM_NAME": "BILLPROFIT",
    "MENU_SRNO": 118,
    "DESCRIP": "07.SRPT-BILL WISE PROFIT",
    "M_ADD": null,
    "M_EDIT": null,
    "M_DELETE": null,
    "M_VIEW": null,
    "M_REPORT": null,
    "M_APPROVE": null,
    "USER_ID": null,
    "_NullFlags": "b'\\x00\\x00'"
  },
  {
    "SRNO": 119,
    "FORM_NAME": "BRANDSALE",
    "MENU_SRNO": 119,
    "DESCRIP": "07.SRPT-BRAND SALE",
    "M_ADD": null,
    "M_EDIT": null,
    "M_DELETE": null,
    "M_VIEW": null,
    "M_REPORT": null,
    "M_APPROVE": null,
    "USER_ID": null,
    "_NullFlags": "b'\\x00\\x00'"
  },
  {
    "SRNO": 120,
    "FORM_NAME": "SALREP",
    "MENU_SRNO": 120,
    "DESCRIP": "07.SRPT-CASH / CREDIT SALE",
    "M_ADD": null,
    "M_EDIT": null,
    "M_DELETE": null,
    "M_VIEW": null,
    "M_REPORT": null,
    "M_APPROVE": null,
    "USER_ID": null,
    "_NullFlags": "b'\\x00\\x00'"
  },
  {
    "SRNO": 121,
    "FORM_NAME": "CASHBUTCR",
    "MENU_SRNO": 121,
    "DESCRIP": "07.SRPT-CASH BUT CREDIT SALE",
    "M_ADD": null,
    "M_EDIT": null,
    "M_DELETE": null,
    "M_VIEW": null,
    "M_REPORT": null,
    "M_APPROVE": null,
    "USER_ID": null,
    "_NullFlags": "b'\\x00\\x00'"
  },
  {
    "SRNO": 122,
    "FORM_NAME": "COMPSALE",
    "MENU_SRNO": 122,
    "DESCRIP": "07.SRPT-COMPANY WISE SALE",
    "M_ADD": null,
    "M_EDIT": null,
    "M_DELETE": null,
    "M_VIEW": null,
    "M_REPORT": null,
    "M_APPROVE": null,
    "USER_ID": null,
    "_NullFlags": "b'\\x00\\x00'"
  },
  {
    "SRNO": 123,
    "FORM_NAME": "COMPPROFIT",
    "MENU_SRNO": 123,
    "DESCRIP": "07.SRPT-COMPANY-ITEM WISE PROF",
    "M_ADD": null,
    "M_EDIT": null,
    "M_DELETE": null,
    "M_VIEW": null,
    "M_REPORT": null,
    "M_APPROVE": null,
    "USER_ID": null,
    "_NullFlags": "b'\\x00\\x00'"
  },
  {
    "SRNO": 124,
    "FORM_NAME": "DTBILLSER",
    "MENU_SRNO": 124,
    "DESCRIP": "07.SRPT-DATE BILLS AND SERIES",
    "M_ADD": null,
    "M_EDIT": null,
    "M_DELETE": null,
    "M_VIEW": null,
    "M_REPORT": null,
    "M_APPROVE": null,
    "USER_ID": null,
    "_NullFlags": "b'\\x00\\x00'"
  },
  {
    "SRNO": 125,
    "FORM_NAME": "DATEPROFIT",
    "MENU_SRNO": 125,
    "DESCRIP": "07.SRPT-DATE WISE PROFIT",
    "M_ADD": null,
    "M_EDIT": null,
    "M_DELETE": null,
    "M_VIEW": null,
    "M_REPORT": null,
    "M_APPROVE": null,
    "USER_ID": null,
    "_NullFlags": "b'\\x00\\x00'"
  },
  {
    "SRNO": 126,
    "FORM_NAME": "DIVBEATSAL",
    "MENU_SRNO": 126,
    "DESCRIP": "07.SRPT-DIVN.BEAT SALE",
    "M_ADD": null,
    "M_EDIT": null,
    "M_DELETE": null,
    "M_VIEW": null,
    "M_REPORT": null,
    "M_APPROVE": null,
    "USER_ID": null,
    "_NullFlags": "b'\\x00\\x00'"
  },
  {
    "SRNO": 127,
    "FORM_NAME": "ECHOSALE",
    "MENU_SRNO": 127,
    "DESCRIP": "07.SRPT-ECO / CATEGORY SALE",
    "M_ADD": null,
    "M_EDIT": null,
    "M_DELETE": null,
    "M_VIEW": null,
    "M_REPORT": null,
    "M_APPROVE": null,
    "USER_ID": null,
    "_NullFlags": "b'\\x00\\x00'"
  },
  {
    "SRNO": 128,
    "FORM_NAME": "GRSALE",
    "MENU_SRNO": 128,
    "DESCRIP": "07.SRPT-GROUP WISE SALE",
    "M_ADD": null,
    "M_EDIT": null,
    "M_DELETE": null,
    "M_VIEW": null,
    "M_REPORT": null,
    "M_APPROVE": null,
    "USER_ID": null,
    "_NullFlags": "b'\\x00\\x00'"
  },
  {
    "SRNO": 129,
    "FORM_NAME": "ITEMAVG",
    "MENU_SRNO": 129,
    "DESCRIP": "07.SRPT-ITEM AVERAGE SALE",
    "M_ADD": null,
    "M_EDIT": null,
    "M_DELETE": null,
    "M_VIEW": null,
    "M_REPORT": null,
    "M_APPROVE": null,
    "USER_ID": null,
    "_NullFlags": "b'\\x00\\x00'"
  },
  {
    "SRNO": 130,
    "FORM_NAME": "ITSALEANA",
    "MENU_SRNO": 130,
    "DESCRIP": "07.SRPT-ITEM SALE OF PARTY",
    "M_ADD": null,
    "M_EDIT": null,
    "M_DELETE": null,
    "M_VIEW": null,
    "M_REPORT": null,
    "M_APPROVE": null,
    "USER_ID": null,
    "_NullFlags": "b'\\x00\\x00'"
  },
  {
    "SRNO": 131,
    "FORM_NAME": "ITSL2PARTY",
    "MENU_SRNO": 131,
    "DESCRIP": "07.SRPT-ITEM SALE TO PARTY",
    "M_ADD": null,
    "M_EDIT": null,
    "M_DELETE": null,
    "M_VIEW": null,
    "M_REPORT": null,
    "M_APPROVE": null,
    "USER_ID": null,
    "_NullFlags": "b'\\x00\\x00'"
  },
  {
    "SRNO": 132,
    "FORM_NAME": "ITEMSALE",
    "MENU_SRNO": 132,
    "DESCRIP": "07.SRPT-ITEM/SALE SCHEME DETAI",
    "M_ADD": null,
    "M_EDIT": null,
    "M_DELETE": null,
    "M_VIEW": null,
    "M_REPORT": null,
    "M_APPROVE": null,
    "USER_ID": null,
    "_NullFlags": "b'\\x00\\x00'"
  },
  {
    "SRNO": 133,
    "FORM_NAME": "MONTHSALE",
    "MENU_SRNO": 133,
    "DESCRIP": "07.SRPT-MONTHLY COMP.SALE",
    "M_ADD": null,
    "M_EDIT": null,
    "M_DELETE": null,
    "M_VIEW": null,
    "M_REPORT": null,
    "M_APPROVE": null,
    "USER_ID": null,
    "_NullFlags": "b'\\x00\\x00'"
  },
  {
    "SRNO": 134,
    "FORM_NAME": "PARTYPRODUCT",
    "MENU_SRNO": 134,
    "DESCRIP": "07.SRPT-PARTY >> PRODUCT SALE",
    "M_ADD": null,
    "M_EDIT": null,
    "M_DELETE": null,
    "M_VIEW": null,
    "M_REPORT": null,
    "M_APPROVE": null,
    "USER_ID": null,
    "_NullFlags": "b'\\x00\\x00'"
  },
  {
    "SRNO": 135,
    "FORM_NAME": "PARTYAVG",
    "MENU_SRNO": 135,
    "DESCRIP": "07.SRPT-PARTY AVERAGE SALE",
    "M_ADD": null,
    "M_EDIT": null,
    "M_DELETE": null,
    "M_VIEW": null,
    "M_REPORT": null,
    "M_APPROVE": null,
    "USER_ID": null,
    "_NullFlags": "b'\\x00\\x00'"
  },
  {
    "SRNO": 136,
    "FORM_NAME": "PRODUCTPARTY",
    "MENU_SRNO": 136,
    "DESCRIP": "07.SRPT-PRODUCT >> PARTY SALE",
    "M_ADD": null,
    "M_EDIT": null,
    "M_DELETE": null,
    "M_VIEW": null,
    "M_REPORT": null,
    "M_APPROVE": null,
    "USER_ID": null,
    "_NullFlags": "b'\\x00\\x00'"
  },
  {
    "SRNO": 137,
    "FORM_NAME": "SALREPDT",
    "MENU_SRNO": 137,
    "DESCRIP": "07.SRPT-SALES-CASH CREDIT SALE",
    "M_ADD": null,
    "M_EDIT": null,
    "M_DELETE": null,
    "M_VIEW": null,
    "M_REPORT": null,
    "M_APPROVE": null,
    "USER_ID": null,
    "_NullFlags": "b'\\x00\\x00'"
  },
  {
    "SRNO": 138,
    "FORM_NAME": "TCSREPORT",
    "MENU_SRNO": 138,
    "DESCRIP": "08.ACR-TCS REPORT",
    "M_ADD": null,
    "M_EDIT": null,
    "M_DELETE": null,
    "M_VIEW": null,
    "M_REPORT": null,
    "M_APPROVE": null,
    "USER_ID": null,
    "_NullFlags": "b'\\x00\\x00'"
  },
  {
    "SRNO": 139,
    "FORM_NAME": "DRN01",
    "MENU_SRNO": 139,
    "DESCRIP": "08.DRN-DEBIT NOTE",
    "M_ADD": null,
    "M_EDIT": null,
    "M_DELETE": null,
    "M_VIEW": null,
    "M_REPORT": null,
    "M_APPROVE": null,
    "USER_ID": null,
    "_NullFlags": "b'\\x00\\x00'"
  },
  {
    "SRNO": 140,
    "FORM_NAME": "DRNTRAN",
    "MENU_SRNO": 140,
    "DESCRIP": "08.DRN-DEBIT NOTE TRANSFER TO",
    "M_ADD": null,
    "M_EDIT": null,
    "M_DELETE": null,
    "M_VIEW": null,
    "M_REPORT": null,
    "M_APPROVE": null,
    "USER_ID": null,
    "_NullFlags": "b'\\x00\\x00'"
  },
  {
    "SRNO": 141,
    "FORM_NAME": "BANKSTOCK",
    "MENU_SRNO": 141,
    "DESCRIP": "08.STK-BANK STOCK STATEMENT",
    "M_ADD": null,
    "M_EDIT": null,
    "M_DELETE": null,
    "M_VIEW": null,
    "M_REPORT": null,
    "M_APPROVE": null,
    "USER_ID": null,
    "_NullFlags": "b'\\x00\\x00'"
  },
  {
    "SRNO": 142,
    "FORM_NAME": "BATCHBALANCE",
    "MENU_SRNO": 142,
    "DESCRIP": "08.STK-BATCH WISE BALANCE STOC",
    "M_ADD": null,
    "M_EDIT": null,
    "M_DELETE": null,
    "M_VIEW": null,
    "M_REPORT": null,
    "M_APPROVE": null,
    "USER_ID": null,
    "_NullFlags": "b'\\x00\\x00'"
  },
  {
    "SRNO": 143,
    "FORM_NAME": "DISPCURSTK",
    "MENU_SRNO": 143,
    "DESCRIP": "08.STK-DISPLAY CURRENT STOCK",
    "M_ADD": null,
    "M_EDIT": null,
    "M_DELETE": null,
    "M_VIEW": null,
    "M_REPORT": null,
    "M_APPROVE": null,
    "USER_ID": null,
    "_NullFlags": "b'\\x00\\x00'"
  },
  {
    "SRNO": 144,
    "FORM_NAME": "ITSTOCKREG",
    "MENU_SRNO": 144,
    "DESCRIP": "08.STK-ITEM STOCK REGISTER",
    "M_ADD": null,
    "M_EDIT": null,
    "M_DELETE": null,
    "M_VIEW": null,
    "M_REPORT": null,
    "M_APPROVE": null,
    "USER_ID": null,
    "_NullFlags": "b'\\x00\\x00'"
  },
  {
    "SRNO": 145,
    "FORM_NAME": "STOCKMRP",
    "MENU_SRNO": 145,
    "DESCRIP": "08.STK-MRP WISE STOCK",
    "M_ADD": null,
    "M_EDIT": null,
    "M_DELETE": null,
    "M_VIEW": null,
    "M_REPORT": null,
    "M_APPROVE": null,
    "USER_ID": null,
    "_NullFlags": "b'\\x00\\x00'"
  },
  {
    "SRNO": 146,
    "FORM_NAME": "STOCKWEIGHT",
    "MENU_SRNO": 146,
    "DESCRIP": "08.STK-STOCK BY WEIGHT",
    "M_ADD": null,
    "M_EDIT": null,
    "M_DELETE": null,
    "M_VIEW": null,
    "M_REPORT": null,
    "M_APPROVE": null,
    "USER_ID": null,
    "_NullFlags": "b'\\x00\\x00'"
  },
  {
    "SRNO": 147,
    "FORM_NAME": "STOCKVALUE",
    "MENU_SRNO": 147,
    "DESCRIP": "08.STK-STOCK EVALUATION",
    "M_ADD": null,
    "M_EDIT": null,
    "M_DELETE": null,
    "M_VIEW": null,
    "M_REPORT": null,
    "M_APPROVE": null,
    "USER_ID": null,
    "_NullFlags": "b'\\x00\\x00'"
  },
  {
    "SRNO": 148,
    "FORM_NAME": "STOCKREP",
    "MENU_SRNO": 148,
    "DESCRIP": "08.STK-STOCK STATEMENT",
    "M_ADD": null,
    "M_EDIT": null,
    "M_DELETE": null,
    "M_VIEW": null,
    "M_REPORT": null,
    "M_APPROVE": null,
    "USER_ID": null,
    "_NullFlags": "b'\\x00\\x00'"
  },
  {
    "SRNO": 149,
    "FORM_NAME": "UTL_ACMRG",
    "MENU_SRNO": 149,
    "DESCRIP": "08.UTL-A/C CODE MERGING",
    "M_ADD": null,
    "M_EDIT": null,
    "M_DELETE": null,
    "M_VIEW": null,
    "M_REPORT": null,
    "M_APPROVE": null,
    "USER_ID": null,
    "_NullFlags": "b'\\x00\\x00'"
  },
  {
    "SRNO": 150,
    "FORM_NAME": "UTL_ROUND",
    "MENU_SRNO": 150,
    "DESCRIP": "08.UTL-AUTO ACCOUNT ROUND OFF",
    "M_ADD": null,
    "M_EDIT": null,
    "M_DELETE": null,
    "M_VIEW": null,
    "M_REPORT": null,
    "M_APPROVE": null,
    "USER_ID": null,
    "_NullFlags": "b'\\x00\\x00'"
  },
  {
    "SRNO": 151,
    "FORM_NAME": "CHGCOMPANY",
    "MENU_SRNO": 151,
    "DESCRIP": "08.UTL-CHANGE COMPANY OF ITEM",
    "M_ADD": null,
    "M_EDIT": null,
    "M_DELETE": null,
    "M_VIEW": null,
    "M_REPORT": null,
    "M_APPROVE": null,
    "USER_ID": null,
    "_NullFlags": "b'\\x00\\x00'"
  },
  {
    "SRNO": 152,
    "FORM_NAME": "CHGTRACK",
    "MENU_SRNO": 152,
    "DESCRIP": "08.UTL-CHANGE PARTY TRACK",
    "M_ADD": null,
    "M_EDIT": null,
    "M_DELETE": null,
    "M_VIEW": null,
    "M_REPORT": null,
    "M_APPROVE": null,
    "USER_ID": null,
    "_NullFlags": "b'\\x00\\x00'"
  },
  {
    "SRNO": 153,
    "FORM_NAME": "UTL_DUPPUR",
    "MENU_SRNO": 153,
    "DESCRIP": "08.UTL-CHECK DUPLICATE PURCHAS",
    "M_ADD": null,
    "M_EDIT": null,
    "M_DELETE": null,
    "M_VIEW": null,
    "M_REPORT": null,
    "M_APPROVE": null,
    "USER_ID": null,
    "_NullFlags": "b'\\x00\\x00'"
  },
  {
    "SRNO": 154,
    "FORM_NAME": "UTL_DUPSALE",
    "MENU_SRNO": 154,
    "DESCRIP": "08.UTL-CHEK DUPLICATE SALE BIL",
    "M_ADD": null,
    "M_EDIT": null,
    "M_DELETE": null,
    "M_VIEW": null,
    "M_REPORT": null,
    "M_APPROVE": null,
    "USER_ID": null,
    "_NullFlags": "b'\\x00\\x00'"
  },
  {
    "SRNO": 155,
    "FORM_NAME": "YEARNEW",
    "MENU_SRNO": 155,
    "DESCRIP": "08.UTL-CREATE NEW YEAR",
    "M_ADD": null,
    "M_EDIT": null,
    "M_DELETE": null,
    "M_VIEW": null,
    "M_REPORT": null,
    "M_APPROVE": null,
    "USER_ID": null,
    "_NullFlags": "b'\\x00\\x00'"
  },
  {
    "SRNO": 156,
    "FORM_NAME": "UTL_ITMRG",
    "MENU_SRNO": 156,
    "DESCRIP": "08.UTL-ITEM CODE MERGING",
    "M_ADD": null,
    "M_EDIT": null,
    "M_DELETE": null,
    "M_VIEW": null,
    "M_REPORT": null,
    "M_APPROVE": null,
    "USER_ID": null,
    "_NullFlags": "b'\\x00\\x00'"
  },
  {
    "SRNO": 157,
    "FORM_NAME": "TREDIT",
    "MENU_SRNO": 157,
    "DESCRIP": "08.UTL-QUICK CASH BOOK ENTRY M",
    "M_ADD": null,
    "M_EDIT": null,
    "M_DELETE": null,
    "M_VIEW": null,
    "M_REPORT": null,
    "M_APPROVE": null,
    "USER_ID": null,
    "_NullFlags": "b'\\x00\\x00'"
  },
  {
    "SRNO": 158,
    "FORM_NAME": "RELUSER",
    "MENU_SRNO": 158,
    "DESCRIP": "08.UTL-RELEASE USERS",
    "M_ADD": null,
    "M_EDIT": null,
    "M_DELETE": null,
    "M_VIEW": null,
    "M_REPORT": null,
    "M_APPROVE": null,
    "USER_ID": null,
    "_NullFlags": "b'\\x00\\x00'"
  },
  {
    "SRNO": 159,
    "FORM_NAME": "UTL_REVCH",
    "MENU_SRNO": 159,
    "DESCRIP": "08.UTL-RENUMBER VOUCHER",
    "M_ADD": null,
    "M_EDIT": null,
    "M_DELETE": null,
    "M_VIEW": null,
    "M_REPORT": null,
    "M_APPROVE": null,
    "USER_ID": null,
    "_NullFlags": "b'\\x00\\x00'"
  },
  {
    "SRNO": 160,
    "FORM_NAME": "SHOWYEAR",
    "MENU_SRNO": 160,
    "DESCRIP": "08.UTL-SHOW / HIDE FIRMS",
    "M_ADD": null,
    "M_EDIT": null,
    "M_DELETE": null,
    "M_VIEW": null,
    "M_REPORT": null,
    "M_APPROVE": null,
    "USER_ID": null,
    "_NullFlags": "b'\\x00\\x00'"
  },
  {
    "SRNO": 161,
    "FORM_NAME": "COMPSETUP",
    "MENU_SRNO": 161,
    "DESCRIP": "08.UTL-SYSTEM SETTING",
    "M_ADD": null,
    "M_EDIT": null,
    "M_DELETE": null,
    "M_VIEW": null,
    "M_REPORT": null,
    "M_APPROVE": null,
    "USER_ID": null,
    "_NullFlags": "b'\\x00\\x00'"
  },
  {
    "SRNO": 162,
    "FORM_NAME": "TAXVALUE",
    "MENU_SRNO": 162,
    "DESCRIP": "08.UTL-TAX WISE STOCK VALUE",
    "M_ADD": null,
    "M_EDIT": null,
    "M_DELETE": null,
    "M_VIEW": null,
    "M_REPORT": null,
    "M_APPROVE": null,
    "USER_ID": null,
    "_NullFlags": "b'\\x00\\x00'"
  },
  {
    "SRNO": 163,
    "FORM_NAME": "UPDATESTOCK",
    "MENU_SRNO": 163,
    "DESCRIP": "08.UTL-UPDATE OPEING STOCK",
    "M_ADD": null,
    "M_EDIT": null,
    "M_DELETE": null,
    "M_VIEW": null,
    "M_REPORT": null,
    "M_APPROVE": null,
    "USER_ID": null,
    "_NullFlags": "b'\\x00\\x00'"
  },
  {
    "SRNO": 164,
    "FORM_NAME": "UPDATEBAL",
    "MENU_SRNO": 164,
    "DESCRIP": "08.UTL-UPDATE OPENING BALANCES",
    "M_ADD": null,
    "M_EDIT": null,
    "M_DELETE": null,
    "M_VIEW": null,
    "M_REPORT": null,
    "M_APPROVE": null,
    "USER_ID": null,
    "_NullFlags": "b'\\x00\\x00'"
  },
  {
    "SRNO": 165,
    "FORM_NAME": "QUOT",
    "MENU_SRNO": 165,
    "DESCRIP": "09.QUOT-PREPARE A QUATATION",
    "M_ADD": null,
    "M_EDIT": null,
    "M_DELETE": null,
    "M_VIEW": null,
    "M_REPORT": null,
    "M_APPROVE": null,
    "USER_ID": null,
    "_NullFlags": "b'\\x00\\x00'"
  },
  {
    "SRNO": 166,
    "FORM_NAME": "BOMINV",
    "MENU_SRNO": 166,
    "DESCRIP": "10.PROD-CREATE BOM",
    "M_ADD": null,
    "M_EDIT": null,
    "M_DELETE": null,
    "M_VIEW": null,
    "M_REPORT": null,
    "M_APPROVE": null,
    "USER_ID": null,
    "_NullFlags": "b'\\x00\\x00'"
  },
  {
    "SRNO": 167,
    "FORM_NAME": "PROD",
    "MENU_SRNO": 167,
    "DESCRIP": "10.PROD-DAILY PRODUCTION",
    "M_ADD": null,
    "M_EDIT": null,
    "M_DELETE": null,
    "M_VIEW": null,
    "M_REPORT": null,
    "M_APPROVE": null,
    "USER_ID": null,
    "_NullFlags": "b'\\x00\\x00'"
  },
  {
    "SRNO": 168,
    "FORM_NAME": "PRODREPORT",
    "MENU_SRNO": 168,
    "DESCRIP": "10.PROD-PRODUCTION REPORT",
    "M_ADD": null,
    "M_EDIT": null,
    "M_DELETE": null,
    "M_VIEW": null,
    "M_REPORT": null,
    "M_APPROVE": null,
    "USER_ID": null,
    "_NullFlags": "b'\\x00\\x00'"
  },
  {
    "SRNO": 169,
    "FORM_NAME": "DMG01",
    "MENU_SRNO": 169,
    "DESCRIP": "11.DMG-CUSTOMER DAMAGE/EXPIRY",
    "M_ADD": null,
    "M_EDIT": null,
    "M_DELETE": null,
    "M_VIEW": null,
    "M_REPORT": null,
    "M_APPROVE": null,
    "USER_ID": null,
    "_NullFlags": "b'\\x00\\x00'"
  },
  {
    "SRNO": 170,
    "FORM_NAME": "DMG01",
    "MENU_SRNO": 170,
    "DESCRIP": "11.DMG-DAMAGE FROM CUSTOMER/SE",
    "M_ADD": null,
    "M_EDIT": null,
    "M_DELETE": null,
    "M_VIEW": null,
    "M_REPORT": null,
    "M_APPROVE": null,
    "USER_ID": null,
    "_NullFlags": "b'\\x00\\x00'"
  },
  {
    "SRNO": 171,
    "FORM_NAME": "DMG01",
    "MENU_SRNO": 171,
    "DESCRIP": "11.DMG-DAMAGE STOCK REPORT",
    "M_ADD": null,
    "M_EDIT": null,
    "M_DELETE": null,
    "M_VIEW": null,
    "M_REPORT": null,
    "M_APPROVE": null,
    "USER_ID": null,
    "_NullFlags": "b'\\x00\\x00'"
  },
  {
    "SRNO": 172,
    "FORM_NAME": "DMG01",
    "MENU_SRNO": 172,
    "DESCRIP": "11.DMG-DAMAGE/EXP.CRN ADJUSTME",
    "M_ADD": null,
    "M_EDIT": null,
    "M_DELETE": null,
    "M_VIEW": null,
    "M_REPORT": null,
    "M_APPROVE": null,
    "USER_ID": null,
    "_NullFlags": "b'\\x00\\x00'"
  },
  {
    "SRNO": 173,
    "FORM_NAME": "DMG01",
    "MENU_SRNO": 173,
    "DESCRIP": "11.DMG-DAMAGE/EXPIRY REPORTS",
    "M_ADD": null,
    "M_EDIT": null,
    "M_DELETE": null,
    "M_VIEW": null,
    "M_REPORT": null,
    "M_APPROVE": null,
    "USER_ID": null,
    "_NullFlags": "b'\\x00\\x00'"
  },
  {
    "SRNO": 174,
    "FORM_NAME": "DMG01",
    "MENU_SRNO": 174,
    "DESCRIP": "11.DMG-ITEM WISE DAMAGE/EXPIRY",
    "M_ADD": null,
    "M_EDIT": null,
    "M_DELETE": null,
    "M_VIEW": null,
    "M_REPORT": null,
    "M_APPROVE": null,
    "USER_ID": null,
    "_NullFlags": "b'\\x00\\x00'"
  },
  {
    "SRNO": 175,
    "FORM_NAME": "DMG01",
    "MENU_SRNO": 175,
    "DESCRIP": "11.DMG-REMOVE COMPANY DAMAGE C",
    "M_ADD": null,
    "M_EDIT": null,
    "M_DELETE": null,
    "M_VIEW": null,
    "M_REPORT": null,
    "M_APPROVE": null,
    "USER_ID": null,
    "_NullFlags": "b'\\x00\\x00'"
  },
  {
    "SRNO": 176,
    "FORM_NAME": "DMGSEND",
    "MENU_SRNO": 176,
    "DESCRIP": "11.DMG-SEND DAMAGES TO COMPANY",
    "M_ADD": null,
    "M_EDIT": null,
    "M_DELETE": null,
    "M_VIEW": null,
    "M_REPORT": null,
    "M_APPROVE": null,
    "USER_ID": null,
    "_NullFlags": "b'\\x00\\x00'"
  },
  {
    "SRNO": 177,
    "FORM_NAME": "ORDITEM",
    "MENU_SRNO": 177,
    "DESCRIP": "12.ORD-ITEM WISE ORDER",
    "M_ADD": null,
    "M_EDIT": null,
    "M_DELETE": null,
    "M_VIEW": null,
    "M_REPORT": null,
    "M_APPROVE": null,
    "USER_ID": null,
    "_NullFlags": "b'\\x00\\x00'"
  },
  {
    "SRNO": 178,
    "FORM_NAME": "ORDSUM",
    "MENU_SRNO": 178,
    "DESCRIP": "12.ORD-PERIODIC PARTY OREDERS",
    "M_ADD": null,
    "M_EDIT": null,
    "M_DELETE": null,
    "M_VIEW": null,
    "M_REPORT": null,
    "M_APPROVE": null,
    "USER_ID": null,
    "_NullFlags": "b'\\x00\\x00'"
  },
  {
    "SRNO": 179,
    "FORM_NAME": "ORDER",
    "MENU_SRNO": 179,
    "DESCRIP": "12.ORD-PREPARE NEW ORDERS",
    "M_ADD": null,
    "M_EDIT": null,
    "M_DELETE": null,
    "M_VIEW": null,
    "M_REPORT": null,
    "M_APPROVE": null,
    "USER_ID": null,
    "_NullFlags": "b'\\x00\\x00'"
  },
  {
    "SRNO": 180,
    "FORM_NAME": "GDNSTOCK",
    "MENU_SRNO": 180,
    "DESCRIP": "13.GDN TRAN-DODOWN WISE STOCK",
    "M_ADD": null,
    "M_EDIT": null,
    "M_DELETE": null,
    "M_VIEW": null,
    "M_REPORT": null,
    "M_APPROVE": null,
    "USER_ID": null,
    "_NullFlags": "b'\\x00\\x00'"
  },
  {
    "SRNO": 181,
    "FORM_NAME": "PER_TRAN",
    "MENU_SRNO": 181,
    "DESCRIP": "13.GDN TRAN-PERIODIC STK TRANS",
    "M_ADD": null,
    "M_EDIT": null,
    "M_DELETE": null,
    "M_VIEW": null,
    "M_REPORT": null,
    "M_APPROVE": null,
    "USER_ID": null,
    "_NullFlags": "b'\\x00\\x00'"
  },
  {
    "SRNO": 182,
    "FORM_NAME": "INVGDN",
    "MENU_SRNO": 182,
    "DESCRIP": "13.GDN TRAN-STOCK TRSNAFER",
    "M_ADD": null,
    "M_EDIT": null,
    "M_DELETE": null,
    "M_VIEW": null,
    "M_REPORT": null,
    "M_APPROVE": null,
    "USER_ID": null,
    "_NullFlags": "b'\\x00\\x00'"
  }
]