[
  {
    "C_CODE": "VI001",
    "GST_TAX": null,
    "_NullFlags": "b'\\x00'"
  },
  {
    "C_CODE": "VI003",
    "GST_TAX": 0,
    "_NullFlags": "b'\\x00'"
  },
  {
    "C_CODE": "VI004",
    "GST_TAX": 0,
    "_NullFlags": "b'\\x00'"
  },
  {
    "C_CODE": "VI005",
    "GST_TAX": null,
    "_NullFlags": "b'\\x00'"
  },
  {
    "C_CODE": "VI006",
    "GST_TAX": null,
    "_NullFlags": "b'\\x00'"
  },
  {
    "C_CODE": "VI007",
    "GST_TAX": null,
    "_NullFlags": "b'\\x00'"
  },
  {
    "C_CODE": "VI002",
    "GST_TAX": 0,
    "_NullFlags": "b'\\x00'"
  },
  {
    "C_CODE": "VI008",
    "GST_TAX": null,
    "_NullFlags": "b'\\x00'"
  },
  {
    "C_CODE": "VI009",
    "GST_TAX": 0,
    "_NullFlags": "b'\\x00'"
  },
  {
    "C_CODE": "VI010",
    "GST_TAX": 5,
    "_NullFlags": "b'\\x00'"
  },
  {
    "C_CODE": "VI011",
    "GST_TAX": 12,
    "_NullFlags": "b'\\x00'"
  },
  {
    "C_CODE": "VI012",
    "GST_TAX": 18,
    "_NullFlags": "b'\\x00'"
  },
  {
    "C_CODE": "VI013",
    "GST_TAX": 28,
    "_NullFlags": "b'\\x00'"
  },
  {
    "C_CODE": "VI014",
    "GST_TAX": 5,
    "_NullFlags": "b'\\x00'"
  },
  {
    "C_CODE": "VI015",
    "GST_TAX": 12,
    "_NullFlags": "b'\\x00'"
  },
  {
    "C_CODE": "VI016",
    "GST_TAX": 18,
    "_NullFlags": "b'\\x00'"
  },
  {
    "C_CODE": "VI017",
    "GST_TAX": 28,
    "_NullFlags": "b'\\x00'"
  },
  {
    "C_CODE": "VI018",
    "GST_TAX": 5,
    "_NullFlags": "b'\\x00'"
  },
  {
    "C_CODE": "VI019",
    "GST_TAX": 5,
    "_NullFlags": "b'\\x00'"
  },
  {
    "C_CODE": "VI020",
    "GST_TAX": 18,
    "_NullFlags": "b'\\x00'"
  },
  {
    "C_CODE": "VI021",
    "GST_TAX": 5,
    "_NullFlags": "b'\\x00'"
  },
  {
    "C_CODE": "VI022",
    "GST_TAX": 12,
    "_NullFlags": "b'\\x00'"
  },
  {
    "C_CODE": "VI023",
    "GST_TAX": 18,
    "_NullFlags": "b'\\x00'"
  },
  {
    "C_CODE": "VI024",
    "GST_TAX": 28,
    "_NullFlags": "b'\\x00'"
  },
  {
    "C_CODE": "VI025",
    "GST_TAX": 18,
    "_NullFlags": "b'\\x00'"
  },
  {
    "C_CODE": "VI026",
    "GST_TAX": 12,
    "_NullFlags": "b'\\x00'"
  },
  {
    "C_CODE": "VI027",
    "GST_TAX": 18,
    "_NullFlags": "b'\\x00'"
  },
  {
    "C_CODE": "VI028",
    "GST_TAX": 5,
    "_NullFlags": "b'\\x00'"
  },
  {
    "C_CODE": "VG001",
    "GST_TAX": null,
    "_NullFlags": "b'\\x00'"
  },
  {
    "C_CODE": "VG003",
    "GST_TAX": 0,
    "_NullFlags": "b'\\x00'"
  },
  {
    "C_CODE": "VG004",
    "GST_TAX": 0,
    "_NullFlags": "b'\\x00'"
  },
  {
    "C_CODE": "VG005",
    "GST_TAX": null,
    "_NullFlags": "b'\\x00'"
  },
  {
    "C_CODE": "VG006",
    "GST_TAX": null,
    "_NullFlags": "b'\\x00'"
  },
  {
    "C_CODE": "VG007",
    "GST_TAX": null,
    "_NullFlags": "b'\\x00'"
  },
  {
    "C_CODE": "VG002",
    "GST_TAX": 0,
    "_NullFlags": "b'\\x00'"
  },
  {
    "C_CODE": "VG008",
    "GST_TAX": null,
    "_NullFlags": "b'\\x00'"
  },
  {
    "C_CODE": "VG009",
    "GST_TAX": 0,
    "_NullFlags": "b'\\x00'"
  },
  {
    "C_CODE": "VG010",
    "GST_TAX": 5,
    "_NullFlags": "b'\\x00'"
  },
  {
    "C_CODE": "VG011",
    "GST_TAX": 12,
    "_NullFlags": "b'\\x00'"
  },
  {
    "C_CODE": "VG012",
    "GST_TAX": 18,
    "_NullFlags": "b'\\x00'"
  },
  {
    "C_CODE": "VG013",
    "GST_TAX": 28,
    "_NullFlags": "b'\\x00'"
  },
  {
    "C_CODE": "VG014",
    "GST_TAX": 5,
    "_NullFlags": "b'\\x00'"
  },
  {
    "C_CODE": "VG015",
    "GST_TAX": 12,
    "_NullFlags": "b'\\x00'"
  },
  {
    "C_CODE": "VG016",
    "GST_TAX": 18,
    "_NullFlags": "b'\\x00'"
  },
  {
    "C_CODE": "VG017",
    "GST_TAX": 28,
    "_NullFlags": "b'\\x00'"
  },
  {
    "C_CODE": "VG018",
    "GST_TAX": 5,
    "_NullFlags": "b'\\x00'"
  },
  {
    "C_CODE": "VG019",
    "GST_TAX": 5,
    "_NullFlags": "b'\\x00'"
  },
  {
    "C_CODE": "VG020",
    "GST_TAX": 18,
    "_NullFlags": "b'\\x00'"
  },
  {
    "C_CODE": "VG021",
    "GST_TAX": 5,
    "_NullFlags": "b'\\x00'"
  },
  {
    "C_CODE": "VG022",
    "GST_TAX": 12,
    "_NullFlags": "b'\\x00'"
  },
  {
    "C_CODE": "VG023",
    "GST_TAX": 18,
    "_NullFlags": "b'\\x00'"
  },
  {
    "C_CODE": "VG024",
    "GST_TAX": 28,
    "_NullFlags": "b'\\x00'"
  },
  {
    "C_CODE": "VG025",
    "GST_TAX": 18,
    "_NullFlags": "b'\\x00'"
  },
  {
    "C_CODE": "VG026",
    "GST_TAX": 12,
    "_NullFlags": "b'\\x00'"
  },
  {
    "C_CODE": "VG027",
    "GST_TAX": 18,
    "_NullFlags": "b'\\x00'"
  },
  {
    "C_CODE": "VG028",
    "GST_TAX": 5,
    "_NullFlags": "b'\\x00'"
  }
]