[
  {
    "C_CODE": "VG001",
    "GST_TAX": null,
    "_NullFlags": "b'\\x00'"
  },
  {
    "C_CODE": "VG003",
    "GST_TAX": 0,
    "_NullFlags": "b'\\x00'"
  },
  {
    "C_CODE": "VG004",
    "GST_TAX": 0,
    "_NullFlags": "b'\\x00'"
  },
  {
    "C_CODE": "VG005",
    "GST_TAX": null,
    "_NullFlags": "b'\\x00'"
  },
  {
    "C_CODE": "VG006",
    "GST_TAX": null,
    "_NullFlags": "b'\\x00'"
  },
  {
    "C_CODE": "VG007",
    "GST_TAX": null,
    "_NullFlags": "b'\\x00'"
  },
  {
    "C_CODE": "VG002",
    "GST_TAX": 0,
    "_NullFlags": "b'\\x00'"
  },
  {
    "C_CODE": "VG008",
    "GST_TAX": null,
    "_NullFlags": "b'\\x00'"
  },
  {
    "C_CODE": "VG009",
    "GST_TAX": 0,
    "_NullFlags": "b'\\x00'"
  },
  {
    "C_CODE": "VG010",
    "GST_TAX": 5,
    "_NullFlags": "b'\\x00'"
  },
  {
    "C_CODE": "VG011",
    "GST_TAX": 12,
    "_NullFlags": "b'\\x00'"
  },
  {
    "C_CODE": "VG012",
    "GST_TAX": 18,
    "_NullFlags": "b'\\x00'"
  },
  {
    "C_CODE": "VG013",
    "GST_TAX": 28,
    "_NullFlags": "b'\\x00'"
  },
  {
    "C_CODE": "VG014",
    "GST_TAX": 5,
    "_NullFlags": "b'\\x00'"
  },
  {
    "C_CODE": "VG015",
    "GST_TAX": 12,
    "_NullFlags": "b'\\x00'"
  },
  {
    "C_CODE": "VG016",
    "GST_TAX": 18,
    "_NullFlags": "b'\\x00'"
  },
  {
    "C_CODE": "VG017",
    "GST_TAX": 28,
    "_NullFlags": "b'\\x00'"
  },
  {
    "C_CODE": "VG018",
    "GST_TAX": 5,
    "_NullFlags": "b'\\x00'"
  },
  {
    "C_CODE": "VG019",
    "GST_TAX": 5,
    "_NullFlags": "b'\\x00'"
  },
  {
    "C_CODE": "VG020",
    "GST_TAX": 18,
    "_NullFlags": "b'\\x00'"
  },
  {
    "C_CODE": "VG021",
    "GST_TAX": 5,
    "_NullFlags": "b'\\x00'"
  },
  {
    "C_CODE": "VG022",
    "GST_TAX": 12,
    "_NullFlags": "b'\\x00'"
  },
  {
    "C_CODE": "VG023",
    "GST_TAX": 18,
    "_NullFlags": "b'\\x00'"
  },
  {
    "C_CODE": "VG024",
    "GST_TAX": 28,
    "_NullFlags": "b'\\x00'"
  },
  {
    "C_CODE": "VG025",
    "GST_TAX": 18,
    "_NullFlags": "b'\\x00'"
  },
  {
    "C_CODE": "VG026",
    "GST_TAX": 12,
    "_NullFlags": "b'\\x00'"
  },
  {
    "C_CODE": "VG027",
    "GST_TAX": 18,
    "_NullFlags": "b'\\x00'"
  },
  {
    "C_CODE": "VG028",
    "GST_TAX": 5,
    "_NullFlags": "b'\\x00'"
  }
]