[
  {
    "VR": "PB-P00002",
    "C_CODE": "CT205",
    "_NullFlags": "b'\\x00'"
  },
  {
    "VR": "PB-P00003",
    "C_CODE": "CT205",
    "_NullFlags": "b'\\x00'"
  },
  {
    "VR": "PB-P00005",
    "C_CODE": "CT113",
    "_NullFlags": "b'\\x00'"
  },
  {
    "VR": "PB-P00006",
    "C_CODE": "CT113",
    "_NullFlags": "b'\\x00'"
  },
  {
    "VR": "PB-P00007",
    "C_CODE": "CT113",
    "_NullFlags": "b'\\x00'"
  },
  {
    "VR": "PB-P00008",
    "C_CODE": "CT113",
    "_NullFlags": "b'\\x00'"
  },
  {
    "VR": "PB-P00009",
    "C_CODE": "CT113",
    "_NullFlags": "b'\\x00'"
  },
  {
    "VR": "PB-P00010",
    "C_CODE": "GK147",
    "_NullFlags": "b'\\x00'"
  },
  {
    "VR": "PB-P00011",
    "C_CODE": "CT204",
    "_NullFlags": "b'\\x00'"
  },
  {
    "VR": "PB-P00012",
    "C_CODE": "CT092",
    "_NullFlags": "b'\\x00'"
  },
  {
    "VR": "PB-P00013",
    "C_CODE": "CT205",
    "_NullFlags": "b'\\x00'"
  },
  {
    "VR": "PB-P00014",
    "C_CODE": "CT113",
    "_NullFlags": "b'\\x00'"
  },
  {
    "VR": "PB-P00015",
    "C_CODE": "CT113",
    "_NullFlags": "b'\\x00'"
  },
  {
    "VR": "PB-P00016",
    "C_CODE": "CT113",
    "_NullFlags": "b'\\x00'"
  },
  {
    "VR": "PB-P00017",
    "C_CODE": "CT229",
    "_NullFlags": "b'\\x00'"
  },
  {
    "VR": "PB-P00018",
    "C_CODE": "CT205",
    "_NullFlags": "b'\\x00'"
  },
  {
    "VR": "PB-P00019",
    "C_CODE": "CT229",
    "_NullFlags": "b'\\x00'"
  },
  {
    "VR": "PB-P00020",
    "C_CODE": "CT092",
    "_NullFlags": "b'\\x00'"
  },
  {
    "VR": "PB-P00021",
    "C_CODE": "CT182",
    "_NullFlags": "b'\\x00'"
  },
  {
    "VR": "PB-P00022",
    "C_CODE": "CT023",
    "_NullFlags": "b'\\x00'"
  },
  {
    "VR": "PB-P00023",
    "C_CODE": "CT023",
    "_NullFlags": "b'\\x00'"
  },
  {
    "VR": "PB-P00024",
    "C_CODE": "CT205",
    "_NullFlags": "b'\\x00'"
  },
  {
    "VR": "PB-P00025",
    "C_CODE": "CT175",
    "_NullFlags": "b'\\x00'"
  },
  {
    "VR": "PB-P00026",
    "C_CODE": "CT113",
    "_NullFlags": "b'\\x00'"
  },
  {
    "VR": "PB-P00027",
    "C_CODE": "CT113",
    "_NullFlags": "b'\\x00'"
  },
  {
    "VR": "PB-P00028",
    "C_CODE": "CT113",
    "_NullFlags": "b'\\x00'"
  },
  {
    "VR": "PB-P00029",
    "C_CODE": "CT229",
    "_NullFlags": "b'\\x00'"
  },
  {
    "VR": "PB-P00030",
    "C_CODE": "CT205",
    "_NullFlags": "b'\\x00'"
  },
  {
    "VR": "PB-P00031",
    "C_CODE": "CT204",
    "_NullFlags": "b'\\x00'"
  },
  {
    "VR": "PB-P00032",
    "C_CODE": "CT229",
    "_NullFlags": "b'\\x00'"
  },
  {
    "VR": "PB-P00033",
    "C_CODE": "CT205",
    "_NullFlags": "b'\\x00'"
  },
  {
    "VR": "PB-P00034",
    "C_CODE": "CT205",
    "_NullFlags": "b'\\x00'"
  },
  {
    "VR": "PB-P00035",
    "C_CODE": "CT092",
    "_NullFlags": "b'\\x00'"
  },
  {
    "VR": "PB-P00036",
    "C_CODE": "CT113",
    "_NullFlags": "b'\\x00'"
  },
  {
    "VR": "PB-P00037",
    "C_CODE": "CT113",
    "_NullFlags": "b'\\x00'"
  },
  {
    "VR": "PB-P00038",
    "C_CODE": "CT113",
    "_NullFlags": "b'\\x00'"
  },
  {
    "VR": "PB-P00039",
    "C_CODE": "CT113",
    "_NullFlags": "b'\\x00'"
  },
  {
    "VR": "PB-P00040",
    "C_CODE": "CT113",
    "_NullFlags": "b'\\x00'"
  },
  {
    "VR": "PB-P00041",
    "C_CODE": "CT205",
    "_NullFlags": "b'\\x00'"
  },
  {
    "VR": "PB-P00042",
    "C_CODE": "CT205",
    "_NullFlags": "b'\\x00'"
  },
  {
    "VR": "PB-P00043",
    "C_CODE": "CT229",
    "_NullFlags": "b'\\x00'"
  },
  {
    "VR": "PB-P00044",
    "C_CODE": "CT229",
    "_NullFlags": "b'\\x00'"
  },
  {
    "VR": "PB-P00045",
    "C_CODE": "CT205",
    "_NullFlags": "b'\\x00'"
  },
  {
    "VR": "PB-P00046",
    "C_CODE": "CT068",
    "_NullFlags": "b'\\x00'"
  },
  {
    "VR": "PB-P00047",
    "C_CODE": "CT092",
    "_NullFlags": "b'\\x00'"
  },
  {
    "VR": "PB-P00048",
    "C_CODE": "CT205",
    "_NullFlags": "b'\\x00'"
  },
  {
    "VR": "PB-P00049",
    "C_CODE": "CT113",
    "_NullFlags": "b'\\x00'"
  },
  {
    "VR": "PB-P00050",
    "C_CODE": "CT113",
    "_NullFlags": "b'\\x00'"
  },
  {
    "VR": "PB-P00051",
    "C_CODE": "CT113",
    "_NullFlags": "b'\\x00'"
  },
  {
    "VR": "PB-P00052",
    "C_CODE": "CT113",
    "_NullFlags": "b'\\x00'"
  },
  {
    "VR": "PB-P00053",
    "C_CODE": "CT229",
    "_NullFlags": "b'\\x00'"
  },
  {
    "VR": "PB-P00054",
    "C_CODE": "CT033",
    "_NullFlags": "b'\\x00'"
  },
  {
    "VR": "PB-P00055",
    "C_CODE": "CT023",
    "_NullFlags": "b'\\x00'"
  },
  {
    "VR": "PB-P00056",
    "C_CODE": "CT182",
    "_NullFlags": "b'\\x00'"
  },
  {
    "VR": "PB-P00057",
    "C_CODE": "CT023",
    "_NullFlags": "b'\\x00'"
  },
  {
    "VR": "PB-P00058",
    "C_CODE": "CT205",
    "_NullFlags": "b'\\x00'"
  },
  {
    "VR": "PB-P00059",
    "C_CODE": "CT175",
    "_NullFlags": "b'\\x00'"
  },
  {
    "VR": "PB-P00064",
    "C_CODE": "CT113",
    "_NullFlags": "b'\\x00'"
  },
  {
    "VR": "PB-P00065",
    "C_CODE": "CT113",
    "_NullFlags": "b'\\x00'"
  },
  {
    "VR": "PB-P00066",
    "C_CODE": "CT113",
    "_NullFlags": "b'\\x00'"
  },
  {
    "VR": "PB-P00067",
    "C_CODE": "CT113",
    "_NullFlags": "b'\\x00'"
  },
  {
    "VR": "PB-P00068",
    "C_CODE": "CT113",
    "_NullFlags": "b'\\x00'"
  },
  {
    "VR": "PB-P00069",
    "C_CODE": "CT113",
    "_NullFlags": "b'\\x00'"
  },
  {
    "VR": "PB-P00070",
    "C_CODE": "CT113",
    "_NullFlags": "b'\\x00'"
  },
  {
    "VR": "PB-P00071",
    "C_CODE": "CT113",
    "_NullFlags": "b'\\x00'"
  },
  {
    "VR": "PB-P00072",
    "C_CODE": "CT113",
    "_NullFlags": "b'\\x00'"
  },
  {
    "VR": "PB-P00073",
    "C_CODE": "CT113",
    "_NullFlags": "b'\\x00'"
  },
  {
    "VR": "PB-P00074",
    "C_CODE": "CT092",
    "_NullFlags": "b'\\x00'"
  },
  {
    "VR": "PB-P00075",
    "C_CODE": "CT229",
    "_NullFlags": "b'\\x00'"
  },
  {
    "VR": "PB-P00076",
    "C_CODE": "CT229",
    "_NullFlags": "b'\\x00'"
  },
  {
    "VR": "PB-P00077",
    "C_CODE": "CT229",
    "_NullFlags": "b'\\x00'"
  },
  {
    "VR": "PB-P00078",
    "C_CODE": "CT205",
    "_NullFlags": "b'\\x00'"
  },
  {
    "VR": "PB-P00079",
    "C_CODE": "CT204",
    "_NullFlags": "b'\\x00'"
  },
  {
    "VR": "PB-P00080",
    "C_CODE": "CT229",
    "_NullFlags": "b'\\x00'"
  },
  {
    "VR": "PB-P00081",
    "C_CODE": "CT113",
    "_NullFlags": "b'\\x00'"
  },
  {
    "VR": "PB-P00082",
    "C_CODE": "CT113",
    "_NullFlags": "b'\\x00'"
  },
  {
    "VR": "PB-P00083",
    "C_CODE": "CT092",
    "_NullFlags": "b'\\x00'"
  },
  {
    "VR": "PB-P00084",
    "C_CODE": "CT205",
    "_NullFlags": "b'\\x00'"
  },
  {
    "VR": "PB-P00085",
    "C_CODE": "CT113",
    "_NullFlags": "b'\\x00'"
  },
  {
    "VR": "PB-P00086",
    "C_CODE": "CT113",
    "_NullFlags": "b'\\x00'"
  },
  {
    "VR": "PB-P00087",
    "C_CODE": "CT113",
    "_NullFlags": "b'\\x00'"
  },
  {
    "VR": "PB-P00088",
    "C_CODE": "CT113",
    "_NullFlags": "b'\\x00'"
  },
  {
    "VR": "PB-P00089",
    "C_CODE": "CT229",
    "_NullFlags": "b'\\x00'"
  },
  {
    "VR": "PB-P00090",
    "C_CODE": "CT092",
    "_NullFlags": "b'\\x00'"
  },
  {
    "VR": "PB-P00091",
    "C_CODE": "CT113",
    "_NullFlags": "b'\\x00'"
  },
  {
    "VR": "PB-P00092",
    "C_CODE": "CT113",
    "_NullFlags": "b'\\x00'"
  },
  {
    "VR": "PB-P00093",
    "C_CODE": "CT113",
    "_NullFlags": "b'\\x00'"
  },
  {
    "VR": "PB-P00094",
    "C_CODE": "CT182",
    "_NullFlags": "b'\\x00'"
  },
  {
    "VR": "PB-P00095",
    "C_CODE": "CT033",
    "_NullFlags": "b'\\x00'"
  },
  {
    "VR": "PB-P00096",
    "C_CODE": "CT205",
    "_NullFlags": "b'\\x00'"
  },
  {
    "VR": "PB-P00097",
    "C_CODE": "OT063",
    "_NullFlags": "b'\\x00'"
  },
  {
    "VR": "PB-P00098",
    "C_CODE": "CT092",
    "_NullFlags": "b'\\x00'"
  },
  {
    "VR": "PB-P00099",
    "C_CODE": "CT205",
    "_NullFlags": "b'\\x00'"
  },
  {
    "VR": "PB-P00100",
    "C_CODE": "CT023",
    "_NullFlags": "b'\\x00'"
  },
  {
    "VR": "PB-P00101",
    "C_CODE": "CT182",
    "_NullFlags": "b'\\x00'"
  },
  {
    "VR": "PB-P00102",
    "C_CODE": "CT229",
    "_NullFlags": "b'\\x00'"
  },
  {
    "VR": "PB-P00103",
    "C_CODE": "CT229",
    "_NullFlags": "b'\\x00'"
  },
  {
    "VR": "PB-P00104",
    "C_CODE": "CT229",
    "_NullFlags": "b'\\x00'"
  },
  {
    "VR": "PB-P00105",
    "C_CODE": "CT175",
    "_NullFlags": "b'\\x00'"
  },
  {
    "VR": "PB-P00106",
    "C_CODE": "CT205",
    "_NullFlags": "b'\\x00'"
  },
  {
    "VR": "PB-P00107",
    "C_CODE": "CT204",
    "_NullFlags": "b'\\x00'"
  },
  {
    "VR": "PB-P00108",
    "C_CODE": "CT068",
    "_NullFlags": "b'\\x00'"
  },
  {
    "VR": "PB-P00109",
    "C_CODE": "CT205",
    "_NullFlags": "b'\\x00'"
  },
  {
    "VR": "PB-P00110",
    "C_CODE": "GK147",
    "_NullFlags": "b'\\x00'"
  },
  {
    "VR": "PB-P00111",
    "C_CODE": "OT063",
    "_NullFlags": "b'\\x00'"
  },
  {
    "VR": "PB-P00112",
    "C_CODE": "CT229",
    "_NullFlags": "b'\\x00'"
  },
  {
    "VR": "PB-P00113",
    "C_CODE": "CT113",
    "_NullFlags": "b'\\x00'"
  },
  {
    "VR": "PB-P00114",
    "C_CODE": "CT113",
    "_NullFlags": "b'\\x00'"
  },
  {
    "VR": "PB-P00115",
    "C_CODE": "CT113",
    "_NullFlags": "b'\\x00'"
  },
  {
    "VR": "PB-P00116",
    "C_CODE": "CT113",
    "_NullFlags": "b'\\x00'"
  },
  {
    "VR": "PB-P00117",
    "C_CODE": "CT229",
    "_NullFlags": "b'\\x00'"
  },
  {
    "VR": "PB-P00118",
    "C_CODE": "CT092",
    "_NullFlags": "b'\\x00'"
  },
  {
    "VR": "PB-P00119",
    "C_CODE": "CT205",
    "_NullFlags": "b'\\x00'"
  },
  {
    "VR": "PB-P00120",
    "C_CODE": "CT205",
    "_NullFlags": "b'\\x00'"
  },
  {
    "VR": "PB-P00121",
    "C_CODE": "CT113",
    "_NullFlags": "b'\\x00'"
  },
  {
    "VR": "PB-P00122",
    "C_CODE": "CT113",
    "_NullFlags": "b'\\x00'"
  },
  {
    "VR": "PB-P00123",
    "C_CODE": "CT113",
    "_NullFlags": "b'\\x00'"
  },
  {
    "VR": "PB-P00124",
    "C_CODE": "CT113",
    "_NullFlags": "b'\\x00'"
  },
  {
    "VR": "PB-P00125",
    "C_CODE": "CT113",
    "_NullFlags": "b'\\x00'"
  },
  {
    "VR": "PB-P00126",
    "C_CODE": "CT204",
    "_NullFlags": "b'\\x00'"
  },
  {
    "VR": "PB-P00127",
    "C_CODE": "CT205",
    "_NullFlags": "b'\\x00'"
  },
  {
    "VR": "PB-P00128",
    "C_CODE": "CT113",
    "_NullFlags": "b'\\x00'"
  },
  {
    "VR": "PB-P00129",
    "C_CODE": "CT113",
    "_NullFlags": "b'\\x00'"
  },
  {
    "VR": "PB-P00130",
    "C_CODE": "CT113",
    "_NullFlags": "b'\\x00'"
  },
  {
    "VR": "PB-P00131",
    "C_CODE": "CT205",
    "_NullFlags": "b'\\x00'"
  },
  {
    "VR": "PB-P00132",
    "C_CODE": "CT205",
    "_NullFlags": "b'\\x00'"
  },
  {
    "VR": "PB-P00133",
    "C_CODE": "CT092",
    "_NullFlags": "b'\\x00'"
  },
  {
    "VR": "PB-P00134",
    "C_CODE": "CT113",
    "_NullFlags": "b'\\x00'"
  },
  {
    "VR": "PB-P00135",
    "C_CODE": "CT113",
    "_NullFlags": "b'\\x00'"
  },
  {
    "VR": "PB-P00136",
    "C_CODE": "CT229",
    "_NullFlags": "b'\\x00'"
  },
  {
    "VR": "PB-P00137",
    "C_CODE": "CT023",
    "_NullFlags": "b'\\x00'"
  },
  {
    "VR": "PB-P00138",
    "C_CODE": "CT023",
    "_NullFlags": "b'\\x00'"
  },
  {
    "VR": "PB-P00139",
    "C_CODE": "CT182",
    "_NullFlags": "b'\\x00'"
  },
  {
    "VR": "PB-P00140",
    "C_CODE": "CT033",
    "_NullFlags": "b'\\x00'"
  },
  {
    "VR": "PB-P00141",
    "C_CODE": "CT205",
    "_NullFlags": "b'\\x00'"
  },
  {
    "VR": "PB-P00142",
    "C_CODE": "CT229",
    "_NullFlags": "b'\\x00'"
  },
  {
    "VR": "PB-P00143",
    "C_CODE": "CT113",
    "_NullFlags": "b'\\x00'"
  },
  {
    "VR": "PB-P00144",
    "C_CODE": "CT113",
    "_NullFlags": "b'\\x00'"
  },
  {
    "VR": "PB-P00145",
    "C_CODE": "CT113",
    "_NullFlags": "b'\\x00'"
  },
  {
    "VR": "PB-P00146",
    "C_CODE": "CT113",
    "_NullFlags": "b'\\x00'"
  },
  {
    "VR": "PB-P00147",
    "C_CODE": "GK147",
    "_NullFlags": "b'\\x00'"
  },
  {
    "VR": "PB-P00148",
    "C_CODE": "CT204",
    "_NullFlags": "b'\\x00'"
  },
  {
    "VR": "PB-P00149",
    "C_CODE": "CT229",
    "_NullFlags": "b'\\x00'"
  },
  {
    "VR": "PB-P00150",
    "C_CODE": "CT205",
    "_NullFlags": "b'\\x00'"
  },
  {
    "VR": "PB-P00151",
    "C_CODE": "CT229",
    "_NullFlags": "b'\\x00'"
  },
  {
    "VR": "PB-P00152",
    "C_CODE": "CT205",
    "_NullFlags": "b'\\x00'"
  },
  {
    "VR": "PB-P00153",
    "C_CODE": "CT113",
    "_NullFlags": "b'\\x00'"
  },
  {
    "VR": "PB-P00154",
    "C_CODE": "CT113",
    "_NullFlags": "b'\\x00'"
  },
  {
    "VR": "PB-P00155",
    "C_CODE": "CT113",
    "_NullFlags": "b'\\x00'"
  },
  {
    "VR": "PB-P00156",
    "C_CODE": "CT229",
    "_NullFlags": "b'\\x00'"
  },
  {
    "VR": "PB-P00157",
    "C_CODE": "CT092",
    "_NullFlags": "b'\\x00'"
  },
  {
    "VR": "PB-P00158",
    "C_CODE": "CT205",
    "_NullFlags": "b'\\x00'"
  },
  {
    "VR": "PB-P00159",
    "C_CODE": "CT229",
    "_NullFlags": "b'\\x00'"
  },
  {
    "VR": "PB-P00160",
    "C_CODE": "CT204",
    "_NullFlags": "b'\\x00'"
  },
  {
    "VR": "PB-P00161",
    "C_CODE": "CT253",
    "_NullFlags": "b'\\x00'"
  },
  {
    "VR": "PB-P00162",
    "C_CODE": "CT092",
    "_NullFlags": "b'\\x00'"
  },
  {
    "VR": "PB-P00163",
    "C_CODE": "CT068",
    "_NullFlags": "b'\\x00'"
  },
  {
    "VR": "PB-P00164",
    "C_CODE": "CT229",
    "_NullFlags": "b'\\x00'"
  },
  {
    "VR": "PB-P00165",
    "C_CODE": "CT092",
    "_NullFlags": "b'\\x00'"
  },
  {
    "VR": "PB-P00166",
    "C_CODE": "CT175",
    "_NullFlags": "b'\\x00'"
  },
  {
    "VR": "PB-P00167",
    "C_CODE": "CT205",
    "_NullFlags": "b'\\x00'"
  },
  {
    "VR": "PB-P00168",
    "C_CODE": "CT023",
    "_NullFlags": "b'\\x00'"
  },
  {
    "VR": "PB-P00169",
    "C_CODE": "CT033",
    "_NullFlags": "b'\\x00'"
  },
  {
    "VR": "PB-P00170",
    "C_CODE": "CT182",
    "_NullFlags": "b'\\x00'"
  },
  {
    "VR": "PB-P00171",
    "C_CODE": "CT253",
    "_NullFlags": "b'\\x00'"
  },
  {
    "VR": "PB-P00172",
    "C_CODE": "GK147",
    "_NullFlags": "b'\\x00'"
  },
  {
    "VR": "PB-P00173",
    "C_CODE": "CT229",
    "_NullFlags": "b'\\x00'"
  },
  {
    "VR": "PB-P00174",
    "C_CODE": "CT205",
    "_NullFlags": "b'\\x00'"
  },
  {
    "VR": "PB-P00175",
    "C_CODE": "CT229",
    "_NullFlags": "b'\\x00'"
  },
  {
    "VR": "PB-P00176",
    "C_CODE": "CT092",
    "_NullFlags": "b'\\x00'"
  },
  {
    "VR": "PB-P00177",
    "C_CODE": "CT205",
    "_NullFlags": "b'\\x00'"
  },
  {
    "VR": "PB-P00178",
    "C_CODE": "GK147",
    "_NullFlags": "b'\\x00'"
  },
  {
    "VR": "PB-P00179",
    "C_CODE": "CT204",
    "_NullFlags": "b'\\x00'"
  },
  {
    "VR": "PB-P00180",
    "C_CODE": "CT253",
    "_NullFlags": "b'\\x00'"
  },
  {
    "VR": "PB-P00181",
    "C_CODE": "CT205",
    "_NullFlags": "b'\\x00'"
  },
  {
    "VR": "PB-P00182",
    "C_CODE": "CT252",
    "_NullFlags": "b'\\x00'"
  },
  {
    "VR": "PB-P00186",
    "C_CODE": "CT254",
    "_NullFlags": "b'\\x00'"
  },
  {
    "VR": "PB-P00187",
    "C_CODE": "CT254",
    "_NullFlags": "b'\\x00'"
  },
  {
    "VR": "PB-P00188",
    "C_CODE": "CT175",
    "_NullFlags": "b'\\x00'"
  },
  {
    "VR": "PB-P00189",
    "C_CODE": "CT229",
    "_NullFlags": "b'\\x00'"
  },
  {
    "VR": "PB-P00190",
    "C_CODE": "CT092",
    "_NullFlags": "b'\\x00'"
  },
  {
    "VR": "PB-P00191",
    "C_CODE": "CT205",
    "_NullFlags": "b'\\x00'"
  },
  {
    "VR": "PB-P00192",
    "C_CODE": "CT205",
    "_NullFlags": "b'\\x00'"
  },
  {
    "VR": "PB-P00193",
    "C_CODE": "GK147",
    "_NullFlags": "b'\\x00'"
  },
  {
    "VR": "PB-P00194",
    "C_CODE": "CT254",
    "_NullFlags": "b'\\x00'"
  },
  {
    "VR": "PB-P00195",
    "C_CODE": "CT205",
    "_NullFlags": "b'\\x00'"
  },
  {
    "VR": "PB-P00196",
    "C_CODE": "CT229",
    "_NullFlags": "b'\\x00'"
  },
  {
    "VR": "PB-P00197",
    "C_CODE": "CT229",
    "_NullFlags": "b'\\x00'"
  },
  {
    "VR": "PB-P00199",
    "C_CODE": "CT252",
    "_NullFlags": "b'\\x00'"
  },
  {
    "VR": "PB-P00203",
    "C_CODE": "CT252",
    "_NullFlags": "b'\\x00'"
  },
  {
    "VR": "PB-P00204",
    "C_CODE": "CT092",
    "_NullFlags": "b'\\x00'"
  },
  {
    "VR": "PB-P00205",
    "C_CODE": "CT205",
    "_NullFlags": "b'\\x00'"
  },
  {
    "VR": "PB-P00206",
    "C_CODE": "CT205",
    "_NullFlags": "b'\\x00'"
  },
  {
    "VR": "PB-P00208",
    "C_CODE": "CT205",
    "_NullFlags": "b'\\x00'"
  },
  {
    "VR": "PB-P00209",
    "C_CODE": "CT229",
    "_NullFlags": "b'\\x00'"
  },
  {
    "VR": "PB-P00210",
    "C_CODE": "CT092",
    "_NullFlags": "b'\\x00'"
  },
  {
    "VR": "PB-P00211",
    "C_CODE": "CT252",
    "_NullFlags": "b'\\x00'"
  },
  {
    "VR": "PB-P00217",
    "C_CODE": "CT205",
    "_NullFlags": "b'\\x00'"
  },
  {
    "VR": "PB-P00218",
    "C_CODE": "CT182",
    "_NullFlags": "b'\\x00'"
  },
  {
    "VR": "PB-P00219",
    "C_CODE": "CT023",
    "_NullFlags": "b'\\x00'"
  },
  {
    "VR": "PB-P00220",
    "C_CODE": "CT023",
    "_NullFlags": "b'\\x00'"
  },
  {
    "VR": "PB-P00221",
    "C_CODE": "CT033",
    "_NullFlags": "b'\\x00'"
  },
  {
    "VR": "PB-P00222",
    "C_CODE": "CT205",
    "_NullFlags": "b'\\x00'"
  },
  {
    "VR": "PB-P00223",
    "C_CODE": "GK147",
    "_NullFlags": "b'\\x00'"
  },
  {
    "VR": "PB-P00224",
    "C_CODE": "CT205",
    "_NullFlags": "b'\\x00'"
  },
  {
    "VR": "PB-P00225",
    "C_CODE": "CT175",
    "_NullFlags": "b'\\x00'"
  },
  {
    "VR": "PB-P00226",
    "C_CODE": "CT229",
    "_NullFlags": "b'\\x00'"
  },
  {
    "VR": "PB-P00227",
    "C_CODE": "CT229",
    "_NullFlags": "b'\\x00'"
  },
  {
    "VR": "PB-P00228",
    "C_CODE": "CT253",
    "_NullFlags": "b'\\x00'"
  },
  {
    "VR": "PB-P00229",
    "C_CODE": "CT204",
    "_NullFlags": "b'\\x00'"
  },
  {
    "VR": "PB-P00230",
    "C_CODE": "CT205",
    "_NullFlags": "b'\\x00'"
  },
  {
    "VR": "PB-P00231",
    "C_CODE": "CT092",
    "_NullFlags": "b'\\x00'"
  },
  {
    "VR": "PB-P00232",
    "C_CODE": "CT229",
    "_NullFlags": "b'\\x00'"
  },
  {
    "VR": "PB-P00233",
    "C_CODE": "CT160",
    "_NullFlags": "b'\\x00'"
  },
  {
    "VR": "PB-P00234",
    "C_CODE": "CT205",
    "_NullFlags": "b'\\x00'"
  },
  {
    "VR": "PB-P00235",
    "C_CODE": "CT254",
    "_NullFlags": "b'\\x00'"
  },
  {
    "VR": "PB-P00236",
    "C_CODE": "CT229",
    "_NullFlags": "b'\\x00'"
  },
  {
    "VR": "PB-P00237",
    "C_CODE": "CT205",
    "_NullFlags": "b'\\x00'"
  },
  {
    "VR": "PB-P00238",
    "C_CODE": "GK147",
    "_NullFlags": "b'\\x00'"
  },
  {
    "VR": "PB-P00239",
    "C_CODE": "CT229",
    "_NullFlags": "b'\\x00'"
  },
  {
    "VR": "PB-P00240",
    "C_CODE": "CT205",
    "_NullFlags": "b'\\x00'"
  },
  {
    "VR": "PB-P00241",
    "C_CODE": "CT204",
    "_NullFlags": "b'\\x00'"
  },
  {
    "VR": "PB-P00242",
    "C_CODE": "CT175",
    "_NullFlags": "b'\\x00'"
  },
  {
    "VR": "PB-P00243",
    "C_CODE": "CT254",
    "_NullFlags": "b'\\x00'"
  },
  {
    "VR": "PB-P00244",
    "C_CODE": "CT205",
    "_NullFlags": "b'\\x00'"
  },
  {
    "VR": "PB-P00245",
    "C_CODE": "CT254",
    "_NullFlags": "b'\\x00'"
  },
  {
    "VR": "PB-P00246",
    "C_CODE": "CT092",
    "_NullFlags": "b'\\x00'"
  },
  {
    "VR": "PB-P00247",
    "C_CODE": "CT229",
    "_NullFlags": "b'\\x00'"
  },
  {
    "VR": "PB-P00248",
    "C_CODE": "CT205",
    "_NullFlags": "b'\\x00'"
  },
  {
    "VR": "PB-P00249",
    "C_CODE": "CT252",
    "_NullFlags": "b'\\x00'"
  },
  {
    "VR": "PB-P00251",
    "C_CODE": "CT175",
    "_NullFlags": "b'\\x00'"
  },
  {
    "VR": "PB-P00252",
    "C_CODE": "CT182",
    "_NullFlags": "b'\\x00'"
  },
  {
    "VR": "PB-P00253",
    "C_CODE": "CT023",
    "_NullFlags": "b'\\x00'"
  },
  {
    "VR": "PB-P00254",
    "C_CODE": "CT229",
    "_NullFlags": "b'\\x00'"
  },
  {
    "VR": "PB-P00255",
    "C_CODE": "CT205",
    "_NullFlags": "b'\\x00'"
  },
  {
    "VR": "PB-P00256",
    "C_CODE": "GK147",
    "_NullFlags": "b'\\x00'"
  },
  {
    "VR": "PB-P00257",
    "C_CODE": "CT204",
    "_NullFlags": "b'\\x00'"
  },
  {
    "VR": "PB-P00258",
    "C_CODE": "CT160",
    "_NullFlags": "b'\\x00'"
  },
  {
    "VR": "PB-P00259",
    "C_CODE": "CT254",
    "_NullFlags": "b'\\x00'"
  },
  {
    "VR": "PB-P00260",
    "C_CODE": "CT205",
    "_NullFlags": "b'\\x00'"
  },
  {
    "VR": "PB-P00262",
    "C_CODE": "CT229",
    "_NullFlags": "b'\\x00'"
  },
  {
    "VR": "PB-P00263",
    "C_CODE": "CT092",
    "_NullFlags": "b'\\x00'"
  },
  {
    "VR": "PB-P00264",
    "C_CODE": "CT205",
    "_NullFlags": "b'\\x00'"
  },
  {
    "VR": "PB-P00265",
    "C_CODE": "CT205",
    "_NullFlags": "b'\\x00'"
  },
  {
    "VR": "PB-P00266",
    "C_CODE": "CT205",
    "_NullFlags": "b'\\x00'"
  },
  {
    "VR": "PB-P00267",
    "C_CODE": "CT160",
    "_NullFlags": "b'\\x00'"
  },
  {
    "VR": "PB-P00268",
    "C_CODE": "CT229",
    "_NullFlags": "b'\\x00'"
  },
  {
    "VR": "PB-P00269",
    "C_CODE": "CT229",
    "_NullFlags": "b'\\x00'"
  },
  {
    "VR": "PB-P00270",
    "C_CODE": "CT204",
    "_NullFlags": "b'\\x00'"
  },
  {
    "VR": "PB-P00271",
    "C_CODE": "CT254",
    "_NullFlags": "b'\\x00'"
  },
  {
    "VR": "PB-P00272",
    "C_CODE": "GK147",
    "_NullFlags": "b'\\x00'"
  },
  {
    "VR": "PB-P00273",
    "C_CODE": "CT160",
    "_NullFlags": "b'\\x00'"
  },
  {
    "VR": "PB-P00274",
    "C_CODE": "CT255",
    "_NullFlags": "b'\\x00'"
  },
  {
    "VR": "PB-P00275",
    "C_CODE": "CT255",
    "_NullFlags": "b'\\x00'"
  },
  {
    "VR": "PB-P00276",
    "C_CODE": "CT023",
    "_NullFlags": "b'\\x00'"
  },
  {
    "VR": "PB-P00277",
    "C_CODE": "CT182",
    "_NullFlags": "b'\\x00'"
  },
  {
    "VR": "PB-P00278",
    "C_CODE": "CT092",
    "_NullFlags": "b'\\x00'"
  },
  {
    "VR": "PB-P00279",
    "C_CODE": "CT205",
    "_NullFlags": "b'\\x00'"
  },
  {
    "VR": "PB-P00280",
    "C_CODE": "CT205",
    "_NullFlags": "b'\\x00'"
  },
  {
    "VR": "PB-P00281",
    "C_CODE": "CT229",
    "_NullFlags": "b'\\x00'"
  },
  {
    "VR": "PB-P00282",
    "C_CODE": "CT256",
    "_NullFlags": "b'\\x00'"
  },
  {
    "VR": "PB-P00283",
    "C_CODE": "CT204",
    "_NullFlags": "b'\\x00'"
  },
  {
    "VR": "PB-P00284",
    "C_CODE": "CT175",
    "_NullFlags": "b'\\x00'"
  },
  {
    "VR": "PB-P00285",
    "C_CODE": "CT175",
    "_NullFlags": "b'\\x00'"
  },
  {
    "VR": "PB-P00286",
    "C_CODE": "CT229",
    "_NullFlags": "b'\\x00'"
  },
  {
    "VR": "PB-P00287",
    "C_CODE": "CT205",
    "_NullFlags": "b'\\x00'"
  },
  {
    "VR": "PB-P00288",
    "C_CODE": "CT255",
    "_NullFlags": "b'\\x00'"
  },
  {
    "VR": "PB-P00289",
    "C_CODE": "CT204",
    "_NullFlags": "b'\\x00'"
  },
  {
    "VR": "PB-P00290",
    "C_CODE": "CT205",
    "_NullFlags": "b'\\x00'"
  },
  {
    "VR": "PB-P00291",
    "C_CODE": "CT205",
    "_NullFlags": "b'\\x00'"
  },
  {
    "VR": "PB-P00292",
    "C_CODE": "CT205",
    "_NullFlags": "b'\\x00'"
  },
  {
    "VR": "PB-P00293",
    "C_CODE": "CT205",
    "_NullFlags": "b'\\x00'"
  },
  {
    "VR": "PB-P00294",
    "C_CODE": "CT205",
    "_NullFlags": "b'\\x00'"
  },
  {
    "VR": "PB-P00295",
    "C_CODE": "CT205",
    "_NullFlags": "b'\\x00'"
  },
  {
    "VR": "PB-P00296",
    "C_CODE": "CT204",
    "_NullFlags": "b'\\x00'"
  },
  {
    "VR": "PB-P00297",
    "C_CODE": "CT205",
    "_NullFlags": "b'\\x00'"
  },
  {
    "VR": "PB-P00298",
    "C_CODE": "CT229",
    "_NullFlags": "b'\\x00'"
  },
  {
    "VR": "PB-P00299",
    "C_CODE": "CT092",
    "_NullFlags": "b'\\x00'"
  },
  {
    "VR": "PB-P00300",
    "C_CODE": "CT255",
    "_NullFlags": "b'\\x00'"
  },
  {
    "VR": "PB-P00301",
    "C_CODE": "CT205",
    "_NullFlags": "b'\\x00'"
  },
  {
    "VR": "PB-P00302",
    "C_CODE": "CT205",
    "_NullFlags": "b'\\x00'"
  },
  {
    "VR": "PB-P00303",
    "C_CODE": "CT205",
    "_NullFlags": "b'\\x00'"
  },
  {
    "VR": "PB-P00304",
    "C_CODE": "GK147",
    "_NullFlags": "b'\\x00'"
  },
  {
    "VR": "PB-P00305",
    "C_CODE": "CT092",
    "_NullFlags": "b'\\x00'"
  },
  {
    "VR": "PB-P00306",
    "C_CODE": "CT229",
    "_NullFlags": "b'\\x00'"
  },
  {
    "VR": "PB-P00307",
    "C_CODE": "CT229",
    "_NullFlags": "b'\\x00'"
  },
  {
    "VR": "PB-P00308",
    "C_CODE": "CT229",
    "_NullFlags": "b'\\x00'"
  },
  {
    "VR": "PB-P00309",
    "C_CODE": "CT253",
    "_NullFlags": "b'\\x00'"
  },
  {
    "VR": "PB-P00310",
    "C_CODE": "CT175",
    "_NullFlags": "b'\\x00'"
  },
  {
    "VR": "PB-P00311",
    "C_CODE": "CT175",
    "_NullFlags": "b'\\x00'"
  },
  {
    "VR": "PB-P00312",
    "C_CODE": "CT205",
    "_NullFlags": "b'\\x00'"
  },
  {
    "VR": "PB-P00313",
    "C_CODE": "CT205",
    "_NullFlags": "b'\\x00'"
  },
  {
    "VR": "PB-P00315",
    "C_CODE": "CT205",
    "_NullFlags": "b'\\x00'"
  },
  {
    "VR": "PB-P00316",
    "C_CODE": "CT182",
    "_NullFlags": "b'\\x00'"
  },
  {
    "VR": "PB-P00317",
    "C_CODE": "CT033",
    "_NullFlags": "b'\\x00'"
  },
  {
    "VR": "PB-P00318",
    "C_CODE": "CT023",
    "_NullFlags": "b'\\x00'"
  },
  {
    "VR": "PB-P00319",
    "C_CODE": "CT023",
    "_NullFlags": "b'\\x00'"
  },
  {
    "VR": "PB-P00320",
    "C_CODE": "CT160",
    "_NullFlags": "b'\\x00'"
  },
  {
    "VR": "PB-P00321",
    "C_CODE": "CT256",
    "_NullFlags": "b'\\x00'"
  },
  {
    "VR": "PB-P00322",
    "C_CODE": "CT255",
    "_NullFlags": "b'\\x00'"
  },
  {
    "VR": "PB-P00323",
    "C_CODE": "CT205",
    "_NullFlags": "b'\\x00'"
  },
  {
    "VR": "PB-P00324",
    "C_CODE": "CT229",
    "_NullFlags": "b'\\x00'"
  },
  {
    "VR": "PB-P00325",
    "C_CODE": "CT204",
    "_NullFlags": "b'\\x00'"
  },
  {
    "VR": "PB-P00326",
    "C_CODE": "CT175",
    "_NullFlags": "b'\\x00'"
  },
  {
    "VR": "PB-P00327",
    "C_CODE": "GK147",
    "_NullFlags": "b'\\x00'"
  },
  {
    "VR": "PB-P00328",
    "C_CODE": "CT255",
    "_NullFlags": "b'\\x00'"
  },
  {
    "VR": "PB-P00329",
    "C_CODE": "CT205",
    "_NullFlags": "b'\\x00'"
  },
  {
    "VR": "PB-P00330",
    "C_CODE": "CT175",
    "_NullFlags": "b'\\x00'"
  },
  {
    "VR": "PB-P00331",
    "C_CODE": "CT092",
    "_NullFlags": "b'\\x00'"
  },
  {
    "VR": "PB-P00332",
    "C_CODE": "CT229",
    "_NullFlags": "b'\\x00'"
  },
  {
    "VR": "PB-P00333",
    "C_CODE": "CT229",
    "_NullFlags": "b'\\x00'"
  },
  {
    "VR": "PB-P00334",
    "C_CODE": "CT255",
    "_NullFlags": "b'\\x00'"
  },
  {
    "VR": "PB-P00335",
    "C_CODE": "CT160",
    "_NullFlags": "b'\\x00'"
  },
  {
    "VR": "PB-P00336",
    "C_CODE": "CT205",
    "_NullFlags": "b'\\x00'"
  },
  {
    "VR": "PB-P00337",
    "C_CODE": "CT092",
    "_NullFlags": "b'\\x00'"
  },
  {
    "VR": "PB-P00338",
    "C_CODE": "GK147",
    "_NullFlags": "b'\\x00'"
  },
  {
    "VR": "PB-P00339",
    "C_CODE": "CT257",
    "_NullFlags": "b'\\x00'"
  },
  {
    "VR": "PB-P00340",
    "C_CODE": "CT229",
    "_NullFlags": "b'\\x00'"
  },
  {
    "VR": "PB-P00341",
    "C_CODE": "CT229",
    "_NullFlags": "b'\\x00'"
  },
  {
    "VR": "PB-P00342",
    "C_CODE": "CT205",
    "_NullFlags": "b'\\x00'"
  },
  {
    "VR": "PB-P00343",
    "C_CODE": "CT204",
    "_NullFlags": "b'\\x00'"
  },
  {
    "VR": "PB-P00344",
    "C_CODE": "CT205",
    "_NullFlags": "b'\\x00'"
  },
  {
    "VR": "PB-P00345",
    "C_CODE": "CT205",
    "_NullFlags": "b'\\x00'"
  },
  {
    "VR": "PB-P00346",
    "C_CODE": "CT256",
    "_NullFlags": "b'\\x00'"
  },
  {
    "VR": "PB-P00347",
    "C_CODE": "CT253",
    "_NullFlags": "b'\\x00'"
  },
  {
    "VR": "PB-P00348",
    "C_CODE": "CT229",
    "_NullFlags": "b'\\x00'"
  },
  {
    "VR": "PB-P00349",
    "C_CODE": "CT205",
    "_NullFlags": "b'\\x00'"
  },
  {
    "VR": "PB-P00350",
    "C_CODE": "CT205",
    "_NullFlags": "b'\\x00'"
  },
  {
    "VR": "PB-P00351",
    "C_CODE": "CT092",
    "_NullFlags": "b'\\x00'"
  },
  {
    "VR": "PB-P00352",
    "C_CODE": "GK147",
    "_NullFlags": "b'\\x00'"
  },
  {
    "VR": "PB-P00353",
    "C_CODE": "CT175",
    "_NullFlags": "b'\\x00'"
  },
  {
    "VR": "PB-P00354",
    "C_CODE": "CT204",
    "_NullFlags": "b'\\x00'"
  },
  {
    "VR": "PB-P00355",
    "C_CODE": "CT092",
    "_NullFlags": "b'\\x00'"
  },
  {
    "VR": "PB-P00356",
    "C_CODE": "CT205",
    "_NullFlags": "b'\\x00'"
  },
  {
    "VR": "PB-P00357",
    "C_CODE": "CT205",
    "_NullFlags": "b'\\x00'"
  },
  {
    "VR": "PB-P00358",
    "C_CODE": "CT255",
    "_NullFlags": "b'\\x00'"
  },
  {
    "VR": "PB-P00359",
    "C_CODE": "CT229",
    "_NullFlags": "b'\\x00'"
  },
  {
    "VR": "PB-P00360",
    "C_CODE": "CT229",
    "_NullFlags": "b'\\x00'"
  },
  {
    "VR": "PB-P00362",
    "C_CODE": "CT023",
    "_NullFlags": "b'\\x00'"
  },
  {
    "VR": "PB-P00363",
    "C_CODE": "CT023",
    "_NullFlags": "b'\\x00'"
  },
  {
    "VR": "PB-P00364",
    "C_CODE": "CT023",
    "_NullFlags": "b'\\x00'"
  },
  {
    "VR": "PB-P00365",
    "C_CODE": "CT182",
    "_NullFlags": "b'\\x00'"
  },
  {
    "VR": "PB-P00366",
    "C_CODE": "CT175",
    "_NullFlags": "b'\\x00'"
  },
  {
    "VR": "PB-P00367",
    "C_CODE": "CT092",
    "_NullFlags": "b'\\x00'"
  },
  {
    "VR": "PB-P00368",
    "C_CODE": "CT160",
    "_NullFlags": "b'\\x00'"
  },
  {
    "VR": "PB-P00369",
    "C_CODE": "GK147",
    "_NullFlags": "b'\\x00'"
  },
  {
    "VR": "PB-P00370",
    "C_CODE": "CT205",
    "_NullFlags": "b'\\x00'"
  },
  {
    "VR": "PB-P00371",
    "C_CODE": "CT229",
    "_NullFlags": "b'\\x00'"
  },
  {
    "VR": "PB-P00372",
    "C_CODE": "CT205",
    "_NullFlags": "b'\\x00'"
  },
  {
    "VR": "PB-P00373",
    "C_CODE": "CT254",
    "_NullFlags": "b'\\x00'"
  },
  {
    "VR": "PB-P00374",
    "C_CODE": "CT255",
    "_NullFlags": "b'\\x00'"
  },
  {
    "VR": "PB-P00375",
    "C_CODE": "CT204",
    "_NullFlags": "b'\\x00'"
  },
  {
    "VR": "PB-P00376",
    "C_CODE": "OT055",
    "_NullFlags": "b'\\x00'"
  },
  {
    "VR": "PB-P00377",
    "C_CODE": "CT205",
    "_NullFlags": "b'\\x00'"
  },
  {
    "VR": "PB-P00378",
    "C_CODE": "CT176",
    "_NullFlags": "b'\\x00'"
  },
  {
    "VR": "PB-P00379",
    "C_CODE": "CT205",
    "_NullFlags": "b'\\x00'"
  },
  {
    "VR": "PB-P00380",
    "C_CODE": "CT257",
    "_NullFlags": "b'\\x00'"
  },
  {
    "VR": "PB-P00381",
    "C_CODE": "CT257",
    "_NullFlags": "b'\\x00'"
  },
  {
    "VR": "PB-P00382",
    "C_CODE": "CT257",
    "_NullFlags": "b'\\x00'"
  },
  {
    "VR": "PB-P00383",
    "C_CODE": "CT257",
    "_NullFlags": "b'\\x00'"
  },
  {
    "VR": "PB-P00384",
    "C_CODE": "CT257",
    "_NullFlags": "b'\\x00'"
  },
  {
    "VR": "PB-P00385",
    "C_CODE": "CT257",
    "_NullFlags": "b'\\x00'"
  },
  {
    "VR": "PB-P00386",
    "C_CODE": "CT257",
    "_NullFlags": "b'\\x00'"
  },
  {
    "VR": "PB-P00387",
    "C_CODE": "CT257",
    "_NullFlags": "b'\\x00'"
  },
  {
    "VR": "PB-P00388",
    "C_CODE": "CT257",
    "_NullFlags": "b'\\x00'"
  },
  {
    "VR": "PB-P00389",
    "C_CODE": "CT257",
    "_NullFlags": "b'\\x00'"
  },
  {
    "VR": "PB-P00390",
    "C_CODE": "CT257",
    "_NullFlags": "b'\\x00'"
  },
  {
    "VR": "PB-P00391",
    "C_CODE": "CT257",
    "_NullFlags": "b'\\x00'"
  },
  {
    "VR": "PB-P00392",
    "C_CODE": "CT257",
    "_NullFlags": "b'\\x00'"
  },
  {
    "VR": "PB-P00393",
    "C_CODE": "CT257",
    "_NullFlags": "b'\\x00'"
  },
  {
    "VR": "PB-P00394",
    "C_CODE": "CT257",
    "_NullFlags": "b'\\x00'"
  },
  {
    "VR": "PB-P00395",
    "C_CODE": "CT257",
    "_NullFlags": "b'\\x00'"
  },
  {
    "VR": "PB-P00396",
    "C_CODE": "CT257",
    "_NullFlags": "b'\\x00'"
  },
  {
    "VR": "PB-P00397",
    "C_CODE": "CT257",
    "_NullFlags": "b'\\x00'"
  },
  {
    "VR": "PB-P00398",
    "C_CODE": "CT257",
    "_NullFlags": "b'\\x00'"
  },
  {
    "VR": "PB-P00399",
    "C_CODE": "CT023",
    "_NullFlags": "b'\\x00'"
  },
  {
    "VR": "PB-P00400",
    "C_CODE": "CT033",
    "_NullFlags": "b'\\x00'"
  },
  {
    "VR": "PB-P00401",
    "C_CODE": "CT182",
    "_NullFlags": "b'\\x00'"
  },
  {
    "VR": "PB-P00402",
    "C_CODE": "CT253",
    "_NullFlags": "b'\\x00'"
  },
  {
    "VR": "PB-P00403",
    "C_CODE": "CT205",
    "_NullFlags": "b'\\x00'"
  },
  {
    "VR": "PB-P00404",
    "C_CODE": "CT205",
    "_NullFlags": "b'\\x00'"
  },
  {
    "VR": "PB-P00405",
    "C_CODE": "CT182",
    "_NullFlags": "b'\\x00'"
  },
  {
    "VR": "PB-P00406",
    "C_CODE": "CT205",
    "_NullFlags": "b'\\x00'"
  },
  {
    "VR": "PB-P00407",
    "C_CODE": "CT229",
    "_NullFlags": "b'\\x00'"
  },
  {
    "VR": "PB-P00408",
    "C_CODE": "CT256",
    "_NullFlags": "b'\\x00'"
  },
  {
    "VR": "PB-P00409",
    "C_CODE": "CT205",
    "_NullFlags": "b'\\x00'"
  },
  {
    "VR": "PB-P00410",
    "C_CODE": "CT258",
    "_NullFlags": "b'\\x00'"
  },
  {
    "VR": "PB-P00411",
    "C_CODE": "CT258",
    "_NullFlags": "b'\\x00'"
  },
  {
    "VR": "PB-P00412",
    "C_CODE": "CT205",
    "_NullFlags": "b'\\x00'"
  },
  {
    "VR": "PB-P00413",
    "C_CODE": "CT204",
    "_NullFlags": "b'\\x00'"
  },
  {
    "VR": "PB-P00414",
    "C_CODE": "OT055",
    "_NullFlags": "b'\\x00'"
  },
  {
    "VR": "PB-P00415",
    "C_CODE": "CT253",
    "_NullFlags": "b'\\x00'"
  },
  {
    "VR": "PB-P00416",
    "C_CODE": "CT092",
    "_NullFlags": "b'\\x00'"
  },
  {
    "VR": "PB-P00417",
    "C_CODE": "CT229",
    "_NullFlags": "b'\\x00'"
  },
  {
    "VR": "PB-P00418",
    "C_CODE": "CT229",
    "_NullFlags": "b'\\x00'"
  },
  {
    "VR": "PB-P00419",
    "C_CODE": "CT229",
    "_NullFlags": "b'\\x00'"
  },
  {
    "VR": "PB-P00420",
    "C_CODE": "CT229",
    "_NullFlags": "b'\\x00'"
  },
  {
    "VR": "PB-P00421",
    "C_CODE": "CT229",
    "_NullFlags": "b'\\x00'"
  },
  {
    "VR": "PB-P00422",
    "C_CODE": "CT229",
    "_NullFlags": "b'\\x00'"
  },
  {
    "VR": "PB-P00423",
    "C_CODE": "CT229",
    "_NullFlags": "b'\\x00'"
  },
  {
    "VR": "PB-P00424",
    "C_CODE": "CT205",
    "_NullFlags": "b'\\x00'"
  },
  {
    "VR": "PB-P00425",
    "C_CODE": "CT092",
    "_NullFlags": "b'\\x00'"
  },
  {
    "VR": "PB-P00426",
    "C_CODE": "CT255",
    "_NullFlags": "b'\\x00'"
  },
  {
    "VR": "PB-P00427",
    "C_CODE": "CT205",
    "_NullFlags": "b'\\x00'"
  },
  {
    "VR": "PB-P00428",
    "C_CODE": "CT204",
    "_NullFlags": "b'\\x00'"
  },
  {
    "VR": "PB-P00429",
    "C_CODE": "GK147",
    "_NullFlags": "b'\\x00'"
  },
  {
    "VR": "PB-P00430",
    "C_CODE": "CT092",
    "_NullFlags": "b'\\x00'"
  },
  {
    "VR": "PB-P00431",
    "C_CODE": "CT205",
    "_NullFlags": "b'\\x00'"
  },
  {
    "VR": "PB-P00432",
    "C_CODE": "CT023",
    "_NullFlags": "b'\\x00'"
  },
  {
    "VR": "PB-P00433",
    "C_CODE": "CT182",
    "_NullFlags": "b'\\x00'"
  },
  {
    "VR": "PB-P00434",
    "C_CODE": "CT023",
    "_NullFlags": "b'\\x00'"
  },
  {
    "VR": "PB-P00435",
    "C_CODE": "CT229",
    "_NullFlags": "b'\\x00'"
  },
  {
    "VR": "PB-P00437",
    "C_CODE": "CT253",
    "_NullFlags": "b'\\x00'"
  },
  {
    "VR": "PB-P00438",
    "C_CODE": "CT204",
    "_NullFlags": "b'\\x00'"
  },
  {
    "VR": "PB-P00440",
    "C_CODE": "CT229",
    "_NullFlags": "b'\\x00'"
  },
  {
    "VR": "PB-P00441",
    "C_CODE": "CT229",
    "_NullFlags": "b'\\x00'"
  },
  {
    "VR": "PB-P00442",
    "C_CODE": "CT205",
    "_NullFlags": "b'\\x00'"
  },
  {
    "VR": "PB-P00443",
    "C_CODE": "CT256",
    "_NullFlags": "b'\\x00'"
  },
  {
    "VR": "PB-P00444",
    "C_CODE": "CT205",
    "_NullFlags": "b'\\x00'"
  },
  {
    "VR": "PB-P00445",
    "C_CODE": "CT258",
    "_NullFlags": "b'\\x00'"
  },
  {
    "VR": "PB-P00446",
    "C_CODE": "CT253",
    "_NullFlags": "b'\\x00'"
  },
  {
    "VR": "PB-P00447",
    "C_CODE": "CT092",
    "_NullFlags": "b'\\x00'"
  },
  {
    "VR": "PB-P00448",
    "C_CODE": "CT229",
    "_NullFlags": "b'\\x00'"
  },
  {
    "VR": "PB-P00449",
    "C_CODE": "CT033",
    "_NullFlags": "b'\\x00'"
  },
  {
    "VR": "PB-P00450",
    "C_CODE": "CT023",
    "_NullFlags": "b'\\x00'"
  },
  {
    "VR": "PB-P00451",
    "C_CODE": "CT253",
    "_NullFlags": "b'\\x00'"
  },
  {
    "VR": "PB-P00452",
    "C_CODE": "CT205",
    "_NullFlags": "b'\\x00'"
  },
  {
    "VR": "PB-P00453",
    "C_CODE": "CT259",
    "_NullFlags": "b'\\x00'"
  },
  {
    "VR": "PB-P00454",
    "C_CODE": "CT229",
    "_NullFlags": "b'\\x00'"
  },
  {
    "VR": "PB-P00455",
    "C_CODE": "CT229",
    "_NullFlags": "b'\\x00'"
  },
  {
    "VR": "PB-P00456",
    "C_CODE": "CT253",
    "_NullFlags": "b'\\x00'"
  },
  {
    "VR": "PB-P00457",
    "C_CODE": "CT255",
    "_NullFlags": "b'\\x00'"
  },
  {
    "VR": "PB-P00458",
    "C_CODE": "CT254",
    "_NullFlags": "b'\\x00'"
  },
  {
    "VR": "PB-P00459",
    "C_CODE": "CT204",
    "_NullFlags": "b'\\x00'"
  },
  {
    "VR": "PB-P00460",
    "C_CODE": "CT092",
    "_NullFlags": "b'\\x00'"
  },
  {
    "VR": "PB-P00461",
    "C_CODE": "CT229",
    "_NullFlags": "b'\\x00'"
  },
  {
    "VR": "PB-P00462",
    "C_CODE": "CT205",
    "_NullFlags": "b'\\x00'"
  },
  {
    "VR": "PB-P00463",
    "C_CODE": "CT205",
    "_NullFlags": "b'\\x00'"
  },
  {
    "VR": "PB-P00464",
    "C_CODE": "GK147",
    "_NullFlags": "b'\\x00'"
  },
  {
    "VR": "PB-P00465",
    "C_CODE": "CT092",
    "_NullFlags": "b'\\x00'"
  },
  {
    "VR": "PB-P00466",
    "C_CODE": "CT254",
    "_NullFlags": "b'\\x00'"
  },
  {
    "VR": "PB-P00467",
    "C_CODE": "CT205",
    "_NullFlags": "b'\\x00'"
  },
  {
    "VR": "PB-P00468",
    "C_CODE": "CT259",
    "_NullFlags": "b'\\x00'"
  },
  {
    "VR": "PB-P00469",
    "C_CODE": "CT259",
    "_NullFlags": "b'\\x00'"
  },
  {
    "VR": "PB-P00470",
    "C_CODE": "CT162",
    "_NullFlags": "b'\\x00'"
  },
  {
    "VR": "PB-P00471",
    "C_CODE": "CT256",
    "_NullFlags": "b'\\x00'"
  },
  {
    "VR": "PB-P00472",
    "C_CODE": "CT175",
    "_NullFlags": "b'\\x00'"
  },
  {
    "VR": "PB-P00473",
    "C_CODE": "CT205",
    "_NullFlags": "b'\\x00'"
  },
  {
    "VR": "PB-P00474",
    "C_CODE": "CT205",
    "_NullFlags": "b'\\x00'"
  },
  {
    "VR": "PB-P00475",
    "C_CODE": "CT023",
    "_NullFlags": "b'\\x00'"
  },
  {
    "VR": "PB-P00476",
    "C_CODE": "CT033",
    "_NullFlags": "b'\\x00'"
  },
  {
    "VR": "PB-P00477",
    "C_CODE": "CT182",
    "_NullFlags": "b'\\x00'"
  },
  {
    "VR": "PB-P00478",
    "C_CODE": "CT175",
    "_NullFlags": "b'\\x00'"
  },
  {
    "VR": "PB-P00479",
    "C_CODE": "CT205",
    "_NullFlags": "b'\\x00'"
  },
  {
    "VR": "PB-P00480",
    "C_CODE": "CT255",
    "_NullFlags": "b'\\x00'"
  },
  {
    "VR": "PB-P00481",
    "C_CODE": "CT229",
    "_NullFlags": "b'\\x00'"
  },
  {
    "VR": "PB-P00482",
    "C_CODE": "CT229",
    "_NullFlags": "b'\\x00'"
  },
  {
    "VR": "PB-P00483",
    "C_CODE": "CT259",
    "_NullFlags": "b'\\x00'"
  },
  {
    "VR": "PB-P00485",
    "C_CODE": "CT092",
    "_NullFlags": "b'\\x00'"
  },
  {
    "VR": "PB-P00486",
    "C_CODE": "CT205",
    "_NullFlags": "b'\\x00'"
  },
  {
    "VR": "PB-P00487",
    "C_CODE": "CT175",
    "_NullFlags": "b'\\x00'"
  },
  {
    "VR": "PB-P00488",
    "C_CODE": "CT253",
    "_NullFlags": "b'\\x00'"
  },
  {
    "VR": "PB-P00489",
    "C_CODE": "CT204",
    "_NullFlags": "b'\\x00'"
  },
  {
    "VR": "PB-P00490",
    "C_CODE": "CT160",
    "_NullFlags": "b'\\x00'"
  },
  {
    "VR": "PB-P00491",
    "C_CODE": "CT205",
    "_NullFlags": "b'\\x00'"
  },
  {
    "VR": "PB-P00492",
    "C_CODE": "CT259",
    "_NullFlags": "b'\\x00'"
  },
  {
    "VR": "PB-P00493",
    "C_CODE": "CT205",
    "_NullFlags": "b'\\x00'"
  },
  {
    "VR": "PB-P00494",
    "C_CODE": "CT254",
    "_NullFlags": "b'\\x00'"
  },
  {
    "VR": "PB-P00496",
    "C_CODE": "CT229",
    "_NullFlags": "b'\\x00'"
  },
  {
    "VR": "PB-P00497",
    "C_CODE": "CT229",
    "_NullFlags": "b'\\x00'"
  },
  {
    "VR": "PB-P00498",
    "C_CODE": "GK147",
    "_NullFlags": "b'\\x00'"
  },
  {
    "VR": "PB-P00499",
    "C_CODE": "CT205",
    "_NullFlags": "b'\\x00'"
  },
  {
    "VR": "PB-P00500",
    "C_CODE": "CT092",
    "_NullFlags": "b'\\x00'"
  },
  {
    "VR": "PB-P00501",
    "C_CODE": "CT256",
    "_NullFlags": "b'\\x00'"
  },
  {
    "VR": "PB-P00502",
    "C_CODE": "CT205",
    "_NullFlags": "b'\\x00'"
  },
  {
    "VR": "PB-P00503",
    "C_CODE": "CT175",
    "_NullFlags": "b'\\x00'"
  },
  {
    "VR": "PB-P00504",
    "C_CODE": "CT205",
    "_NullFlags": "b'\\x00'"
  },
  {
    "VR": "PB-P00505",
    "C_CODE": "CT254",
    "_NullFlags": "b'\\x00'"
  },
  {
    "VR": "PB-P00506",
    "C_CODE": "CT205",
    "_NullFlags": "b'\\x00'"
  },
  {
    "VR": "PB-P00507",
    "C_CODE": "CT205",
    "_NullFlags": "b'\\x00'"
  },
  {
    "VR": "PB-P00508",
    "C_CODE": "CT204",
    "_NullFlags": "b'\\x00'"
  },
  {
    "VR": "PB-P00509",
    "C_CODE": "CT023",
    "_NullFlags": "b'\\x00'"
  },
  {
    "VR": "PB-P00510",
    "C_CODE": "CT182",
    "_NullFlags": "b'\\x00'"
  },
  {
    "VR": "PB-P00511",
    "C_CODE": "CT254",
    "_NullFlags": "b'\\x00'"
  },
  {
    "VR": "PB-P00512",
    "C_CODE": "CT205",
    "_NullFlags": "b'\\x00'"
  },
  {
    "VR": "PB-P00513",
    "C_CODE": "CT229",
    "_NullFlags": "b'\\x00'"
  },
  {
    "VR": "PB-P00514",
    "C_CODE": "CT229",
    "_NullFlags": "b'\\x00'"
  },
  {
    "VR": "PB-P00515",
    "C_CODE": "CT229",
    "_NullFlags": "b'\\x00'"
  },
  {
    "VR": "PB-P00516",
    "C_CODE": "CT229",
    "_NullFlags": "b'\\x00'"
  },
  {
    "VR": "PB-P00517",
    "C_CODE": "CT160",
    "_NullFlags": "b'\\x00'"
  },
  {
    "VR": "PB-P00518",
    "C_CODE": "CT175",
    "_NullFlags": "b'\\x00'"
  },
  {
    "VR": "PB-P00519",
    "C_CODE": "CT033",
    "_NullFlags": "b'\\x00'"
  },
  {
    "VR": "PB-P00520",
    "C_CODE": "CT182",
    "_NullFlags": "b'\\x00'"
  },
  {
    "VR": "PB-P00521",
    "C_CODE": "CT023",
    "_NullFlags": "b'\\x00'"
  },
  {
    "VR": "PB-P00522",
    "C_CODE": "CT023",
    "_NullFlags": "b'\\x00'"
  }
]