[
  {
    "BILL2": "O-    1",
    "C_CODE": "CX002",
    "DR": -4587.62,
    "_NullFlags": "b'\\x00'"
  },
  {
    "BILL2": "O-    1",
    "C_CODE": "GG009",
    "DR": 42317.54,
    "_NullFlags": "b'\\x00'"
  },
  {
    "BILL2": "O-    1",
    "C_CODE": "GG010",
    "DR": 6716051.62,
    "_NullFlags": "b'\\x00'"
  },
  {
    "BILL2": "O-    1",
    "C_CODE": "GG011",
    "DR": 6503.87,
    "_NullFlags": "b'\\x00'"
  },
  {
    "BILL2": "O-    1",
    "C_CODE": "GG014",
    "DR": 366603.51,
    "_NullFlags": "b'\\x00'"
  },
  {
    "BILL2": "O-    1",
    "C_CODE": "GG015",
    "DR": 178934.88,
    "_NullFlags": "b'\\x00'"
  },
  {
    "BILL2": "O-    1",
    "C_CODE": "GG016",
    "DR": 2863329.45,
    "_NullFlags": "b'\\x00'"
  },
  {
    "BILL2": "O-    1",
    "C_CODE": "GG019",
    "DR": 418.89,
    "_NullFlags": "b'\\x00'"
  },
  {
    "BILL2": "O-    1",
    "C_CODE": "GG020",
    "DR": 1454208.88,
    "_NullFlags": "b'\\x00'"
  },
  {
    "BILL2": "O-    1",
    "C_CODE": "GG021",
    "DR": 0,
    "_NullFlags": "b'\\x00'"
  },
  {
    "BILL2": "O-    1",
    "C_CODE": "GG023",
    "DR": 112977.59,
    "_NullFlags": "b'\\x00'"
  },
  {
    "BILL2": "O-    1",
    "C_CODE": "GG025",
    "DR": 9857.82,
    "_NullFlags": "b'\\x00'"
  },
  {
    "BILL2": "O-    1",
    "C_CODE": "GG026",
    "DR": 647933.58,
    "_NullFlags": "b'\\x00'"
  },
  {
    "BILL2": "O-    1",
    "C_CODE": "GG027",
    "DR": 41148.6,
    "_NullFlags": "b'\\x00'"
  },
  {
    "BILL2": "P-    2",
    "C_CODE": "GG010",
    "DR": 441710,
    "_NullFlags": "b'\\x00'"
  },
  {
    "BILL2": "P-    3",
    "C_CODE": "GG010",
    "DR": 989150,
    "_NullFlags": "b'\\x00'"
  },
  {
    "BILL2": "P-    4",
    "C_CODE": "GG027",
    "DR": 0,
    "_NullFlags": "b'\\x00'"
  },
  {
    "BILL2": "P-    5",
    "C_CODE": "GG016",
    "DR": 876611.91,
    "_NullFlags": "b'\\x00'"
  },
  {
    "BILL2": "P-    6",
    "C_CODE": "GG014",
    "DR": 279601.36,
    "_NullFlags": "b'\\x00'"
  },
  {
    "BILL2": "P-    6",
    "C_CODE": "GG015",
    "DR": 10210.68,
    "_NullFlags": "b'\\x00'"
  },
  {
    "BILL2": "P-    7",
    "C_CODE": "GG016",
    "DR": 2695.7,
    "_NullFlags": "b'\\x00'"
  },
  {
    "BILL2": "P-    8",
    "C_CODE": "GG014",
    "DR": 4633.64,
    "_NullFlags": "b'\\x00'"
  },
  {
    "BILL2": "P-    9",
    "C_CODE": "GG016",
    "DR": 252718.78,
    "_NullFlags": "b'\\x00'"
  },
  {
    "BILL2": "P-   10",
    "C_CODE": "GG027",
    "DR": 61617.89,
    "_NullFlags": "b'\\x00'"
  },
  {
    "BILL2": "P-   11",
    "C_CODE": "GG010",
    "DR": 2213159,
    "_NullFlags": "b'\\x00'"
  },
  {
    "BILL2": "P-   12",
    "C_CODE": "GG023",
    "DR": 131389.16,
    "_NullFlags": "b'\\x00'"
  },
  {
    "BILL2": "P-   13",
    "C_CODE": "GG010",
    "DR": 981850,
    "_NullFlags": "b'\\x00'"
  },
  {
    "BILL2": "P-   14",
    "C_CODE": "GG016",
    "DR": 1288466.81,
    "_NullFlags": "b'\\x00'"
  },
  {
    "BILL2": "P-   15",
    "C_CODE": "GG014",
    "DR": 330623.93,
    "_NullFlags": "b'\\x00'"
  },
  {
    "BILL2": "P-   15",
    "C_CODE": "GG015",
    "DR": 16171.56,
    "_NullFlags": "b'\\x00'"
  },
  {
    "BILL2": "P-   16",
    "C_CODE": "GG016",
    "DR": 8949.76,
    "_NullFlags": "b'\\x00'"
  },
  {
    "BILL2": "P-   17",
    "C_CODE": "GG020",
    "DR": 77464.25,
    "_NullFlags": "b'\\x00'"
  },
  {
    "BILL2": "P-   18",
    "C_CODE": "GG010",
    "DR": 936470,
    "_NullFlags": "b'\\x00'"
  },
  {
    "BILL2": "P-   19",
    "C_CODE": "GG020",
    "DR": 82733.94,
    "_NullFlags": "b'\\x00'"
  },
  {
    "BILL2": "P-   20",
    "C_CODE": "GG023",
    "DR": 189493.88,
    "_NullFlags": "b'\\x00'"
  },
  {
    "BILL2": "P-   21",
    "C_CODE": "GG026",
    "DR": 476987.1,
    "_NullFlags": "b'\\x00'"
  },
  {
    "BILL2": "P-   22",
    "C_CODE": "GG026",
    "DR": 218416.2,
    "_NullFlags": "b'\\x00'"
  },
  {
    "BILL2": "P-   23",
    "C_CODE": "GG026",
    "DR": 36698.3,
    "_NullFlags": "b'\\x00'"
  },
  {
    "BILL2": "P-   24",
    "C_CODE": "GG010",
    "DR": 932750,
    "_NullFlags": "b'\\x00'"
  },
  {
    "BILL2": "P-   25",
    "C_CODE": "GG010",
    "DR": 140224.3,
    "_NullFlags": "b'\\x00'"
  },
  {
    "BILL2": "P-   26",
    "C_CODE": "GG014",
    "DR": 262376.94,
    "_NullFlags": "b'\\x00'"
  },
  {
    "BILL2": "P-   26",
    "C_CODE": "GG015",
    "DR": 11846.62,
    "_NullFlags": "b'\\x00'"
  },
  {
    "BILL2": "P-   27",
    "C_CODE": "GG016",
    "DR": 955031.12,
    "_NullFlags": "b'\\x00'"
  },
  {
    "BILL2": "P-   28",
    "C_CODE": "GG016",
    "DR": 8087.1,
    "_NullFlags": "b'\\x00'"
  },
  {
    "BILL2": "P-   29",
    "C_CODE": "GG020",
    "DR": 204218.23,
    "_NullFlags": "b'\\x00'"
  },
  {
    "BILL2": "P-   30",
    "C_CODE": "GG010",
    "DR": 932750,
    "_NullFlags": "b'\\x00'"
  },
  {
    "BILL2": "P-   31",
    "C_CODE": "GG010",
    "DR": 2534271,
    "_NullFlags": "b'\\x00'"
  },
  {
    "BILL2": "P-   32",
    "C_CODE": "GG020",
    "DR": 103529.04,
    "_NullFlags": "b'\\x00'"
  },
  {
    "BILL2": "P-   33",
    "C_CODE": "GG010",
    "DR": 932750,
    "_NullFlags": "b'\\x00'"
  },
  {
    "BILL2": "P-   34",
    "C_CODE": "GG010",
    "DR": 932750,
    "_NullFlags": "b'\\x00'"
  },
  {
    "BILL2": "P-   35",
    "C_CODE": "GG023",
    "DR": 92433.74,
    "_NullFlags": "b'\\x00'"
  },
  {
    "BILL2": "P-   36",
    "C_CODE": "GG016",
    "DR": 8554.4,
    "_NullFlags": "b'\\x00'"
  },
  {
    "BILL2": "P-   37",
    "C_CODE": "GG016",
    "DR": 956184.34,
    "_NullFlags": "b'\\x00'"
  },
  {
    "BILL2": "P-   38",
    "C_CODE": "GG014",
    "DR": 73550.59,
    "_NullFlags": "b'\\x00'"
  },
  {
    "BILL2": "P-   38",
    "C_CODE": "GG015",
    "DR": 8461.89,
    "_NullFlags": "b'\\x00'"
  },
  {
    "BILL2": "P-   39",
    "C_CODE": "GG015",
    "DR": 5995.24,
    "_NullFlags": "b'\\x00'"
  },
  {
    "BILL2": "P-   39",
    "C_CODE": "GG016",
    "DR": 62276.97,
    "_NullFlags": "b'\\x00'"
  },
  {
    "BILL2": "P-   40",
    "C_CODE": "GG014",
    "DR": 6146.51,
    "_NullFlags": "b'\\x00'"
  },
  {
    "BILL2": "P-   41",
    "C_CODE": "GG010",
    "DR": 448636.7,
    "_NullFlags": "b'\\x00'"
  },
  {
    "BILL2": "P-   42",
    "C_CODE": "GG010",
    "DR": 932750,
    "_NullFlags": "b'\\x00'"
  },
  {
    "BILL2": "P-   43",
    "C_CODE": "GG020",
    "DR": 154469.76,
    "_NullFlags": "b'\\x00'"
  },
  {
    "BILL2": "P-   44",
    "C_CODE": "GG020",
    "DR": 128194.81,
    "_NullFlags": "b'\\x00'"
  },
  {
    "BILL2": "P-   45",
    "C_CODE": "GG010",
    "DR": 971906,
    "_NullFlags": "b'\\x00'"
  },
  {
    "BILL2": "P-   46",
    "C_CODE": "GG016",
    "DR": 355317.9,
    "_NullFlags": "b'\\x00'"
  },
  {
    "BILL2": "P-   47",
    "C_CODE": "GG023",
    "DR": 108804.38,
    "_NullFlags": "b'\\x00'"
  },
  {
    "BILL2": "P-   48",
    "C_CODE": "GG010",
    "DR": 952250,
    "_NullFlags": "b'\\x00'"
  },
  {
    "BILL2": "P-   49",
    "C_CODE": "GG016",
    "DR": 632234.33,
    "_NullFlags": "b'\\x00'"
  },
  {
    "BILL2": "P-   50",
    "C_CODE": "GG014",
    "DR": 134532.4,
    "_NullFlags": "b'\\x00'"
  },
  {
    "BILL2": "P-   50",
    "C_CODE": "GG015",
    "DR": 7615.7,
    "_NullFlags": "b'\\x00'"
  },
  {
    "BILL2": "P-   51",
    "C_CODE": "GG016",
    "DR": 96016.86,
    "_NullFlags": "b'\\x00'"
  },
  {
    "BILL2": "P-   52",
    "C_CODE": "GG014",
    "DR": 30526.8,
    "_NullFlags": "b'\\x00'"
  },
  {
    "BILL2": "P-   53",
    "C_CODE": "GG020",
    "DR": 493661.85,
    "_NullFlags": "b'\\x00'"
  },
  {
    "BILL2": "P-   53",
    "C_CODE": "GG021",
    "DR": 9425.39,
    "_NullFlags": "b'\\x00'"
  },
  {
    "BILL2": "P-   54",
    "C_CODE": "GG026",
    "DR": 46077.5,
    "_NullFlags": "b'\\x00'"
  },
  {
    "BILL2": "P-   55",
    "C_CODE": "GG026",
    "DR": 24437.3,
    "_NullFlags": "b'\\x00'"
  },
  {
    "BILL2": "P-   56",
    "C_CODE": "GG026",
    "DR": 134303.1,
    "_NullFlags": "b'\\x00'"
  },
  {
    "BILL2": "P-   57",
    "C_CODE": "GG026",
    "DR": 680348.1,
    "_NullFlags": "b'\\x00'"
  },
  {
    "BILL2": "P-   58",
    "C_CODE": "GG010",
    "DR": 952824,
    "_NullFlags": "b'\\x00'"
  },
  {
    "BILL2": "P-   59",
    "C_CODE": "GG010",
    "DR": 145482.75,
    "_NullFlags": "b'\\x00'"
  },
  {
    "BILL2": "P-   64",
    "C_CODE": "GG016",
    "DR": 92063.5,
    "_NullFlags": "b'\\x00'"
  },
  {
    "BILL2": "P-   65",
    "C_CODE": "GG016",
    "DR": 688615.9,
    "_NullFlags": "b'\\x00'"
  },
  {
    "BILL2": "P-   66",
    "C_CODE": "GG014",
    "DR": 137383.12,
    "_NullFlags": "b'\\x00'"
  },
  {
    "BILL2": "P-   66",
    "C_CODE": "GG015",
    "DR": 17017.8,
    "_NullFlags": "b'\\x00'"
  },
  {
    "BILL2": "P-   66",
    "C_CODE": "GG016",
    "DR": 2492.92,
    "_NullFlags": "b'\\x00'"
  },
  {
    "BILL2": "P-   67",
    "C_CODE": "GG014",
    "DR": 30526.8,
    "_NullFlags": "b'\\x00'"
  },
  {
    "BILL2": "P-   68",
    "C_CODE": "GG016",
    "DR": 85790.64,
    "_NullFlags": "b'\\x00'"
  },
  {
    "BILL2": "P-   69",
    "C_CODE": "GG014",
    "DR": 275303.71,
    "_NullFlags": "b'\\x00'"
  },
  {
    "BILL2": "P-   69",
    "C_CODE": "GG015",
    "DR": 20026.47,
    "_NullFlags": "b'\\x00'"
  },
  {
    "BILL2": "P-   70",
    "C_CODE": "GG016",
    "DR": 938914.7,
    "_NullFlags": "b'\\x00'"
  },
  {
    "BILL2": "P-   71",
    "C_CODE": "GG016",
    "DR": 15059.99,
    "_NullFlags": "b'\\x00'"
  },
  {
    "BILL2": "P-   72",
    "C_CODE": "GG016",
    "DR": 132026.72,
    "_NullFlags": "b'\\x00'"
  },
  {
    "BILL2": "P-   73",
    "C_CODE": "GG015",
    "DR": 1504.34,
    "_NullFlags": "b'\\x00'"
  },
  {
    "BILL2": "P-   74",
    "C_CODE": "GG023",
    "DR": 171393.8,
    "_NullFlags": "b'\\x00'"
  },
  {
    "BILL2": "P-   75",
    "C_CODE": "GG020",
    "DR": 119803.72,
    "_NullFlags": "b'\\x00'"
  },
  {
    "BILL2": "P-   76",
    "C_CODE": "GG020",
    "DR": 180468.53,
    "_NullFlags": "b'\\x00'"
  },
  {
    "BILL2": "P-   77",
    "C_CODE": "GG020",
    "DR": 142625.98,
    "_NullFlags": "b'\\x00'"
  },
  {
    "BILL2": "P-   78",
    "C_CODE": "GG010",
    "DR": 953550,
    "_NullFlags": "b'\\x00'"
  },
  {
    "BILL2": "P-   79",
    "C_CODE": "GG010",
    "DR": 2418913.8,
    "_NullFlags": "b'\\x00'"
  },
  {
    "BILL2": "P-   80",
    "C_CODE": "GG020",
    "DR": 238735.08,
    "_NullFlags": "b'\\x00'"
  },
  {
    "BILL2": "P-   81",
    "C_CODE": "GG016",
    "DR": 761330.81,
    "_NullFlags": "b'\\x00'"
  },
  {
    "BILL2": "P-   82",
    "C_CODE": "GG014",
    "DR": 286162.11,
    "_NullFlags": "b'\\x00'"
  },
  {
    "BILL2": "P-   82",
    "C_CODE": "GG015",
    "DR": 20054.66,
    "_NullFlags": "b'\\x00'"
  },
  {
    "BILL2": "P-   83",
    "C_CODE": "GG023",
    "DR": 113536.58,
    "_NullFlags": "b'\\x00'"
  },
  {
    "BILL2": "P-   84",
    "C_CODE": "GG010",
    "DR": 950106,
    "_NullFlags": "b'\\x00'"
  },
  {
    "BILL2": "P-   85",
    "C_CODE": "GG016",
    "DR": 389562.15,
    "_NullFlags": "b'\\x00'"
  },
  {
    "BILL2": "P-   86",
    "C_CODE": "GG016",
    "DR": 2695.7,
    "_NullFlags": "b'\\x00'"
  },
  {
    "BILL2": "P-   87",
    "C_CODE": "GG014",
    "DR": 157614.08,
    "_NullFlags": "b'\\x00'"
  },
  {
    "BILL2": "P-   87",
    "C_CODE": "GG015",
    "DR": 4513,
    "_NullFlags": "b'\\x00'"
  },
  {
    "BILL2": "P-   88",
    "C_CODE": "GG016",
    "DR": 532945.21,
    "_NullFlags": "b'\\x00'"
  },
  {
    "BILL2": "P-   89",
    "C_CODE": "GG020",
    "DR": 330815.6,
    "_NullFlags": "b'\\x00'"
  },
  {
    "BILL2": "P-   90",
    "C_CODE": "GG023",
    "DR": 68065.92,
    "_NullFlags": "b'\\x00'"
  },
  {
    "BILL2": "P-   91",
    "C_CODE": "GG016",
    "DR": 558617.17,
    "_NullFlags": "b'\\x00'"
  },
  {
    "BILL2": "P-   92",
    "C_CODE": "GG014",
    "DR": 31453.84,
    "_NullFlags": "b'\\x00'"
  },
  {
    "BILL2": "P-   93",
    "C_CODE": "GG016",
    "DR": 237665.42,
    "_NullFlags": "b'\\x00'"
  },
  {
    "BILL2": "P-   94",
    "C_CODE": "GG026",
    "DR": 481451,
    "_NullFlags": "b'\\x00'"
  },
  {
    "BILL2": "P-   95",
    "C_CODE": "GG026",
    "DR": 33892.7,
    "_NullFlags": "b'\\x00'"
  },
  {
    "BILL2": "P-   96",
    "C_CODE": "GG010",
    "DR": 953850,
    "_NullFlags": "b'\\x00'"
  },
  {
    "BILL2": "P-   97",
    "C_CODE": "GG010",
    "DR": 123657.23,
    "_NullFlags": "b'\\x00'"
  },
  {
    "BILL2": "P-   98",
    "C_CODE": "GG023",
    "DR": 74158.74,
    "_NullFlags": "b'\\x00'"
  },
  {
    "BILL2": "P-   99",
    "C_CODE": "GG010",
    "DR": 945750,
    "_NullFlags": "b'\\x00'"
  },
  {
    "BILL2": "P-  100",
    "C_CODE": "GG026",
    "DR": 218416.2,
    "_NullFlags": "b'\\x00'"
  },
  {
    "BILL2": "P-  101",
    "C_CODE": "GG026",
    "DR": 190380,
    "_NullFlags": "b'\\x00'"
  },
  {
    "BILL2": "P-  102",
    "C_CODE": "GG020",
    "DR": 196106.81,
    "_NullFlags": "b'\\x00'"
  },
  {
    "BILL2": "P-  103",
    "C_CODE": "GG020",
    "DR": 1549.64,
    "_NullFlags": "b'\\x00'"
  },
  {
    "BILL2": "P-  104",
    "C_CODE": "GG020",
    "DR": 39796.12,
    "_NullFlags": "b'\\x00'"
  },
  {
    "BILL2": "P-  105",
    "C_CODE": "GG010",
    "DR": 235016.89,
    "_NullFlags": "b'\\x00'"
  },
  {
    "BILL2": "P-  106",
    "C_CODE": "GG010",
    "DR": 956364,
    "_NullFlags": "b'\\x00'"
  },
  {
    "BILL2": "P-  107",
    "C_CODE": "GG010",
    "DR": 2456829.6,
    "_NullFlags": "b'\\x00'"
  },
  {
    "BILL2": "P-  108",
    "C_CODE": "GG016",
    "DR": 343259.52,
    "_NullFlags": "b'\\x00'"
  },
  {
    "BILL2": "P-  109",
    "C_CODE": "GG010",
    "DR": 910000,
    "_NullFlags": "b'\\x00'"
  },
  {
    "BILL2": "P-  110",
    "C_CODE": "GG027",
    "DR": 63434.88,
    "_NullFlags": "b'\\x00'"
  },
  {
    "BILL2": "P-  111",
    "C_CODE": "GG010",
    "DR": 133714,
    "_NullFlags": "b'\\x00'"
  },
  {
    "BILL2": "P-  112",
    "C_CODE": "GG020",
    "DR": 199235.08,
    "_NullFlags": "b'\\x00'"
  },
  {
    "BILL2": "P-  113",
    "C_CODE": "GG016",
    "DR": 1012610.77,
    "_NullFlags": "b'\\x00'"
  },
  {
    "BILL2": "P-  114",
    "C_CODE": "GG014",
    "DR": 384135.98,
    "_NullFlags": "b'\\x00'"
  },
  {
    "BILL2": "P-  114",
    "C_CODE": "GG015",
    "DR": 16547.68,
    "_NullFlags": "b'\\x00'"
  },
  {
    "BILL2": "P-  115",
    "C_CODE": "GG015",
    "DR": 7378.76,
    "_NullFlags": "b'\\x00'"
  },
  {
    "BILL2": "P-  115",
    "C_CODE": "GG016",
    "DR": 376101.6,
    "_NullFlags": "b'\\x00'"
  },
  {
    "BILL2": "P-  116",
    "C_CODE": "GG014",
    "DR": 9267.28,
    "_NullFlags": "b'\\x00'"
  },
  {
    "BILL2": "P-  116",
    "C_CODE": "GG015",
    "DR": 7615.68,
    "_NullFlags": "b'\\x00'"
  },
  {
    "BILL2": "P-  117",
    "C_CODE": "GG020",
    "DR": 356681.55,
    "_NullFlags": "b'\\x00'"
  },
  {
    "BILL2": "P-  118",
    "C_CODE": "GG023",
    "DR": 82910.48,
    "_NullFlags": "b'\\x00'"
  },
  {
    "BILL2": "P-  119",
    "C_CODE": "GG010",
    "DR": 360057.5,
    "_NullFlags": "b'\\x00'"
  },
  {
    "BILL2": "P-  120",
    "C_CODE": "GG010",
    "DR": 910000,
    "_NullFlags": "b'\\x00'"
  },
  {
    "BILL2": "P-  121",
    "C_CODE": "GG016",
    "DR": 258483.82,
    "_NullFlags": "b'\\x00'"
  },
  {
    "BILL2": "P-  122",
    "C_CODE": "GG016",
    "DR": 1693.79,
    "_NullFlags": "b'\\x00'"
  },
  {
    "BILL2": "P-  123",
    "C_CODE": "GG016",
    "DR": 191832.72,
    "_NullFlags": "b'\\x00'"
  },
  {
    "BILL2": "P-  124",
    "C_CODE": "GG014",
    "DR": 3534.25,
    "_NullFlags": "b'\\x00'"
  },
  {
    "BILL2": "P-  125",
    "C_CODE": "GG016",
    "DR": 6972.89,
    "_NullFlags": "b'\\x00'"
  },
  {
    "BILL2": "P-  126",
    "C_CODE": "GG010",
    "DR": 2687615.44,
    "_NullFlags": "b'\\x00'"
  },
  {
    "BILL2": "P-  127",
    "C_CODE": "GG010",
    "DR": 910000,
    "_NullFlags": "b'\\x00'"
  },
  {
    "BILL2": "P-  128",
    "C_CODE": "GG016",
    "DR": 5391.4,
    "_NullFlags": "b'\\x00'"
  },
  {
    "BILL2": "P-  129",
    "C_CODE": "GG014",
    "DR": 200648.37,
    "_NullFlags": "b'\\x00'"
  },
  {
    "BILL2": "P-  129",
    "C_CODE": "GG015",
    "DR": 8330.26,
    "_NullFlags": "b'\\x00'"
  },
  {
    "BILL2": "P-  130",
    "C_CODE": "GG016",
    "DR": 874011.33,
    "_NullFlags": "b'\\x00'"
  },
  {
    "BILL2": "P-  131",
    "C_CODE": "GG010",
    "DR": 910000,
    "_NullFlags": "b'\\x00'"
  },
  {
    "BILL2": "P-  132",
    "C_CODE": "GG010",
    "DR": 917500,
    "_NullFlags": "b'\\x00'"
  },
  {
    "BILL2": "P-  133",
    "C_CODE": "GG023",
    "DR": 111322.76,
    "_NullFlags": "b'\\x00'"
  },
  {
    "BILL2": "P-  134",
    "C_CODE": "GG016",
    "DR": 913358.59,
    "_NullFlags": "b'\\x00'"
  },
  {
    "BILL2": "P-  135",
    "C_CODE": "GG014",
    "DR": 92490.26,
    "_NullFlags": "b'\\x00'"
  },
  {
    "BILL2": "P-  135",
    "C_CODE": "GG015",
    "DR": 15513.45,
    "_NullFlags": "b'\\x00'"
  },
  {
    "BILL2": "P-  136",
    "C_CODE": "GG020",
    "DR": 237943.17,
    "_NullFlags": "b'\\x00'"
  },
  {
    "BILL2": "P-  137",
    "C_CODE": "GG026",
    "DR": 254818.9,
    "_NullFlags": "b'\\x00'"
  },
  {
    "BILL2": "P-  138",
    "C_CODE": "GG026",
    "DR": 36698.3,
    "_NullFlags": "b'\\x00'"
  },
  {
    "BILL2": "P-  139",
    "C_CODE": "GG026",
    "DR": 666330,
    "_NullFlags": "b'\\x00'"
  },
  {
    "BILL2": "P-  140",
    "C_CODE": "GG026",
    "DR": 50839.05,
    "_NullFlags": "b'\\x00'"
  },
  {
    "BILL2": "P-  141",
    "C_CODE": "GG010",
    "DR": 923500,
    "_NullFlags": "b'\\x00'"
  },
  {
    "BILL2": "P-  142",
    "C_CODE": "GG020",
    "DR": 83509.53,
    "_NullFlags": "b'\\x00'"
  },
  {
    "BILL2": "P-  143",
    "C_CODE": "GG016",
    "DR": 291369.77,
    "_NullFlags": "b'\\x00'"
  },
  {
    "BILL2": "P-  144",
    "C_CODE": "GG014",
    "DR": 4384.5,
    "_NullFlags": "b'\\x00'"
  },
  {
    "BILL2": "P-  145",
    "C_CODE": "GG016",
    "DR": 301795.53,
    "_NullFlags": "b'\\x00'"
  },
  {
    "BILL2": "P-  146",
    "C_CODE": "GG014",
    "DR": 90874.4,
    "_NullFlags": "b'\\x00'"
  },
  {
    "BILL2": "P-  147",
    "C_CODE": "GG027",
    "DR": 89467.93,
    "_NullFlags": "b'\\x00'"
  },
  {
    "BILL2": "P-  148",
    "C_CODE": "GG010",
    "DR": 1166241.2,
    "_NullFlags": "b'\\x00'"
  },
  {
    "BILL2": "P-  149",
    "C_CODE": "GG020",
    "DR": 262323.36,
    "_NullFlags": "b'\\x00'"
  },
  {
    "BILL2": "P-  150",
    "C_CODE": "GG010",
    "DR": 248000,
    "_NullFlags": "b'\\x00'"
  },
  {
    "BILL2": "P-  151",
    "C_CODE": "GG020",
    "DR": 49496.29,
    "_NullFlags": "b'\\x00'"
  },
  {
    "BILL2": "P-  152",
    "C_CODE": "GG010",
    "DR": 919750,
    "_NullFlags": "b'\\x00'"
  },
  {
    "BILL2": "P-  153",
    "C_CODE": "GG016",
    "DR": 441317.1,
    "_NullFlags": "b'\\x00'"
  },
  {
    "BILL2": "P-  154",
    "C_CODE": "GG014",
    "DR": 385973.9,
    "_NullFlags": "b'\\x00'"
  },
  {
    "BILL2": "P-  154",
    "C_CODE": "GG015",
    "DR": 15043.34,
    "_NullFlags": "b'\\x00'"
  },
  {
    "BILL2": "P-  155",
    "C_CODE": "GG016",
    "DR": 61910,
    "_NullFlags": "b'\\x00'"
  },
  {
    "BILL2": "P-  156",
    "C_CODE": "GG020",
    "DR": 99541.81,
    "_NullFlags": "b'\\x00'"
  },
  {
    "BILL2": "P-  157",
    "C_CODE": "GG023",
    "DR": 78790.64,
    "_NullFlags": "b'\\x00'"
  },
  {
    "BILL2": "P-  158",
    "C_CODE": "GG010",
    "DR": 931450,
    "_NullFlags": "b'\\x00'"
  },
  {
    "BILL2": "P-  159",
    "C_CODE": "GG020",
    "DR": 102916.46,
    "_NullFlags": "b'\\x00'"
  },
  {
    "BILL2": "P-  160",
    "C_CODE": "GG010",
    "DR": 2650050,
    "_NullFlags": "b'\\x00'"
  },
  {
    "BILL2": "P-  161",
    "C_CODE": "GG014",
    "DR": 31553.92,
    "_NullFlags": "b'\\x00'"
  },
  {
    "BILL2": "P-  161",
    "C_CODE": "GG015",
    "DR": 4575.54,
    "_NullFlags": "b'\\x00'"
  },
  {
    "BILL2": "P-  161",
    "C_CODE": "GG016",
    "DR": 625207.62,
    "_NullFlags": "b'\\x00'"
  },
  {
    "BILL2": "P-  162",
    "C_CODE": "GG023",
    "DR": 54949.05,
    "_NullFlags": "b'\\x00'"
  },
  {
    "BILL2": "P-  163",
    "C_CODE": "GG016",
    "DR": 341175.6,
    "_NullFlags": "b'\\x00'"
  },
  {
    "BILL2": "P-  164",
    "C_CODE": "GG020",
    "DR": 253452.93,
    "_NullFlags": "b'\\x00'"
  },
  {
    "BILL2": "P-  165",
    "C_CODE": "GG023",
    "DR": 113113.13,
    "_NullFlags": "b'\\x00'"
  },
  {
    "BILL2": "P-  166",
    "C_CODE": "GG010",
    "DR": 234875.95,
    "_NullFlags": "b'\\x00'"
  },
  {
    "BILL2": "P-  167",
    "C_CODE": "GG010",
    "DR": 931450,
    "_NullFlags": "b'\\x00'"
  },
  {
    "BILL2": "P-  168",
    "C_CODE": "GG026",
    "DR": 250999.4,
    "_NullFlags": "b'\\x00'"
  },
  {
    "BILL2": "P-  169",
    "C_CODE": "GG026",
    "DR": 8123.16,
    "_NullFlags": "b'\\x00'"
  },
  {
    "BILL2": "P-  170",
    "C_CODE": "GG026",
    "DR": 705370.45,
    "_NullFlags": "b'\\x00'"
  },
  {
    "BILL2": "P-  171",
    "C_CODE": "GG014",
    "DR": 101950.52,
    "_NullFlags": "b'\\x00'"
  },
  {
    "BILL2": "P-  171",
    "C_CODE": "GG016",
    "DR": 497958.1,
    "_NullFlags": "b'\\x00'"
  },
  {
    "BILL2": "P-  172",
    "C_CODE": "GG027",
    "DR": 44314.1,
    "_NullFlags": "b'\\x00'"
  },
  {
    "BILL2": "P-  173",
    "C_CODE": "GG020",
    "DR": 222168.74,
    "_NullFlags": "b'\\x00'"
  },
  {
    "BILL2": "P-  174",
    "C_CODE": "GG010",
    "DR": 950300,
    "_NullFlags": "b'\\x00'"
  },
  {
    "BILL2": "P-  175",
    "C_CODE": "GG020",
    "DR": 141981.17,
    "_NullFlags": "b'\\x00'"
  },
  {
    "BILL2": "P-  176",
    "C_CODE": "GG023",
    "DR": 36354.73,
    "_NullFlags": "b'\\x00'"
  },
  {
    "BILL2": "P-  177",
    "C_CODE": "GG010",
    "DR": 57600,
    "_NullFlags": "b'\\x00'"
  },
  {
    "BILL2": "P-  178",
    "C_CODE": "GG027",
    "DR": 13017.13,
    "_NullFlags": "b'\\x00'"
  },
  {
    "BILL2": "P-  179",
    "C_CODE": "GG010",
    "DR": 2560076.8,
    "_NullFlags": "b'\\x00'"
  },
  {
    "BILL2": "P-  180",
    "C_CODE": "GG014",
    "DR": 170793.66,
    "_NullFlags": "b'\\x00'"
  },
  {
    "BILL2": "P-  180",
    "C_CODE": "GG015",
    "DR": 8525.16,
    "_NullFlags": "b'\\x00'"
  },
  {
    "BILL2": "P-  180",
    "C_CODE": "GG016",
    "DR": 561598.7,
    "_NullFlags": "b'\\x00'"
  },
  {
    "BILL2": "P-  181",
    "C_CODE": "GG010",
    "DR": 950300,
    "_NullFlags": "b'\\x00'"
  },
  {
    "BILL2": "P-  182",
    "C_CODE": "GG014",
    "DR": 199358.23,
    "_NullFlags": "b'\\x00'"
  },
  {
    "BILL2": "P-  182",
    "C_CODE": "GG015",
    "DR": 891.71,
    "_NullFlags": "b'\\x00'"
  },
  {
    "BILL2": "P-  182",
    "C_CODE": "GG016",
    "DR": 684265.27,
    "_NullFlags": "b'\\x00'"
  },
  {
    "BILL2": "P-  186",
    "C_CODE": "GG016",
    "DR": 315826.38,
    "_NullFlags": "b'\\x00'"
  },
  {
    "BILL2": "P-  187",
    "C_CODE": "GG014",
    "DR": 68678.69,
    "_NullFlags": "b'\\x00'"
  },
  {
    "BILL2": "P-  187",
    "C_CODE": "GG015",
    "DR": 7321.68,
    "_NullFlags": "b'\\x00'"
  },
  {
    "BILL2": "P-  187",
    "C_CODE": "GG016",
    "DR": 674238.33,
    "_NullFlags": "b'\\x00'"
  },
  {
    "BILL2": "P-  188",
    "C_CODE": "GG010",
    "DR": 65597.75,
    "_NullFlags": "b'\\x00'"
  },
  {
    "BILL2": "P-  189",
    "C_CODE": "GG020",
    "DR": 213708.66,
    "_NullFlags": "b'\\x00'"
  },
  {
    "BILL2": "P-  190",
    "C_CODE": "GG023",
    "DR": 73313.06,
    "_NullFlags": "b'\\x00'"
  },
  {
    "BILL2": "P-  191",
    "C_CODE": "GG010",
    "DR": 940450,
    "_NullFlags": "b'\\x00'"
  },
  {
    "BILL2": "P-  192",
    "C_CODE": "GG010",
    "DR": 932750,
    "_NullFlags": "b'\\x00'"
  },
  {
    "BILL2": "P-  193",
    "C_CODE": "GG027",
    "DR": 67856.67,
    "_NullFlags": "b'\\x00'"
  },
  {
    "BILL2": "P-  194",
    "C_CODE": "GG014",
    "DR": 175826.73,
    "_NullFlags": "b'\\x00'"
  },
  {
    "BILL2": "P-  194",
    "C_CODE": "GG015",
    "DR": 3361.46,
    "_NullFlags": "b'\\x00'"
  },
  {
    "BILL2": "P-  194",
    "C_CODE": "GG016",
    "DR": 193146.73,
    "_NullFlags": "b'\\x00'"
  },
  {
    "BILL2": "P-  195",
    "C_CODE": "GG010",
    "DR": 919750,
    "_NullFlags": "b'\\x00'"
  },
  {
    "BILL2": "P-  196",
    "C_CODE": "GG020",
    "DR": 133032.53,
    "_NullFlags": "b'\\x00'"
  },
  {
    "BILL2": "P-  197",
    "C_CODE": "GG020",
    "DR": 117009.6,
    "_NullFlags": "b'\\x00'"
  },
  {
    "BILL2": "P-  199",
    "C_CODE": "GG014",
    "DR": 309175.28,
    "_NullFlags": "b'\\x00'"
  },
  {
    "BILL2": "P-  199",
    "C_CODE": "GG015",
    "DR": 20286.69,
    "_NullFlags": "b'\\x00'"
  },
  {
    "BILL2": "P-  199",
    "C_CODE": "GG016",
    "DR": 607309.82,
    "_NullFlags": "b'\\x00'"
  },
  {
    "BILL2": "P-  203",
    "C_CODE": "GG016",
    "DR": 418815.34,
    "_NullFlags": "b'\\x00'"
  },
  {
    "BILL2": "P-  204",
    "C_CODE": "GG023",
    "DR": 53315.65,
    "_NullFlags": "b'\\x00'"
  },
  {
    "BILL2": "P-  205",
    "C_CODE": "GG010",
    "DR": 944350,
    "_NullFlags": "b'\\x00'"
  },
  {
    "BILL2": "P-  206",
    "C_CODE": "GG010",
    "DR": 1034950,
    "_NullFlags": "b'\\x00'"
  },
  {
    "BILL2": "P-  208",
    "C_CODE": "GG010",
    "DR": 926250,
    "_NullFlags": "b'\\x00'"
  },
  {
    "BILL2": "P-  209",
    "C_CODE": "GG020",
    "DR": 230552.7,
    "_NullFlags": "b'\\x00'"
  },
  {
    "BILL2": "P-  210",
    "C_CODE": "GG023",
    "DR": 130873.49,
    "_NullFlags": "b'\\x00'"
  },
  {
    "BILL2": "P-  211",
    "C_CODE": "GG014",
    "DR": 117578.85,
    "_NullFlags": "b'\\x00'"
  },
  {
    "BILL2": "P-  211",
    "C_CODE": "GG015",
    "DR": 19110.32,
    "_NullFlags": "b'\\x00'"
  },
  {
    "BILL2": "P-  211",
    "C_CODE": "GG016",
    "DR": 952686.34,
    "_NullFlags": "b'\\x00'"
  },
  {
    "BILL2": "P-  217",
    "C_CODE": "GG010",
    "DR": 933075,
    "_NullFlags": "b'\\x00'"
  },
  {
    "BILL2": "P-  218",
    "C_CODE": "GG026",
    "DR": 962756.7,
    "_NullFlags": "b'\\x00'"
  },
  {
    "BILL2": "P-  219",
    "C_CODE": "GG026",
    "DR": 34045.45,
    "_NullFlags": "b'\\x00'"
  },
  {
    "BILL2": "P-  220",
    "C_CODE": "GG026",
    "DR": 242855.8,
    "_NullFlags": "b'\\x00'"
  },
  {
    "BILL2": "P-  221",
    "C_CODE": "GG026",
    "DR": 63023.79,
    "_NullFlags": "b'\\x00'"
  },
  {
    "BILL2": "P-  222",
    "C_CODE": "GG010",
    "DR": 275009,
    "_NullFlags": "b'\\x00'"
  },
  {
    "BILL2": "P-  223",
    "C_CODE": "GG027",
    "DR": 26034.25,
    "_NullFlags": "b'\\x00'"
  },
  {
    "BILL2": "P-  224",
    "C_CODE": "GG010",
    "DR": 928000,
    "_NullFlags": "b'\\x00'"
  },
  {
    "BILL2": "P-  225",
    "C_CODE": "GG010",
    "DR": 197363.91,
    "_NullFlags": "b'\\x00'"
  },
  {
    "BILL2": "P-  226",
    "C_CODE": "GG020",
    "DR": 290725.9,
    "_NullFlags": "b'\\x00'"
  },
  {
    "BILL2": "P-  227",
    "C_CODE": "GG020",
    "DR": 75819.5,
    "_NullFlags": "b'\\x00'"
  },
  {
    "BILL2": "P-  228",
    "C_CODE": "GG014",
    "DR": 68101.41,
    "_NullFlags": "b'\\x00'"
  },
  {
    "BILL2": "P-  228",
    "C_CODE": "GG015",
    "DR": 18199.12,
    "_NullFlags": "b'\\x00'"
  },
  {
    "BILL2": "P-  228",
    "C_CODE": "GG016",
    "DR": 641158.73,
    "_NullFlags": "b'\\x00'"
  },
  {
    "BILL2": "P-  229",
    "C_CODE": "GG010",
    "DR": 2859534.2,
    "_NullFlags": "b'\\x00'"
  },
  {
    "BILL2": "P-  230",
    "C_CODE": "GG010",
    "DR": 929500,
    "_NullFlags": "b'\\x00'"
  },
  {
    "BILL2": "P-  231",
    "C_CODE": "GG023",
    "DR": 122108.36,
    "_NullFlags": "b'\\x00'"
  },
  {
    "BILL2": "P-  232",
    "C_CODE": "GG020",
    "DR": 207145.68,
    "_NullFlags": "b'\\x00'"
  },
  {
    "BILL2": "P-  233",
    "C_CODE": "GG014",
    "DR": 11188.57,
    "_NullFlags": "b'\\x00'"
  },
  {
    "BILL2": "P-  233",
    "C_CODE": "GG016",
    "DR": 66166.1,
    "_NullFlags": "b'\\x00'"
  },
  {
    "BILL2": "P-  233",
    "C_CODE": "GG020",
    "DR": 3050.84,
    "_NullFlags": "b'\\x00'"
  },
  {
    "BILL2": "P-  234",
    "C_CODE": "GG010",
    "DR": 943150,
    "_NullFlags": "b'\\x00'"
  },
  {
    "BILL2": "P-  235",
    "C_CODE": "GG014",
    "DR": 88202.18,
    "_NullFlags": "b'\\x00'"
  },
  {
    "BILL2": "P-  235",
    "C_CODE": "GG015",
    "DR": 26339.44,
    "_NullFlags": "b'\\x00'"
  },
  {
    "BILL2": "P-  235",
    "C_CODE": "GG016",
    "DR": 795601.82,
    "_NullFlags": "b'\\x00'"
  },
  {
    "BILL2": "P-  236",
    "C_CODE": "GG020",
    "DR": 28379.46,
    "_NullFlags": "b'\\x00'"
  },
  {
    "BILL2": "P-  237",
    "C_CODE": "GG010",
    "DR": 274685,
    "_NullFlags": "b'\\x00'"
  },
  {
    "BILL2": "P-  238",
    "C_CODE": "GG027",
    "DR": 36559.69,
    "_NullFlags": "b'\\x00'"
  },
  {
    "BILL2": "P-  239",
    "C_CODE": "GG020",
    "DR": 307060.36,
    "_NullFlags": "b'\\x00'"
  },
  {
    "BILL2": "P-  240",
    "C_CODE": "GG010",
    "DR": 939250,
    "_NullFlags": "b'\\x00'"
  },
  {
    "BILL2": "P-  241",
    "C_CODE": "GG010",
    "DR": 2375170.2,
    "_NullFlags": "b'\\x00'"
  },
  {
    "BILL2": "P-  242",
    "C_CODE": "GG010",
    "DR": 137928,
    "_NullFlags": "b'\\x00'"
  },
  {
    "BILL2": "P-  243",
    "C_CODE": "GG014",
    "DR": 150735.76,
    "_NullFlags": "b'\\x00'"
  },
  {
    "BILL2": "P-  243",
    "C_CODE": "GG015",
    "DR": 26950.81,
    "_NullFlags": "b'\\x00'"
  },
  {
    "BILL2": "P-  243",
    "C_CODE": "GG016",
    "DR": 688640.02,
    "_NullFlags": "b'\\x00'"
  },
  {
    "BILL2": "P-  244",
    "C_CODE": "GG016",
    "DR": 327.96,
    "_NullFlags": "b'\\x00'"
  },
  {
    "BILL2": "P-  245",
    "C_CODE": "GG014",
    "DR": 61297.92,
    "_NullFlags": "b'\\x00'"
  },
  {
    "BILL2": "P-  245",
    "C_CODE": "GG015",
    "DR": 7392.46,
    "_NullFlags": "b'\\x00'"
  },
  {
    "BILL2": "P-  245",
    "C_CODE": "GG016",
    "DR": 680632.72,
    "_NullFlags": "b'\\x00'"
  },
  {
    "BILL2": "P-  246",
    "C_CODE": "GG023",
    "DR": 134484.44,
    "_NullFlags": "b'\\x00'"
  },
  {
    "BILL2": "P-  247",
    "C_CODE": "GG020",
    "DR": 185613.97,
    "_NullFlags": "b'\\x00'"
  },
  {
    "BILL2": "P-  248",
    "C_CODE": "GG010",
    "DR": 939250,
    "_NullFlags": "b'\\x00'"
  },
  {
    "BILL2": "P-  249",
    "C_CODE": "GG016",
    "DR": 925866.2,
    "_NullFlags": "b'\\x00'"
  },
  {
    "BILL2": "P-  251",
    "C_CODE": "GG010",
    "DR": 102334.4,
    "_NullFlags": "b'\\x00'"
  },
  {
    "BILL2": "P-  252",
    "C_CODE": "GG026",
    "DR": 134157.8,
    "_NullFlags": "b'\\x00'"
  },
  {
    "BILL2": "P-  253",
    "C_CODE": "GG026",
    "DR": 222083.28,
    "_NullFlags": "b'\\x00'"
  },
  {
    "BILL2": "P-  254",
    "C_CODE": "GG020",
    "DR": 41734.5,
    "_NullFlags": "b'\\x00'"
  },
  {
    "BILL2": "P-  255",
    "C_CODE": "GG010",
    "DR": 939250,
    "_NullFlags": "b'\\x00'"
  },
  {
    "BILL2": "P-  256",
    "C_CODE": "GG027",
    "DR": 26034.25,
    "_NullFlags": "b'\\x00'"
  },
  {
    "BILL2": "P-  257",
    "C_CODE": "GG010",
    "DR": 2575670.8,
    "_NullFlags": "b'\\x00'"
  },
  {
    "BILL2": "P-  258",
    "C_CODE": "GG014",
    "DR": 9514.29,
    "_NullFlags": "b'\\x00'"
  },
  {
    "BILL2": "P-  258",
    "C_CODE": "GG016",
    "DR": 71330.03,
    "_NullFlags": "b'\\x00'"
  },
  {
    "BILL2": "P-  259",
    "C_CODE": "GG014",
    "DR": 323115.44,
    "_NullFlags": "b'\\x00'"
  },
  {
    "BILL2": "P-  259",
    "C_CODE": "GG015",
    "DR": 13726.8,
    "_NullFlags": "b'\\x00'"
  },
  {
    "BILL2": "P-  259",
    "C_CODE": "GG016",
    "DR": 509005.98,
    "_NullFlags": "b'\\x00'"
  },
  {
    "BILL2": "P-  260",
    "C_CODE": "GG010",
    "DR": 925250,
    "_NullFlags": "b'\\x00'"
  },
  {
    "BILL2": "P-  261",
    "C_CODE": "GG010",
    "DR": 28500,
    "_NullFlags": "b'\\x00'"
  },
  {
    "BILL2": "P-  262",
    "C_CODE": "GG020",
    "DR": 356453.71,
    "_NullFlags": "b'\\x00'"
  },
  {
    "BILL2": "P-  263",
    "C_CODE": "GG023",
    "DR": 55539.9,
    "_NullFlags": "b'\\x00'"
  },
  {
    "BILL2": "P-  264",
    "C_CODE": "GG010",
    "DR": 38010.25,
    "_NullFlags": "b'\\x00'"
  },
  {
    "BILL2": "P-  265",
    "C_CODE": "GG010",
    "DR": 916500,
    "_NullFlags": "b'\\x00'"
  },
  {
    "BILL2": "P-  266",
    "C_CODE": "GG010",
    "DR": 924500,
    "_NullFlags": "b'\\x00'"
  },
  {
    "BILL2": "P-  267",
    "C_CODE": "GG014",
    "DR": 3634.28,
    "_NullFlags": "b'\\x00'"
  },
  {
    "BILL2": "P-  267",
    "C_CODE": "GG016",
    "DR": 57317.77,
    "_NullFlags": "b'\\x00'"
  },
  {
    "BILL2": "P-  268",
    "C_CODE": "GG020",
    "DR": 256496.98,
    "_NullFlags": "b'\\x00'"
  },
  {
    "BILL2": "P-  269",
    "C_CODE": "GG020",
    "DR": 45073.26,
    "_NullFlags": "b'\\x00'"
  },
  {
    "BILL2": "P-  270",
    "C_CODE": "GG010",
    "DR": 1572102,
    "_NullFlags": "b'\\x00'"
  },
  {
    "BILL2": "P-  271",
    "C_CODE": "GG014",
    "DR": 269312.23,
    "_NullFlags": "b'\\x00'"
  },
  {
    "BILL2": "P-  271",
    "C_CODE": "GG015",
    "DR": 19094.27,
    "_NullFlags": "b'\\x00'"
  },
  {
    "BILL2": "P-  271",
    "C_CODE": "GG016",
    "DR": 575193.59,
    "_NullFlags": "b'\\x00'"
  },
  {
    "BILL2": "P-  272",
    "C_CODE": "GG027",
    "DR": 62593.94,
    "_NullFlags": "b'\\x00'"
  },
  {
    "BILL2": "P-  273",
    "C_CODE": "GG014",
    "DR": 9828.57,
    "_NullFlags": "b'\\x00'"
  },
  {
    "BILL2": "P-  273",
    "C_CODE": "GG016",
    "DR": 123082.82,
    "_NullFlags": "b'\\x00'"
  },
  {
    "BILL2": "P-  274",
    "C_CODE": "GG014",
    "DR": 191135.46,
    "_NullFlags": "b'\\x00'"
  },
  {
    "BILL2": "P-  274",
    "C_CODE": "GG015",
    "DR": 18480,
    "_NullFlags": "b'\\x00'"
  },
  {
    "BILL2": "P-  274",
    "C_CODE": "GG016",
    "DR": 1077689.9,
    "_NullFlags": "b'\\x00'"
  },
  {
    "BILL2": "P-  275",
    "C_CODE": "GG016",
    "DR": 1677.02,
    "_NullFlags": "b'\\x00'"
  },
  {
    "BILL2": "P-  276",
    "C_CODE": "GG026",
    "DR": 24437.4,
    "_NullFlags": "b'\\x00'"
  },
  {
    "BILL2": "P-  277",
    "C_CODE": "GG026",
    "DR": 456912,
    "_NullFlags": "b'\\x00'"
  },
  {
    "BILL2": "P-  278",
    "C_CODE": "GG023",
    "DR": 140329.76,
    "_NullFlags": "b'\\x00'"
  },
  {
    "BILL2": "P-  279",
    "C_CODE": "GG010",
    "DR": 913250,
    "_NullFlags": "b'\\x00'"
  },
  {
    "BILL2": "P-  280",
    "C_CODE": "GG010",
    "DR": 913250,
    "_NullFlags": "b'\\x00'"
  },
  {
    "BILL2": "P-  281",
    "C_CODE": "GG020",
    "DR": 325019.3,
    "_NullFlags": "b'\\x00'"
  },
  {
    "BILL2": "P-  282",
    "C_CODE": "GG023",
    "DR": 10394.5,
    "_NullFlags": "b'\\x00'"
  },
  {
    "BILL2": "P-  283",
    "C_CODE": "GG010",
    "DR": 2484648,
    "_NullFlags": "b'\\x00'"
  },
  {
    "BILL2": "P-  284",
    "C_CODE": "GG010",
    "DR": 171981.5,
    "_NullFlags": "b'\\x00'"
  },
  {
    "BILL2": "P-  285",
    "C_CODE": "GG010",
    "DR": 78571.5,
    "_NullFlags": "b'\\x00'"
  },
  {
    "BILL2": "P-  286",
    "C_CODE": "GG020",
    "DR": 5593.21,
    "_NullFlags": "b'\\x00'"
  },
  {
    "BILL2": "P-  287",
    "C_CODE": "GG010",
    "DR": 943800,
    "_NullFlags": "b'\\x00'"
  },
  {
    "BILL2": "P-  288",
    "C_CODE": "GG014",
    "DR": 92835.58,
    "_NullFlags": "b'\\x00'"
  },
  {
    "BILL2": "P-  288",
    "C_CODE": "GG015",
    "DR": 8093.56,
    "_NullFlags": "b'\\x00'"
  },
  {
    "BILL2": "P-  288",
    "C_CODE": "GG016",
    "DR": 820017.88,
    "_NullFlags": "b'\\x00'"
  },
  {
    "BILL2": "P-  289",
    "C_CODE": "GG010",
    "DR": 3490122,
    "_NullFlags": "b'\\x00'"
  },
  {
    "BILL2": "P-  290",
    "C_CODE": "GG010",
    "DR": 943800,
    "_NullFlags": "b'\\x00'"
  },
  {
    "BILL2": "P-  291",
    "C_CODE": "GG010",
    "DR": 943800,
    "_NullFlags": "b'\\x00'"
  },
  {
    "BILL2": "P-  292",
    "C_CODE": "GG010",
    "DR": 943800,
    "_NullFlags": "b'\\x00'"
  },
  {
    "BILL2": "P-  293",
    "C_CODE": "GG010",
    "DR": 943800,
    "_NullFlags": "b'\\x00'"
  },
  {
    "BILL2": "P-  294",
    "C_CODE": "GG010",
    "DR": 929250,
    "_NullFlags": "b'\\x00'"
  },
  {
    "BILL2": "P-  295",
    "C_CODE": "GG010",
    "DR": 967800,
    "_NullFlags": "b'\\x00'"
  },
  {
    "BILL2": "P-  296",
    "C_CODE": "GG010",
    "DR": 2538450,
    "_NullFlags": "b'\\x00'"
  },
  {
    "BILL2": "P-  297",
    "C_CODE": "GG010",
    "DR": 1101408,
    "_NullFlags": "b'\\x00'"
  },
  {
    "BILL2": "P-  298",
    "C_CODE": "GG020",
    "DR": 266296.41,
    "_NullFlags": "b'\\x00'"
  },
  {
    "BILL2": "P-  299",
    "C_CODE": "GG023",
    "DR": 82910.48,
    "_NullFlags": "b'\\x00'"
  },
  {
    "BILL2": "P-  300",
    "C_CODE": "GG014",
    "DR": 93130.09,
    "_NullFlags": "b'\\x00'"
  },
  {
    "BILL2": "P-  300",
    "C_CODE": "GG015",
    "DR": 21904.18,
    "_NullFlags": "b'\\x00'"
  },
  {
    "BILL2": "P-  300",
    "C_CODE": "GG016",
    "DR": 407069.73,
    "_NullFlags": "b'\\x00'"
  },
  {
    "BILL2": "P-  301",
    "C_CODE": "GG010",
    "DR": 346312.8,
    "_NullFlags": "b'\\x00'"
  },
  {
    "BILL2": "P-  302",
    "C_CODE": "GG010",
    "DR": 986700,
    "_NullFlags": "b'\\x00'"
  },
  {
    "BILL2": "P-  303",
    "C_CODE": "GG010",
    "DR": 1034832,
    "_NullFlags": "b'\\x00'"
  },
  {
    "BILL2": "P-  304",
    "C_CODE": "GG016",
    "DR": 37597.97,
    "_NullFlags": "b'\\x00'"
  },
  {
    "BILL2": "P-  304",
    "C_CODE": "GG027",
    "DR": 26034.25,
    "_NullFlags": "b'\\x00'"
  },
  {
    "BILL2": "P-  305",
    "C_CODE": "GG023",
    "DR": 83456.76,
    "_NullFlags": "b'\\x00'"
  },
  {
    "BILL2": "P-  306",
    "C_CODE": "GG020",
    "DR": 42329.57,
    "_NullFlags": "b'\\x00'"
  },
  {
    "BILL2": "P-  307",
    "C_CODE": "GG020",
    "DR": 370951.7,
    "_NullFlags": "b'\\x00'"
  },
  {
    "BILL2": "P-  308",
    "C_CODE": "GG020",
    "DR": 436669.03,
    "_NullFlags": "b'\\x00'"
  },
  {
    "BILL2": "P-  309",
    "C_CODE": "GG014",
    "DR": 385569.62,
    "_NullFlags": "b'\\x00'"
  },
  {
    "BILL2": "P-  309",
    "C_CODE": "GG016",
    "DR": 1037431.02,
    "_NullFlags": "b'\\x00'"
  },
  {
    "BILL2": "P-  310",
    "C_CODE": "GG010",
    "DR": 327142.42,
    "_NullFlags": "b'\\x00'"
  },
  {
    "BILL2": "P-  311",
    "C_CODE": "GG010",
    "DR": 58984.6,
    "_NullFlags": "b'\\x00'"
  },
  {
    "BILL2": "P-  312",
    "C_CODE": "GG010",
    "DR": 1114750,
    "_NullFlags": "b'\\x00'"
  },
  {
    "BILL2": "P-  313",
    "C_CODE": "GG010",
    "DR": 1123486,
    "_NullFlags": "b'\\x00'"
  },
  {
    "BILL2": "P-  315",
    "C_CODE": "GG010",
    "DR": 1157934,
    "_NullFlags": "b'\\x00'"
  },
  {
    "BILL2": "P-  316",
    "C_CODE": "GG026",
    "DR": 671831,
    "_NullFlags": "b'\\x00'"
  },
  {
    "BILL2": "P-  317",
    "C_CODE": "GG026",
    "DR": 79970.14,
    "_NullFlags": "b'\\x00'"
  },
  {
    "BILL2": "P-  318",
    "C_CODE": "GG026",
    "DR": 17099.1,
    "_NullFlags": "b'\\x00'"
  },
  {
    "BILL2": "P-  319",
    "C_CODE": "GG026",
    "DR": 218415.96,
    "_NullFlags": "b'\\x00'"
  },
  {
    "BILL2": "P-  320",
    "C_CODE": "GG014",
    "DR": 25965.63,
    "_NullFlags": "b'\\x00'"
  },
  {
    "BILL2": "P-  320",
    "C_CODE": "GG016",
    "DR": 180534.9,
    "_NullFlags": "b'\\x00'"
  },
  {
    "BILL2": "P-  320",
    "C_CODE": "GG020",
    "DR": 3529.47,
    "_NullFlags": "b'\\x00'"
  },
  {
    "BILL2": "P-  321",
    "C_CODE": "GG023",
    "DR": 12583.68,
    "_NullFlags": "b'\\x00'"
  },
  {
    "BILL2": "P-  322",
    "C_CODE": "GG014",
    "DR": 93130.09,
    "_NullFlags": "b'\\x00'"
  },
  {
    "BILL2": "P-  322",
    "C_CODE": "GG015",
    "DR": 21904.18,
    "_NullFlags": "b'\\x00'"
  },
  {
    "BILL2": "P-  322",
    "C_CODE": "GG016",
    "DR": 408400.48,
    "_NullFlags": "b'\\x00'"
  },
  {
    "BILL2": "P-  323",
    "C_CODE": "GG010",
    "DR": 70761.6,
    "_NullFlags": "b'\\x00'"
  },
  {
    "BILL2": "P-  324",
    "C_CODE": "GG020",
    "DR": 187757.77,
    "_NullFlags": "b'\\x00'"
  },
  {
    "BILL2": "P-  325",
    "C_CODE": "GG010",
    "DR": 2168100,
    "_NullFlags": "b'\\x00'"
  },
  {
    "BILL2": "P-  326",
    "C_CODE": "GG010",
    "DR": 175365.75,
    "_NullFlags": "b'\\x00'"
  },
  {
    "BILL2": "P-  327",
    "C_CODE": "GG027",
    "DR": 39051.38,
    "_NullFlags": "b'\\x00'"
  },
  {
    "BILL2": "P-  328",
    "C_CODE": "GG014",
    "DR": 88235.6,
    "_NullFlags": "b'\\x00'"
  },
  {
    "BILL2": "P-  328",
    "C_CODE": "GG015",
    "DR": 25607.79,
    "_NullFlags": "b'\\x00'"
  },
  {
    "BILL2": "P-  328",
    "C_CODE": "GG016",
    "DR": 377368.7,
    "_NullFlags": "b'\\x00'"
  },
  {
    "BILL2": "P-  329",
    "C_CODE": "GG010",
    "DR": 1151150,
    "_NullFlags": "b'\\x00'"
  },
  {
    "BILL2": "P-  330",
    "C_CODE": "GG010",
    "DR": 193132.43,
    "_NullFlags": "b'\\x00'"
  },
  {
    "BILL2": "P-  331",
    "C_CODE": "GG023",
    "DR": 107591.52,
    "_NullFlags": "b'\\x00'"
  },
  {
    "BILL2": "P-  332",
    "C_CODE": "GG020",
    "DR": 280877.5,
    "_NullFlags": "b'\\x00'"
  },
  {
    "BILL2": "P-  333",
    "C_CODE": "GG020",
    "DR": 15899.9,
    "_NullFlags": "b'\\x00'"
  },
  {
    "BILL2": "P-  334",
    "C_CODE": "GG016",
    "DR": 676334.28,
    "_NullFlags": "b'\\x00'"
  },
  {
    "BILL2": "P-  335",
    "C_CODE": "GG014",
    "DR": 34085.61,
    "_NullFlags": "b'\\x00'"
  },
  {
    "BILL2": "P-  335",
    "C_CODE": "GG016",
    "DR": 82952.32,
    "_NullFlags": "b'\\x00'"
  },
  {
    "BILL2": "P-  336",
    "C_CODE": "GG010",
    "DR": 1213550,
    "_NullFlags": "b'\\x00'"
  },
  {
    "BILL2": "P-  337",
    "C_CODE": "GG023",
    "DR": 122431.04,
    "_NullFlags": "b'\\x00'"
  },
  {
    "BILL2": "P-  338",
    "C_CODE": "GG027",
    "DR": 26034.25,
    "_NullFlags": "b'\\x00'"
  },
  {
    "BILL2": "P-  339",
    "C_CODE": "GG014",
    "DR": 14662.22,
    "_NullFlags": "b'\\x00'"
  },
  {
    "BILL2": "P-  339",
    "C_CODE": "GG015",
    "DR": 868.5,
    "_NullFlags": "b'\\x00'"
  },
  {
    "BILL2": "P-  339",
    "C_CODE": "GG016",
    "DR": 405626.97,
    "_NullFlags": "b'\\x00'"
  },
  {
    "BILL2": "P-  340",
    "C_CODE": "GG020",
    "DR": 273119.06,
    "_NullFlags": "b'\\x00'"
  },
  {
    "BILL2": "P-  341",
    "C_CODE": "GG020",
    "DR": 38147.51,
    "_NullFlags": "b'\\x00'"
  },
  {
    "BILL2": "P-  342",
    "C_CODE": "GG010",
    "DR": 470537.65,
    "_NullFlags": "b'\\x00'"
  },
  {
    "BILL2": "P-  343",
    "C_CODE": "GG010",
    "DR": 3944298,
    "_NullFlags": "b'\\x00'"
  },
  {
    "BILL2": "P-  344",
    "C_CODE": "GG010",
    "DR": 1195400,
    "_NullFlags": "b'\\x00'"
  },
  {
    "BILL2": "P-  345",
    "C_CODE": "GG010",
    "DR": 1204972.34,
    "_NullFlags": "b'\\x00'"
  },
  {
    "BILL2": "P-  346",
    "C_CODE": "GG023",
    "DR": 10943.62,
    "_NullFlags": "b'\\x00'"
  },
  {
    "BILL2": "P-  347",
    "C_CODE": "GG014",
    "DR": 188916.55,
    "_NullFlags": "b'\\x00'"
  },
  {
    "BILL2": "P-  347",
    "C_CODE": "GG015",
    "DR": 12106.84,
    "_NullFlags": "b'\\x00'"
  },
  {
    "BILL2": "P-  347",
    "C_CODE": "GG016",
    "DR": 709388.81,
    "_NullFlags": "b'\\x00'"
  },
  {
    "BILL2": "P-  348",
    "C_CODE": "GG020",
    "DR": 353294.01,
    "_NullFlags": "b'\\x00'"
  },
  {
    "BILL2": "P-  349",
    "C_CODE": "GG010",
    "DR": 1179318,
    "_NullFlags": "b'\\x00'"
  },
  {
    "BILL2": "P-  350",
    "C_CODE": "GG010",
    "DR": 1153750,
    "_NullFlags": "b'\\x00'"
  },
  {
    "BILL2": "P-  351",
    "C_CODE": "GG023",
    "DR": 74041.24,
    "_NullFlags": "b'\\x00'"
  },
  {
    "BILL2": "P-  352",
    "C_CODE": "GG016",
    "DR": 11338.44,
    "_NullFlags": "b'\\x00'"
  },
  {
    "BILL2": "P-  353",
    "C_CODE": "GG010",
    "DR": 136210.5,
    "_NullFlags": "b'\\x00'"
  },
  {
    "BILL2": "P-  354",
    "C_CODE": "GG010",
    "DR": 1618812,
    "_NullFlags": "b'\\x00'"
  },
  {
    "BILL2": "P-  355",
    "C_CODE": "GG023",
    "DR": 48057.36,
    "_NullFlags": "b'\\x00'"
  },
  {
    "BILL2": "P-  356",
    "C_CODE": "GG010",
    "DR": 584017.75,
    "_NullFlags": "b'\\x00'"
  },
  {
    "BILL2": "P-  357",
    "C_CODE": "GG010",
    "DR": 1185444,
    "_NullFlags": "b'\\x00'"
  },
  {
    "BILL2": "P-  358",
    "C_CODE": "GG014",
    "DR": 107173.84,
    "_NullFlags": "b'\\x00'"
  },
  {
    "BILL2": "P-  358",
    "C_CODE": "GG015",
    "DR": 13661.12,
    "_NullFlags": "b'\\x00'"
  },
  {
    "BILL2": "P-  358",
    "C_CODE": "GG016",
    "DR": 807969.68,
    "_NullFlags": "b'\\x00'"
  },
  {
    "BILL2": "P-  359",
    "C_CODE": "GG020",
    "DR": 9252.77,
    "_NullFlags": "b'\\x00'"
  },
  {
    "BILL2": "P-  360",
    "C_CODE": "GG020",
    "DR": 219945.15,
    "_NullFlags": "b'\\x00'"
  },
  {
    "BILL2": "P-  362",
    "C_CODE": "GG026",
    "DR": 254818.62,
    "_NullFlags": "b'\\x00'"
  },
  {
    "BILL2": "P-  363",
    "C_CODE": "GG026",
    "DR": 49294.55,
    "_NullFlags": "b'\\x00'"
  },
  {
    "BILL2": "P-  364",
    "C_CODE": "GG026",
    "DR": 72805.32,
    "_NullFlags": "b'\\x00'"
  },
  {
    "BILL2": "P-  365",
    "C_CODE": "GG026",
    "DR": 472868.9,
    "_NullFlags": "b'\\x00'"
  },
  {
    "BILL2": "P-  366",
    "C_CODE": "GG010",
    "DR": 255183.25,
    "_NullFlags": "b'\\x00'"
  },
  {
    "BILL2": "P-  367",
    "C_CODE": "GG023",
    "DR": 115631.32,
    "_NullFlags": "b'\\x00'"
  },
  {
    "BILL2": "P-  368",
    "C_CODE": "GG014",
    "DR": 14742.86,
    "_NullFlags": "b'\\x00'"
  },
  {
    "BILL2": "P-  368",
    "C_CODE": "GG015",
    "DR": 4607.14,
    "_NullFlags": "b'\\x00'"
  },
  {
    "BILL2": "P-  368",
    "C_CODE": "GG016",
    "DR": 57216.86,
    "_NullFlags": "b'\\x00'"
  },
  {
    "BILL2": "P-  369",
    "C_CODE": "GG027",
    "DR": 110043.5,
    "_NullFlags": "b'\\x00'"
  },
  {
    "BILL2": "P-  370",
    "C_CODE": "GG010",
    "DR": 1239300,
    "_NullFlags": "b'\\x00'"
  },
  {
    "BILL2": "P-  371",
    "C_CODE": "GG020",
    "DR": 168277.38,
    "_NullFlags": "b'\\x00'"
  },
  {
    "BILL2": "P-  372",
    "C_CODE": "GG010",
    "DR": 1244000,
    "_NullFlags": "b'\\x00'"
  },
  {
    "BILL2": "P-  373",
    "C_CODE": "GG014",
    "DR": 97450.62,
    "_NullFlags": "b'\\x00'"
  },
  {
    "BILL2": "P-  373",
    "C_CODE": "GG016",
    "DR": 840486.53,
    "_NullFlags": "b'\\x00'"
  },
  {
    "BILL2": "P-  374",
    "C_CODE": "GG014",
    "DR": 246075.6,
    "_NullFlags": "b'\\x00'"
  },
  {
    "BILL2": "P-  374",
    "C_CODE": "GG015",
    "DR": 8203.1,
    "_NullFlags": "b'\\x00'"
  },
  {
    "BILL2": "P-  374",
    "C_CODE": "GG016",
    "DR": 1009644.04,
    "_NullFlags": "b'\\x00'"
  },
  {
    "BILL2": "P-  375",
    "C_CODE": "GG010",
    "DR": 3208605,
    "_NullFlags": "b'\\x00'"
  },
  {
    "BILL2": "P-  376",
    "C_CODE": "GG014",
    "DR": 27107.87,
    "_NullFlags": "b'\\x00'"
  },
  {
    "BILL2": "P-  376",
    "C_CODE": "GG016",
    "DR": 146161.01,
    "_NullFlags": "b'\\x00'"
  },
  {
    "BILL2": "P-  377",
    "C_CODE": "GG010",
    "DR": 1218100,
    "_NullFlags": "b'\\x00'"
  },
  {
    "BILL2": "P-  378",
    "C_CODE": "GG023",
    "DR": 148983.88,
    "_NullFlags": "b'\\x00'"
  },
  {
    "BILL2": "P-  379",
    "C_CODE": "GG010",
    "DR": 1151150,
    "_NullFlags": "b'\\x00'"
  },
  {
    "BILL2": "P-  380",
    "C_CODE": "GG014",
    "DR": 10128.42,
    "_NullFlags": "b'\\x00'"
  },
  {
    "BILL2": "P-  380",
    "C_CODE": "GG015",
    "DR": 13472.32,
    "_NullFlags": "b'\\x00'"
  },
  {
    "BILL2": "P-  380",
    "C_CODE": "GG016",
    "DR": 145559.98,
    "_NullFlags": "b'\\x00'"
  },
  {
    "BILL2": "P-  381",
    "C_CODE": "GG014",
    "DR": 75963.15,
    "_NullFlags": "b'\\x00'"
  },
  {
    "BILL2": "P-  381",
    "C_CODE": "GG015",
    "DR": 1811.15,
    "_NullFlags": "b'\\x00'"
  },
  {
    "BILL2": "P-  381",
    "C_CODE": "GG016",
    "DR": 5390074.21,
    "_NullFlags": "b'\\x00'"
  },
  {
    "BILL2": "P-  382",
    "C_CODE": "GG014",
    "DR": 26311.91,
    "_NullFlags": "b'\\x00'"
  },
  {
    "BILL2": "P-  382",
    "C_CODE": "GG016",
    "DR": 70492.97,
    "_NullFlags": "b'\\x00'"
  },
  {
    "BILL2": "P-  383",
    "C_CODE": "GG016",
    "DR": 58268.53,
    "_NullFlags": "b'\\x00'"
  },
  {
    "BILL2": "P-  384",
    "C_CODE": "GG016",
    "DR": 58588.09,
    "_NullFlags": "b'\\x00'"
  },
  {
    "BILL2": "P-  385",
    "C_CODE": "GG016",
    "DR": 106274.79,
    "_NullFlags": "b'\\x00'"
  },
  {
    "BILL2": "P-  386",
    "C_CODE": "GG016",
    "DR": 57050.84,
    "_NullFlags": "b'\\x00'"
  },
  {
    "BILL2": "P-  387",
    "C_CODE": "GG016",
    "DR": 44996.34,
    "_NullFlags": "b'\\x00'"
  },
  {
    "BILL2": "P-  388",
    "C_CODE": "GG014",
    "DR": 11278.81,
    "_NullFlags": "b'\\x00'"
  },
  {
    "BILL2": "P-  388",
    "C_CODE": "GG016",
    "DR": 85861.47,
    "_NullFlags": "b'\\x00'"
  },
  {
    "BILL2": "P-  389",
    "C_CODE": "GG016",
    "DR": 83327.62,
    "_NullFlags": "b'\\x00'"
  },
  {
    "BILL2": "P-  390",
    "C_CODE": "GG016",
    "DR": 113137.5,
    "_NullFlags": "b'\\x00'"
  },
  {
    "BILL2": "P-  391",
    "C_CODE": "GG016",
    "DR": 44996.34,
    "_NullFlags": "b'\\x00'"
  },
  {
    "BILL2": "P-  392",
    "C_CODE": "GG014",
    "DR": 7326.36,
    "_NullFlags": "b'\\x00'"
  },
  {
    "BILL2": "P-  392",
    "C_CODE": "GG016",
    "DR": 98263.41,
    "_NullFlags": "b'\\x00'"
  },
  {
    "BILL2": "P-  393",
    "C_CODE": "GG016",
    "DR": 59041.55,
    "_NullFlags": "b'\\x00'"
  },
  {
    "BILL2": "P-  394",
    "C_CODE": "GG016",
    "DR": 14509.31,
    "_NullFlags": "b'\\x00'"
  },
  {
    "BILL2": "P-  395",
    "C_CODE": "GG014",
    "DR": 51494.24,
    "_NullFlags": "b'\\x00'"
  },
  {
    "BILL2": "P-  395",
    "C_CODE": "GG016",
    "DR": 23536.56,
    "_NullFlags": "b'\\x00'"
  },
  {
    "BILL2": "P-  396",
    "C_CODE": "GG016",
    "DR": 101807.03,
    "_NullFlags": "b'\\x00'"
  },
  {
    "BILL2": "P-  397",
    "C_CODE": "GG014",
    "DR": 33664.03,
    "_NullFlags": "b'\\x00'"
  },
  {
    "BILL2": "P-  397",
    "C_CODE": "GG016",
    "DR": 136513.71,
    "_NullFlags": "b'\\x00'"
  },
  {
    "BILL2": "P-  398",
    "C_CODE": "GG016",
    "DR": 265809.71,
    "_NullFlags": "b'\\x00'"
  },
  {
    "BILL2": "P-  399",
    "C_CODE": "GG026",
    "DR": 72805.32,
    "_NullFlags": "b'\\x00'"
  },
  {
    "BILL2": "P-  400",
    "C_CODE": "GG026",
    "DR": 96916.49,
    "_NullFlags": "b'\\x00'"
  },
  {
    "BILL2": "P-  401",
    "C_CODE": "GG026",
    "DR": 176770.35,
    "_NullFlags": "b'\\x00'"
  },
  {
    "BILL2": "P-  402",
    "C_CODE": "GG014",
    "DR": 101447.49,
    "_NullFlags": "b'\\x00'"
  },
  {
    "BILL2": "P-  402",
    "C_CODE": "GG015",
    "DR": 19363.42,
    "_NullFlags": "b'\\x00'"
  },
  {
    "BILL2": "P-  402",
    "C_CODE": "GG016",
    "DR": 647266.7,
    "_NullFlags": "b'\\x00'"
  },
  {
    "BILL2": "P-  403",
    "C_CODE": "GG010",
    "DR": 59898.8,
    "_NullFlags": "b'\\x00'"
  },
  {
    "BILL2": "P-  404",
    "C_CODE": "GG010",
    "DR": 1245400,
    "_NullFlags": "b'\\x00'"
  },
  {
    "BILL2": "P-  405",
    "C_CODE": "GG026",
    "DR": 79784.5,
    "_NullFlags": "b'\\x00'"
  },
  {
    "BILL2": "P-  406",
    "C_CODE": "GG010",
    "DR": 1243072.25,
    "_NullFlags": "b'\\x00'"
  },
  {
    "BILL2": "P-  407",
    "C_CODE": "GG020",
    "DR": 233862.49,
    "_NullFlags": "b'\\x00'"
  },
  {
    "BILL2": "P-  408",
    "C_CODE": "GG023",
    "DR": 8208,
    "_NullFlags": "b'\\x00'"
  },
  {
    "BILL2": "P-  409",
    "C_CODE": "GG010",
    "DR": 1245400,
    "_NullFlags": "b'\\x00'"
  },
  {
    "BILL2": "P-  410",
    "C_CODE": "GG016",
    "DR": 1161,
    "_NullFlags": "b'\\x00'"
  },
  {
    "BILL2": "P-  411",
    "C_CODE": "GG016",
    "DR": 1271.2,
    "_NullFlags": "b'\\x00'"
  },
  {
    "BILL2": "P-  412",
    "C_CODE": "GG010",
    "DR": 1271440,
    "_NullFlags": "b'\\x00'"
  },
  {
    "BILL2": "P-  413",
    "C_CODE": "GG010",
    "DR": 2914539,
    "_NullFlags": "b'\\x00'"
  },
  {
    "BILL2": "P-  414",
    "C_CODE": "GG016",
    "DR": 26230.24,
    "_NullFlags": "b'\\x00'"
  },
  {
    "BILL2": "P-  415",
    "C_CODE": "GG014",
    "DR": 105838.85,
    "_NullFlags": "b'\\x00'"
  },
  {
    "BILL2": "P-  415",
    "C_CODE": "GG015",
    "DR": 13774.2,
    "_NullFlags": "b'\\x00'"
  },
  {
    "BILL2": "P-  415",
    "C_CODE": "GG016",
    "DR": 565609.24,
    "_NullFlags": "b'\\x00'"
  },
  {
    "BILL2": "P-  416",
    "C_CODE": "GG023",
    "DR": 168790,
    "_NullFlags": "b'\\x00'"
  },
  {
    "BILL2": "P-  417",
    "C_CODE": "GG020",
    "DR": 227196.16,
    "_NullFlags": "b'\\x00'"
  },
  {
    "BILL2": "P-  418",
    "C_CODE": "GG020",
    "DR": 28065.45,
    "_NullFlags": "b'\\x00'"
  },
  {
    "BILL2": "P-  419",
    "C_CODE": "GG020",
    "DR": 29679.41,
    "_NullFlags": "b'\\x00'"
  },
  {
    "BILL2": "P-  420",
    "C_CODE": "GG020",
    "DR": 22216.26,
    "_NullFlags": "b'\\x00'"
  },
  {
    "BILL2": "P-  421",
    "C_CODE": "GG020",
    "DR": 76278.7,
    "_NullFlags": "b'\\x00'"
  },
  {
    "BILL2": "P-  422",
    "C_CODE": "GG020",
    "DR": 70256.26,
    "_NullFlags": "b'\\x00'"
  },
  {
    "BILL2": "P-  423",
    "C_CODE": "GG020",
    "DR": 38459.1,
    "_NullFlags": "b'\\x00'"
  },
  {
    "BILL2": "P-  424",
    "C_CODE": "GG010",
    "DR": 1263600,
    "_NullFlags": "b'\\x00'"
  },
  {
    "BILL2": "P-  425",
    "C_CODE": "GG023",
    "DR": 49353.32,
    "_NullFlags": "b'\\x00'"
  },
  {
    "BILL2": "P-  426",
    "C_CODE": "GG014",
    "DR": 174871.5,
    "_NullFlags": "b'\\x00'"
  },
  {
    "BILL2": "P-  426",
    "C_CODE": "GG015",
    "DR": 14301.62,
    "_NullFlags": "b'\\x00'"
  },
  {
    "BILL2": "P-  426",
    "C_CODE": "GG016",
    "DR": 642006.32,
    "_NullFlags": "b'\\x00'"
  },
  {
    "BILL2": "P-  427",
    "C_CODE": "GG010",
    "DR": 1263600,
    "_NullFlags": "b'\\x00'"
  },
  {
    "BILL2": "P-  428",
    "C_CODE": "GG010",
    "DR": 2869975.8,
    "_NullFlags": "b'\\x00'"
  },
  {
    "BILL2": "P-  429",
    "C_CODE": "GG027",
    "DR": 74773.92,
    "_NullFlags": "b'\\x00'"
  },
  {
    "BILL2": "P-  430",
    "C_CODE": "GG023",
    "DR": 96399.68,
    "_NullFlags": "b'\\x00'"
  },
  {
    "BILL2": "P-  431",
    "C_CODE": "GG010",
    "DR": 1268890,
    "_NullFlags": "b'\\x00'"
  },
  {
    "BILL2": "P-  432",
    "C_CODE": "GG026",
    "DR": 59907.25,
    "_NullFlags": "b'\\x00'"
  },
  {
    "BILL2": "P-  433",
    "C_CODE": "GG026",
    "DR": 456912,
    "_NullFlags": "b'\\x00'"
  },
  {
    "BILL2": "P-  434",
    "C_CODE": "GG026",
    "DR": 147066.75,
    "_NullFlags": "b'\\x00'"
  },
  {
    "BILL2": "P-  435",
    "C_CODE": "GG020",
    "DR": 252407.02,
    "_NullFlags": "b'\\x00'"
  },
  {
    "BILL2": "P-  437",
    "C_CODE": "GG014",
    "DR": 148464.38,
    "_NullFlags": "b'\\x00'"
  },
  {
    "BILL2": "P-  437",
    "C_CODE": "GG016",
    "DR": 899955.16,
    "_NullFlags": "b'\\x00'"
  },
  {
    "BILL2": "P-  438",
    "C_CODE": "GG010",
    "DR": 1558147.2,
    "_NullFlags": "b'\\x00'"
  },
  {
    "BILL2": "P-  440",
    "C_CODE": "GG020",
    "DR": 35279.77,
    "_NullFlags": "b'\\x00'"
  },
  {
    "BILL2": "P-  441",
    "C_CODE": "GG020",
    "DR": 135488.04,
    "_NullFlags": "b'\\x00'"
  },
  {
    "BILL2": "P-  442",
    "C_CODE": "GG010",
    "DR": 1210300,
    "_NullFlags": "b'\\x00'"
  },
  {
    "BILL2": "P-  443",
    "C_CODE": "GG023",
    "DR": 15592.32,
    "_NullFlags": "b'\\x00'"
  },
  {
    "BILL2": "P-  444",
    "C_CODE": "GG010",
    "DR": 65423,
    "_NullFlags": "b'\\x00'"
  },
  {
    "BILL2": "P-  445",
    "C_CODE": "GG016",
    "DR": 1927.95,
    "_NullFlags": "b'\\x00'"
  },
  {
    "BILL2": "P-  446",
    "C_CODE": "GG014",
    "DR": 281130.75,
    "_NullFlags": "b'\\x00'"
  },
  {
    "BILL2": "P-  446",
    "C_CODE": "GG015",
    "DR": 17216.78,
    "_NullFlags": "b'\\x00'"
  },
  {
    "BILL2": "P-  446",
    "C_CODE": "GG016",
    "DR": 480305,
    "_NullFlags": "b'\\x00'"
  },
  {
    "BILL2": "P-  447",
    "C_CODE": "GG023",
    "DR": 112482.32,
    "_NullFlags": "b'\\x00'"
  },
  {
    "BILL2": "P-  448",
    "C_CODE": "GG020",
    "DR": 219119.73,
    "_NullFlags": "b'\\x00'"
  },
  {
    "BILL2": "P-  449",
    "C_CODE": "GG026",
    "DR": 12184.74,
    "_NullFlags": "b'\\x00'"
  },
  {
    "BILL2": "P-  450",
    "C_CODE": "GG026",
    "DR": 291221.28,
    "_NullFlags": "b'\\x00'"
  },
  {
    "BILL2": "P-  451",
    "C_CODE": "GG016",
    "DR": 380240.65,
    "_NullFlags": "b'\\x00'"
  },
  {
    "BILL2": "P-  452",
    "C_CODE": "GG010",
    "DR": 1235980,
    "_NullFlags": "b'\\x00'"
  },
  {
    "BILL2": "P-  453",
    "C_CODE": "GG014",
    "DR": 13257.12,
    "_NullFlags": "b'\\x00'"
  },
  {
    "BILL2": "P-  453",
    "C_CODE": "GG016",
    "DR": 26694.9,
    "_NullFlags": "b'\\x00'"
  },
  {
    "BILL2": "P-  454",
    "C_CODE": "GG020",
    "DR": 5273.49,
    "_NullFlags": "b'\\x00'"
  },
  {
    "BILL2": "P-  455",
    "C_CODE": "GG020",
    "DR": 294186.34,
    "_NullFlags": "b'\\x00'"
  },
  {
    "BILL2": "P-  456",
    "C_CODE": "GG016",
    "DR": 245365.31,
    "_NullFlags": "b'\\x00'"
  },
  {
    "BILL2": "P-  457",
    "C_CODE": "GG014",
    "DR": 330125.97,
    "_NullFlags": "b'\\x00'"
  },
  {
    "BILL2": "P-  457",
    "C_CODE": "GG016",
    "DR": 803076.84,
    "_NullFlags": "b'\\x00'"
  },
  {
    "BILL2": "P-  458",
    "C_CODE": "GG016",
    "DR": 510133.62,
    "_NullFlags": "b'\\x00'"
  },
  {
    "BILL2": "P-  459",
    "C_CODE": "GG010",
    "DR": 3056165,
    "_NullFlags": "b'\\x00'"
  },
  {
    "BILL2": "P-  460",
    "C_CODE": "GG023",
    "DR": 147759.8,
    "_NullFlags": "b'\\x00'"
  },
  {
    "BILL2": "P-  461",
    "C_CODE": "GG020",
    "DR": 449337.03,
    "_NullFlags": "b'\\x00'"
  },
  {
    "BILL2": "P-  462",
    "C_CODE": "GG010",
    "DR": 1155700,
    "_NullFlags": "b'\\x00'"
  },
  {
    "BILL2": "P-  463",
    "C_CODE": "GG010",
    "DR": 1155700,
    "_NullFlags": "b'\\x00'"
  },
  {
    "BILL2": "P-  464",
    "C_CODE": "GG027",
    "DR": 70844.8,
    "_NullFlags": "b'\\x00'"
  },
  {
    "BILL2": "P-  465",
    "C_CODE": "GG023",
    "DR": 68617.24,
    "_NullFlags": "b'\\x00'"
  },
  {
    "BILL2": "P-  466",
    "C_CODE": "GG014",
    "DR": 156011.97,
    "_NullFlags": "b'\\x00'"
  },
  {
    "BILL2": "P-  466",
    "C_CODE": "GG015",
    "DR": 11210.77,
    "_NullFlags": "b'\\x00'"
  },
  {
    "BILL2": "P-  466",
    "C_CODE": "GG016",
    "DR": 388639.69,
    "_NullFlags": "b'\\x00'"
  },
  {
    "BILL2": "P-  467",
    "C_CODE": "GG010",
    "DR": 1155790,
    "_NullFlags": "b'\\x00'"
  },
  {
    "BILL2": "P-  468",
    "C_CODE": "GG014",
    "DR": 26171.45,
    "_NullFlags": "b'\\x00'"
  },
  {
    "BILL2": "P-  469",
    "C_CODE": "GG016",
    "DR": 119177.9,
    "_NullFlags": "b'\\x00'"
  },
  {
    "BILL2": "P-  470",
    "C_CODE": "GG027",
    "DR": 385169.47,
    "_NullFlags": "b'\\x00'"
  },
  {
    "BILL2": "P-  471",
    "C_CODE": "GG023",
    "DR": 15592.32,
    "_NullFlags": "b'\\x00'"
  },
  {
    "BILL2": "P-  472",
    "C_CODE": "GG010",
    "DR": 151927.3,
    "_NullFlags": "b'\\x00'"
  },
  {
    "BILL2": "P-  473",
    "C_CODE": "GG010",
    "DR": 1177600,
    "_NullFlags": "b'\\x00'"
  },
  {
    "BILL2": "P-  474",
    "C_CODE": "GG010",
    "DR": 193170,
    "_NullFlags": "b'\\x00'"
  },
  {
    "BILL2": "P-  475",
    "C_CODE": "GG026",
    "DR": 182013.3,
    "_NullFlags": "b'\\x00'"
  },
  {
    "BILL2": "P-  476",
    "C_CODE": "GG026",
    "DR": 33892.7,
    "_NullFlags": "b'\\x00'"
  },
  {
    "BILL2": "P-  477",
    "C_CODE": "GG026",
    "DR": 622983.6,
    "_NullFlags": "b'\\x00'"
  },
  {
    "BILL2": "P-  478",
    "C_CODE": "GG010",
    "DR": 134288,
    "_NullFlags": "b'\\x00'"
  },
  {
    "BILL2": "P-  479",
    "C_CODE": "GG010",
    "DR": 1166625,
    "_NullFlags": "b'\\x00'"
  },
  {
    "BILL2": "P-  480",
    "C_CODE": "GG014",
    "DR": 144557.91,
    "_NullFlags": "b'\\x00'"
  },
  {
    "BILL2": "P-  480",
    "C_CODE": "GG015",
    "DR": 16338.57,
    "_NullFlags": "b'\\x00'"
  },
  {
    "BILL2": "P-  480",
    "C_CODE": "GG016",
    "DR": 612835.79,
    "_NullFlags": "b'\\x00'"
  },
  {
    "BILL2": "P-  481",
    "C_CODE": "GG020",
    "DR": 104991.21,
    "_NullFlags": "b'\\x00'"
  },
  {
    "BILL2": "P-  482",
    "C_CODE": "GG020",
    "DR": 24893.1,
    "_NullFlags": "b'\\x00'"
  },
  {
    "BILL2": "P-  483",
    "C_CODE": "GG014",
    "DR": 26285.7,
    "_NullFlags": "b'\\x00'"
  },
  {
    "BILL2": "P-  485",
    "C_CODE": "GG023",
    "DR": 70247.92,
    "_NullFlags": "b'\\x00'"
  },
  {
    "BILL2": "P-  486",
    "C_CODE": "GG010",
    "DR": 1164150,
    "_NullFlags": "b'\\x00'"
  },
  {
    "BILL2": "P-  487",
    "C_CODE": "GG010",
    "DR": 252907,
    "_NullFlags": "b'\\x00'"
  },
  {
    "BILL2": "P-  488",
    "C_CODE": "GG014",
    "DR": 96758.16,
    "_NullFlags": "b'\\x00'"
  },
  {
    "BILL2": "P-  488",
    "C_CODE": "GG015",
    "DR": 2980.34,
    "_NullFlags": "b'\\x00'"
  },
  {
    "BILL2": "P-  488",
    "C_CODE": "GG016",
    "DR": 481469.13,
    "_NullFlags": "b'\\x00'"
  },
  {
    "BILL2": "P-  489",
    "C_CODE": "GG010",
    "DR": 2015748.8,
    "_NullFlags": "b'\\x00'"
  },
  {
    "BILL2": "P-  490",
    "C_CODE": "GG014",
    "DR": 21785.71,
    "_NullFlags": "b'\\x00'"
  },
  {
    "BILL2": "P-  491",
    "C_CODE": "GG010",
    "DR": 1153558,
    "_NullFlags": "b'\\x00'"
  },
  {
    "BILL2": "P-  492",
    "C_CODE": "GG014",
    "DR": 24571.2,
    "_NullFlags": "b'\\x00'"
  },
  {
    "BILL2": "P-  492",
    "C_CODE": "GG016",
    "DR": 153988.16,
    "_NullFlags": "b'\\x00'"
  },
  {
    "BILL2": "P-  493",
    "C_CODE": "GG010",
    "DR": 1164150,
    "_NullFlags": "b'\\x00'"
  },
  {
    "BILL2": "P-  494",
    "C_CODE": "GG014",
    "DR": 112989.95,
    "_NullFlags": "b'\\x00'"
  },
  {
    "BILL2": "P-  494",
    "C_CODE": "GG015",
    "DR": 10849.34,
    "_NullFlags": "b'\\x00'"
  },
  {
    "BILL2": "P-  494",
    "C_CODE": "GG016",
    "DR": 297224.7,
    "_NullFlags": "b'\\x00'"
  },
  {
    "BILL2": "P-  496",
    "C_CODE": "GG020",
    "DR": 38297,
    "_NullFlags": "b'\\x00'"
  },
  {
    "BILL2": "P-  497",
    "C_CODE": "GG020",
    "DR": 353410.4,
    "_NullFlags": "b'\\x00'"
  },
  {
    "BILL2": "P-  498",
    "C_CODE": "GG027",
    "DR": 136524.53,
    "_NullFlags": "b'\\x00'"
  },
  {
    "BILL2": "P-  499",
    "C_CODE": "GG010",
    "DR": 1173795,
    "_NullFlags": "b'\\x00'"
  },
  {
    "BILL2": "P-  500",
    "C_CODE": "GG023",
    "DR": 158581.3,
    "_NullFlags": "b'\\x00'"
  },
  {
    "BILL2": "P-  501",
    "C_CODE": "GG023",
    "DR": 2735.62,
    "_NullFlags": "b'\\x00'"
  },
  {
    "BILL2": "P-  502",
    "C_CODE": "GG010",
    "DR": 1210300,
    "_NullFlags": "b'\\x00'"
  },
  {
    "BILL2": "P-  503",
    "C_CODE": "GG010",
    "DR": 218967,
    "_NullFlags": "b'\\x00'"
  },
  {
    "BILL2": "P-  504",
    "C_CODE": "GG010",
    "DR": 1173900,
    "_NullFlags": "b'\\x00'"
  },
  {
    "BILL2": "P-  505",
    "C_CODE": "GG014",
    "DR": 221226.32,
    "_NullFlags": "b'\\x00'"
  },
  {
    "BILL2": "P-  505",
    "C_CODE": "GG016",
    "DR": 467210.27,
    "_NullFlags": "b'\\x00'"
  },
  {
    "BILL2": "P-  506",
    "C_CODE": "GG010",
    "DR": 1206764,
    "_NullFlags": "b'\\x00'"
  },
  {
    "BILL2": "P-  507",
    "C_CODE": "GG010",
    "DR": 389538.4,
    "_NullFlags": "b'\\x00'"
  },
  {
    "BILL2": "P-  508",
    "C_CODE": "GG010",
    "DR": 2533064,
    "_NullFlags": "b'\\x00'"
  },
  {
    "BILL2": "P-  509",
    "C_CODE": "GG026",
    "DR": 43683.19,
    "_NullFlags": "b'\\x00'"
  },
  {
    "BILL2": "P-  510",
    "C_CODE": "GG026",
    "DR": 400689.8,
    "_NullFlags": "b'\\x00'"
  },
  {
    "BILL2": "P-  511",
    "C_CODE": "GG014",
    "DR": 176480.11,
    "_NullFlags": "b'\\x00'"
  },
  {
    "BILL2": "P-  511",
    "C_CODE": "GG015",
    "DR": 13654.43,
    "_NullFlags": "b'\\x00'"
  },
  {
    "BILL2": "P-  511",
    "C_CODE": "GG016",
    "DR": 854218.05,
    "_NullFlags": "b'\\x00'"
  },
  {
    "BILL2": "P-  512",
    "C_CODE": "GG010",
    "DR": 1205100,
    "_NullFlags": "b'\\x00'"
  },
  {
    "BILL2": "P-  513",
    "C_CODE": "GG020",
    "DR": 27553.36,
    "_NullFlags": "b'\\x00'"
  },
  {
    "BILL2": "P-  514",
    "C_CODE": "GG020",
    "DR": 172403.63,
    "_NullFlags": "b'\\x00'"
  },
  {
    "BILL2": "P-  515",
    "C_CODE": "GG020",
    "DR": 70512,
    "_NullFlags": "b'\\x00'"
  },
  {
    "BILL2": "P-  516",
    "C_CODE": "GG020",
    "DR": 159244.89,
    "_NullFlags": "b'\\x00'"
  },
  {
    "BILL2": "P-  517",
    "C_CODE": "GG027",
    "DR": 104236.8,
    "_NullFlags": "b'\\x00'"
  },
  {
    "BILL2": "P-  518",
    "C_CODE": "GG010",
    "DR": 135801.94,
    "_NullFlags": "b'\\x00'"
  },
  {
    "BILL2": "P-  519",
    "C_CODE": "GG026",
    "DR": 33892.7,
    "_NullFlags": "b'\\x00'"
  },
  {
    "BILL2": "P-  520",
    "C_CODE": "GG026",
    "DR": 114228,
    "_NullFlags": "b'\\x00'"
  },
  {
    "BILL2": "P-  521",
    "C_CODE": "GG026",
    "DR": 59078.15,
    "_NullFlags": "b'\\x00'"
  },
  {
    "BILL2": "P-  522",
    "C_CODE": "GG026",
    "DR": 246081.98,
    "_NullFlags": "b'\\x00'"
  }
]