[
  {
    "BILL2": "O-    1",
    "N_B_AMT": 13696531.05,
    "_NullFlags": "b'\\x00'"
  },
  {
    "BILL2": "P-    2",
    "N_B_AMT": 463795.5,
    "_NullFlags": "b'\\x00'"
  },
  {
    "BILL2": "P-    3",
    "N_B_AMT": 1038607.5,
    "_NullFlags": "b'\\x00'"
  },
  {
    "BILL2": "P-    4",
    "N_B_AMT": 0,
    "_NullFlags": "b'\\x00'"
  },
  {
    "BILL2": "P-    5",
    "N_B_AMT": 1034402.02,
    "_NullFlags": "b'\\x00'"
  },
  {
    "BILL2": "P-    6",
    "N_B_AMT": 305017.4,
    "_NullFlags": "b'\\x00'"
  },
  {
    "BILL2": "P-    7",
    "N_B_AMT": 3180.93,
    "_NullFlags": "b'\\x00'"
  },
  {
    "BILL2": "P-    8",
    "N_B_AMT": 4865.32,
    "_NullFlags": "b'\\x00'"
  },
  {
    "BILL2": "P-    9",
    "N_B_AMT": 298208.17,
    "_NullFlags": "b'\\x00'"
  },
  {
    "BILL2": "P-   10",
    "N_B_AMT": 72709.11,
    "_NullFlags": "b'\\x00'"
  },
  {
    "BILL2": "P-   11",
    "N_B_AMT": 2323816.95,
    "_NullFlags": "b'\\x00'"
  },
  {
    "BILL2": "P-   12",
    "N_B_AMT": 155039.21,
    "_NullFlags": "b'\\x00'"
  },
  {
    "BILL2": "P-   13",
    "N_B_AMT": 1030942.5,
    "_NullFlags": "b'\\x00'"
  },
  {
    "BILL2": "P-   14",
    "N_B_AMT": 1520390.85,
    "_NullFlags": "b'\\x00'"
  },
  {
    "BILL2": "P-   15",
    "N_B_AMT": 365267.27,
    "_NullFlags": "b'\\x00'"
  },
  {
    "BILL2": "P-   16",
    "N_B_AMT": 10560.72,
    "_NullFlags": "b'\\x00'"
  },
  {
    "BILL2": "P-   17",
    "N_B_AMT": 91407.81,
    "_NullFlags": "b'\\x00'"
  },
  {
    "BILL2": "P-   18",
    "N_B_AMT": 983293.5,
    "_NullFlags": "b'\\x00'"
  },
  {
    "BILL2": "P-   19",
    "N_B_AMT": 97626.07,
    "_NullFlags": "b'\\x00'"
  },
  {
    "BILL2": "P-   20",
    "N_B_AMT": 223602.78,
    "_NullFlags": "b'\\x00'"
  },
  {
    "BILL2": "P-   21",
    "N_B_AMT": 534225.55,
    "_NullFlags": "b'\\x00'"
  },
  {
    "BILL2": "P-   22",
    "N_B_AMT": 244626.14,
    "_NullFlags": "b'\\x00'"
  },
  {
    "BILL2": "P-   23",
    "N_B_AMT": 41102.1,
    "_NullFlags": "b'\\x00'"
  },
  {
    "BILL2": "P-   24",
    "N_B_AMT": 979387.5,
    "_NullFlags": "b'\\x00'"
  },
  {
    "BILL2": "P-   25",
    "N_B_AMT": 147235.53,
    "_NullFlags": "b'\\x00'"
  },
  {
    "BILL2": "P-   26",
    "N_B_AMT": 288764.02,
    "_NullFlags": "b'\\x00'"
  },
  {
    "BILL2": "P-   27",
    "N_B_AMT": 1126936.73,
    "_NullFlags": "b'\\x00'"
  },
  {
    "BILL2": "P-   28",
    "N_B_AMT": 9542.78,
    "_NullFlags": "b'\\x00'"
  },
  {
    "BILL2": "P-   29",
    "N_B_AMT": 240977.52,
    "_NullFlags": "b'\\x00'"
  },
  {
    "BILL2": "P-   30",
    "N_B_AMT": 979387.5,
    "_NullFlags": "b'\\x00'"
  },
  {
    "BILL2": "P-   31",
    "N_B_AMT": 2660984.55,
    "_NullFlags": "b'\\x00'"
  },
  {
    "BILL2": "P-   32",
    "N_B_AMT": 122164.28,
    "_NullFlags": "b'\\x00'"
  },
  {
    "BILL2": "P-   33",
    "N_B_AMT": 979387.5,
    "_NullFlags": "b'\\x00'"
  },
  {
    "BILL2": "P-   34",
    "N_B_AMT": 979387.5,
    "_NullFlags": "b'\\x00'"
  },
  {
    "BILL2": "P-   35",
    "N_B_AMT": 109071.81,
    "_NullFlags": "b'\\x00'"
  },
  {
    "BILL2": "P-   36",
    "N_B_AMT": 10094.19,
    "_NullFlags": "b'\\x00'"
  },
  {
    "BILL2": "P-   37",
    "N_B_AMT": 1128297.55,
    "_NullFlags": "b'\\x00'"
  },
  {
    "BILL2": "P-   38",
    "N_B_AMT": 86705.45,
    "_NullFlags": "b'\\x00'"
  },
  {
    "BILL2": "P-   39",
    "N_B_AMT": 80201.5,
    "_NullFlags": "b'\\x00'"
  },
  {
    "BILL2": "P-   40",
    "N_B_AMT": 6453.84,
    "_NullFlags": "b'\\x00'"
  },
  {
    "BILL2": "P-   41",
    "N_B_AMT": 471068.54,
    "_NullFlags": "b'\\x00'"
  },
  {
    "BILL2": "P-   42",
    "N_B_AMT": 979387.5,
    "_NullFlags": "b'\\x00'"
  },
  {
    "BILL2": "P-   43",
    "N_B_AMT": 182274.3,
    "_NullFlags": "b'\\x00'"
  },
  {
    "BILL2": "P-   44",
    "N_B_AMT": 151269.86,
    "_NullFlags": "b'\\x00'"
  },
  {
    "BILL2": "P-   45",
    "N_B_AMT": 1020501.3,
    "_NullFlags": "b'\\x00'"
  },
  {
    "BILL2": "P-   46",
    "N_B_AMT": 419275.12,
    "_NullFlags": "b'\\x00'"
  },
  {
    "BILL2": "P-   47",
    "N_B_AMT": 128389.16,
    "_NullFlags": "b'\\x00'"
  },
  {
    "BILL2": "P-   48",
    "N_B_AMT": 999862.5,
    "_NullFlags": "b'\\x00'"
  },
  {
    "BILL2": "P-   49",
    "N_B_AMT": 746036.51,
    "_NullFlags": "b'\\x00'"
  },
  {
    "BILL2": "P-   50",
    "N_B_AMT": 149788.6,
    "_NullFlags": "b'\\x00'"
  },
  {
    "BILL2": "P-   51",
    "N_B_AMT": 113299.89,
    "_NullFlags": "b'\\x00'"
  },
  {
    "BILL2": "P-   52",
    "N_B_AMT": 32053.15,
    "_NullFlags": "b'\\x00'"
  },
  {
    "BILL2": "P-   53",
    "N_B_AMT": 592417.66,
    "_NullFlags": "b'\\x00'"
  },
  {
    "BILL2": "P-   54",
    "N_B_AMT": 51606.8,
    "_NullFlags": "b'\\x00'"
  },
  {
    "BILL2": "P-   55",
    "N_B_AMT": 27369.78,
    "_NullFlags": "b'\\x00'"
  },
  {
    "BILL2": "P-   56",
    "N_B_AMT": 150419.47,
    "_NullFlags": "b'\\x00'"
  },
  {
    "BILL2": "P-   57",
    "N_B_AMT": 761989.87,
    "_NullFlags": "b'\\x00'"
  },
  {
    "BILL2": "P-   58",
    "N_B_AMT": 1000465.2,
    "_NullFlags": "b'\\x00'"
  },
  {
    "BILL2": "P-   59",
    "N_B_AMT": 152756.89,
    "_NullFlags": "b'\\x00'"
  },
  {
    "BILL2": "P-   64",
    "N_B_AMT": 108634.93,
    "_NullFlags": "b'\\x00'"
  },
  {
    "BILL2": "P-   65",
    "N_B_AMT": 812566.75,
    "_NullFlags": "b'\\x00'"
  },
  {
    "BILL2": "P-   66",
    "N_B_AMT": 166253.85,
    "_NullFlags": "b'\\x00'"
  },
  {
    "BILL2": "P-   67",
    "N_B_AMT": 32053.15,
    "_NullFlags": "b'\\x00'"
  },
  {
    "BILL2": "P-   68",
    "N_B_AMT": 101232.96,
    "_NullFlags": "b'\\x00'"
  },
  {
    "BILL2": "P-   69",
    "N_B_AMT": 311498.56,
    "_NullFlags": "b'\\x00'"
  },
  {
    "BILL2": "P-   70",
    "N_B_AMT": 1107919.34,
    "_NullFlags": "b'\\x00'"
  },
  {
    "BILL2": "P-   71",
    "N_B_AMT": 17770.78,
    "_NullFlags": "b'\\x00'"
  },
  {
    "BILL2": "P-   72",
    "N_B_AMT": 155791.53,
    "_NullFlags": "b'\\x00'"
  },
  {
    "BILL2": "P-   73",
    "N_B_AMT": 1684.86,
    "_NullFlags": "b'\\x00'"
  },
  {
    "BILL2": "P-   74",
    "N_B_AMT": 202244.69,
    "_NullFlags": "b'\\x00'"
  },
  {
    "BILL2": "P-   75",
    "N_B_AMT": 141368.41,
    "_NullFlags": "b'\\x00'"
  },
  {
    "BILL2": "P-   76",
    "N_B_AMT": 212952.85,
    "_NullFlags": "b'\\x00'"
  },
  {
    "BILL2": "P-   77",
    "N_B_AMT": 168298.66,
    "_NullFlags": "b'\\x00'"
  },
  {
    "BILL2": "P-   78",
    "N_B_AMT": 1001227.5,
    "_NullFlags": "b'\\x00'"
  },
  {
    "BILL2": "P-   79",
    "N_B_AMT": 2539859.49,
    "_NullFlags": "b'\\x00'"
  },
  {
    "BILL2": "P-   80",
    "N_B_AMT": 281707.4,
    "_NullFlags": "b'\\x00'"
  },
  {
    "BILL2": "P-   81",
    "N_B_AMT": 898370.36,
    "_NullFlags": "b'\\x00'"
  },
  {
    "BILL2": "P-   82",
    "N_B_AMT": 322931.44,
    "_NullFlags": "b'\\x00'"
  },
  {
    "BILL2": "P-   83",
    "N_B_AMT": 133973.17,
    "_NullFlags": "b'\\x00'"
  },
  {
    "BILL2": "P-   84",
    "N_B_AMT": 997611.3,
    "_NullFlags": "b'\\x00'"
  },
  {
    "BILL2": "P-   85",
    "N_B_AMT": 459683.35,
    "_NullFlags": "b'\\x00'"
  },
  {
    "BILL2": "P-   86",
    "N_B_AMT": 3180.93,
    "_NullFlags": "b'\\x00'"
  },
  {
    "BILL2": "P-   87",
    "N_B_AMT": 170549.34,
    "_NullFlags": "b'\\x00'"
  },
  {
    "BILL2": "P-   88",
    "N_B_AMT": 628875.34,
    "_NullFlags": "b'\\x00'"
  },
  {
    "BILL2": "P-   89",
    "N_B_AMT": 390362.41,
    "_NullFlags": "b'\\x00'"
  },
  {
    "BILL2": "P-   90",
    "N_B_AMT": 80317.79,
    "_NullFlags": "b'\\x00'"
  },
  {
    "BILL2": "P-   91",
    "N_B_AMT": 659168.27,
    "_NullFlags": "b'\\x00'"
  },
  {
    "BILL2": "P-   92",
    "N_B_AMT": 33026.53,
    "_NullFlags": "b'\\x00'"
  },
  {
    "BILL2": "P-   93",
    "N_B_AMT": 280445.2,
    "_NullFlags": "b'\\x00'"
  },
  {
    "BILL2": "P-   94",
    "N_B_AMT": 539225.12,
    "_NullFlags": "b'\\x00'"
  },
  {
    "BILL2": "P-   95",
    "N_B_AMT": 37959.82,
    "_NullFlags": "b'\\x00'"
  },
  {
    "BILL2": "P-   96",
    "N_B_AMT": 1001542.5,
    "_NullFlags": "b'\\x00'"
  },
  {
    "BILL2": "P-   97",
    "N_B_AMT": 129840.1,
    "_NullFlags": "b'\\x00'"
  },
  {
    "BILL2": "P-   98",
    "N_B_AMT": 87507.31,
    "_NullFlags": "b'\\x00'"
  },
  {
    "BILL2": "P-   99",
    "N_B_AMT": 993037.5,
    "_NullFlags": "b'\\x00'"
  },
  {
    "BILL2": "P-  100",
    "N_B_AMT": 244626.14,
    "_NullFlags": "b'\\x00'"
  },
  {
    "BILL2": "P-  101",
    "N_B_AMT": 213225.6,
    "_NullFlags": "b'\\x00'"
  },
  {
    "BILL2": "P-  102",
    "N_B_AMT": 231406.07,
    "_NullFlags": "b'\\x00'"
  },
  {
    "BILL2": "P-  103",
    "N_B_AMT": 1828.58,
    "_NullFlags": "b'\\x00'"
  },
  {
    "BILL2": "P-  104",
    "N_B_AMT": 46959.43,
    "_NullFlags": "b'\\x00'"
  },
  {
    "BILL2": "P-  105",
    "N_B_AMT": 246767.74,
    "_NullFlags": "b'\\x00'"
  },
  {
    "BILL2": "P-  106",
    "N_B_AMT": 1004182.2,
    "_NullFlags": "b'\\x00'"
  },
  {
    "BILL2": "P-  107",
    "N_B_AMT": 2579671.08,
    "_NullFlags": "b'\\x00'"
  },
  {
    "BILL2": "P-  108",
    "N_B_AMT": 405046.23,
    "_NullFlags": "b'\\x00'"
  },
  {
    "BILL2": "P-  109",
    "N_B_AMT": 955500,
    "_NullFlags": "b'\\x00'"
  },
  {
    "BILL2": "P-  110",
    "N_B_AMT": 74853.16,
    "_NullFlags": "b'\\x00'"
  },
  {
    "BILL2": "P-  111",
    "N_B_AMT": 140399.71,
    "_NullFlags": "b'\\x00'"
  },
  {
    "BILL2": "P-  112",
    "N_B_AMT": 235097.4,
    "_NullFlags": "b'\\x00'"
  },
  {
    "BILL2": "P-  113",
    "N_B_AMT": 1194880.77,
    "_NullFlags": "b'\\x00'"
  },
  {
    "BILL2": "P-  114",
    "N_B_AMT": 421876.18,
    "_NullFlags": "b'\\x00'"
  },
  {
    "BILL2": "P-  115",
    "N_B_AMT": 452064.12,
    "_NullFlags": "b'\\x00'"
  },
  {
    "BILL2": "P-  116",
    "N_B_AMT": 18260.2,
    "_NullFlags": "b'\\x00'"
  },
  {
    "BILL2": "P-  117",
    "N_B_AMT": 420884.24,
    "_NullFlags": "b'\\x00'"
  },
  {
    "BILL2": "P-  118",
    "N_B_AMT": 97834.37,
    "_NullFlags": "b'\\x00'"
  },
  {
    "BILL2": "P-  119",
    "N_B_AMT": 378060.38,
    "_NullFlags": "b'\\x00'"
  },
  {
    "BILL2": "P-  120",
    "N_B_AMT": 955500,
    "_NullFlags": "b'\\x00'"
  },
  {
    "BILL2": "P-  121",
    "N_B_AMT": 305010.89,
    "_NullFlags": "b'\\x00'"
  },
  {
    "BILL2": "P-  122",
    "N_B_AMT": 1998.67,
    "_NullFlags": "b'\\x00'"
  },
  {
    "BILL2": "P-  123",
    "N_B_AMT": 226362.62,
    "_NullFlags": "b'\\x00'"
  },
  {
    "BILL2": "P-  124",
    "N_B_AMT": 3710.96,
    "_NullFlags": "b'\\x00'"
  },
  {
    "BILL2": "P-  125",
    "N_B_AMT": 8228.01,
    "_NullFlags": "b'\\x00'"
  },
  {
    "BILL2": "P-  126",
    "N_B_AMT": 2821996.21,
    "_NullFlags": "b'\\x00'"
  },
  {
    "BILL2": "P-  127",
    "N_B_AMT": 955500,
    "_NullFlags": "b'\\x00'"
  },
  {
    "BILL2": "P-  128",
    "N_B_AMT": 6361.85,
    "_NullFlags": "b'\\x00'"
  },
  {
    "BILL2": "P-  129",
    "N_B_AMT": 220010.69,
    "_NullFlags": "b'\\x00'"
  },
  {
    "BILL2": "P-  130",
    "N_B_AMT": 1031333.38,
    "_NullFlags": "b'\\x00'"
  },
  {
    "BILL2": "P-  131",
    "N_B_AMT": 955500,
    "_NullFlags": "b'\\x00'"
  },
  {
    "BILL2": "P-  132",
    "N_B_AMT": 963375,
    "_NullFlags": "b'\\x00'"
  },
  {
    "BILL2": "P-  133",
    "N_B_AMT": 131360.86,
    "_NullFlags": "b'\\x00'"
  },
  {
    "BILL2": "P-  134",
    "N_B_AMT": 1077763.18,
    "_NullFlags": "b'\\x00'"
  },
  {
    "BILL2": "P-  135",
    "N_B_AMT": 114489.85,
    "_NullFlags": "b'\\x00'"
  },
  {
    "BILL2": "P-  136",
    "N_B_AMT": 280772.95,
    "_NullFlags": "b'\\x00'"
  },
  {
    "BILL2": "P-  137",
    "N_B_AMT": 285397.17,
    "_NullFlags": "b'\\x00'"
  },
  {
    "BILL2": "P-  138",
    "N_B_AMT": 41102.1,
    "_NullFlags": "b'\\x00'"
  },
  {
    "BILL2": "P-  139",
    "N_B_AMT": 746289.6,
    "_NullFlags": "b'\\x00'"
  },
  {
    "BILL2": "P-  140",
    "N_B_AMT": 56939.74,
    "_NullFlags": "b'\\x00'"
  },
  {
    "BILL2": "P-  141",
    "N_B_AMT": 969675,
    "_NullFlags": "b'\\x00'"
  },
  {
    "BILL2": "P-  142",
    "N_B_AMT": 98541.24,
    "_NullFlags": "b'\\x00'"
  },
  {
    "BILL2": "P-  143",
    "N_B_AMT": 343816.36,
    "_NullFlags": "b'\\x00'"
  },
  {
    "BILL2": "P-  144",
    "N_B_AMT": 4603.73,
    "_NullFlags": "b'\\x00'"
  },
  {
    "BILL2": "P-  145",
    "N_B_AMT": 356118.73,
    "_NullFlags": "b'\\x00'"
  },
  {
    "BILL2": "P-  146",
    "N_B_AMT": 95418.12,
    "_NullFlags": "b'\\x00'"
  },
  {
    "BILL2": "P-  147",
    "N_B_AMT": 105572.16,
    "_NullFlags": "b'\\x00'"
  },
  {
    "BILL2": "P-  148",
    "N_B_AMT": 1224553.26,
    "_NullFlags": "b'\\x00'"
  },
  {
    "BILL2": "P-  149",
    "N_B_AMT": 309541.57,
    "_NullFlags": "b'\\x00'"
  },
  {
    "BILL2": "P-  150",
    "N_B_AMT": 260400,
    "_NullFlags": "b'\\x00'"
  },
  {
    "BILL2": "P-  151",
    "N_B_AMT": 58405.63,
    "_NullFlags": "b'\\x00'"
  },
  {
    "BILL2": "P-  152",
    "N_B_AMT": 965737.5,
    "_NullFlags": "b'\\x00'"
  },
  {
    "BILL2": "P-  153",
    "N_B_AMT": 520754.18,
    "_NullFlags": "b'\\x00'"
  },
  {
    "BILL2": "P-  154",
    "N_B_AMT": 422121.13,
    "_NullFlags": "b'\\x00'"
  },
  {
    "BILL2": "P-  155",
    "N_B_AMT": 73053.8,
    "_NullFlags": "b'\\x00'"
  },
  {
    "BILL2": "P-  156",
    "N_B_AMT": 117459.35,
    "_NullFlags": "b'\\x00'"
  },
  {
    "BILL2": "P-  157",
    "N_B_AMT": 92972.96,
    "_NullFlags": "b'\\x00'"
  },
  {
    "BILL2": "P-  158",
    "N_B_AMT": 978022.5,
    "_NullFlags": "b'\\x00'"
  },
  {
    "BILL2": "P-  159",
    "N_B_AMT": 121441.43,
    "_NullFlags": "b'\\x00'"
  },
  {
    "BILL2": "P-  160",
    "N_B_AMT": 2782552.5,
    "_NullFlags": "b'\\x00'"
  },
  {
    "BILL2": "P-  161",
    "N_B_AMT": 776001.19,
    "_NullFlags": "b'\\x00'"
  },
  {
    "BILL2": "P-  162",
    "N_B_AMT": 64839.88,
    "_NullFlags": "b'\\x00'"
  },
  {
    "BILL2": "P-  163",
    "N_B_AMT": 402587.21,
    "_NullFlags": "b'\\x00'"
  },
  {
    "BILL2": "P-  164",
    "N_B_AMT": 299074.46,
    "_NullFlags": "b'\\x00'"
  },
  {
    "BILL2": "P-  165",
    "N_B_AMT": 133473.5,
    "_NullFlags": "b'\\x00'"
  },
  {
    "BILL2": "P-  166",
    "N_B_AMT": 246619.75,
    "_NullFlags": "b'\\x00'"
  },
  {
    "BILL2": "P-  167",
    "N_B_AMT": 978022.5,
    "_NullFlags": "b'\\x00'"
  },
  {
    "BILL2": "P-  168",
    "N_B_AMT": 281119.32,
    "_NullFlags": "b'\\x00'"
  },
  {
    "BILL2": "P-  169",
    "N_B_AMT": 9097.94,
    "_NullFlags": "b'\\x00'"
  },
  {
    "BILL2": "P-  170",
    "N_B_AMT": 790014.9,
    "_NullFlags": "b'\\x00'"
  },
  {
    "BILL2": "P-  171",
    "N_B_AMT": 694638.6,
    "_NullFlags": "b'\\x00'"
  },
  {
    "BILL2": "P-  172",
    "N_B_AMT": 52290.64,
    "_NullFlags": "b'\\x00'"
  },
  {
    "BILL2": "P-  173",
    "N_B_AMT": 262159.16,
    "_NullFlags": "b'\\x00'"
  },
  {
    "BILL2": "P-  174",
    "N_B_AMT": 997815,
    "_NullFlags": "b'\\x00'"
  },
  {
    "BILL2": "P-  175",
    "N_B_AMT": 167537.78,
    "_NullFlags": "b'\\x00'"
  },
  {
    "BILL2": "P-  176",
    "N_B_AMT": 42898.58,
    "_NullFlags": "b'\\x00'"
  },
  {
    "BILL2": "P-  177",
    "N_B_AMT": 60480,
    "_NullFlags": "b'\\x00'"
  },
  {
    "BILL2": "P-  178",
    "N_B_AMT": 15360.21,
    "_NullFlags": "b'\\x00'"
  },
  {
    "BILL2": "P-  179",
    "N_B_AMT": 2688080.64,
    "_NullFlags": "b'\\x00'"
  },
  {
    "BILL2": "P-  180",
    "N_B_AMT": 851567.97,
    "_NullFlags": "b'\\x00'"
  },
  {
    "BILL2": "P-  181",
    "N_B_AMT": 997815,
    "_NullFlags": "b'\\x00'"
  },
  {
    "BILL2": "P-  182",
    "N_B_AMT": 1017757.88,
    "_NullFlags": "b'\\x00'"
  },
  {
    "BILL2": "P-  186",
    "N_B_AMT": 372675.13,
    "_NullFlags": "b'\\x00'"
  },
  {
    "BILL2": "P-  187",
    "N_B_AMT": 875914.11,
    "_NullFlags": "b'\\x00'"
  },
  {
    "BILL2": "P-  188",
    "N_B_AMT": 68877.64,
    "_NullFlags": "b'\\x00'"
  },
  {
    "BILL2": "P-  189",
    "N_B_AMT": 252176.22,
    "_NullFlags": "b'\\x00'"
  },
  {
    "BILL2": "P-  190",
    "N_B_AMT": 86509.41,
    "_NullFlags": "b'\\x00'"
  },
  {
    "BILL2": "P-  191",
    "N_B_AMT": 987472.5,
    "_NullFlags": "b'\\x00'"
  },
  {
    "BILL2": "P-  192",
    "N_B_AMT": 979387.5,
    "_NullFlags": "b'\\x00'"
  },
  {
    "BILL2": "P-  193",
    "N_B_AMT": 80070.87,
    "_NullFlags": "b'\\x00'"
  },
  {
    "BILL2": "P-  194",
    "N_B_AMT": 416296.05,
    "_NullFlags": "b'\\x00'"
  },
  {
    "BILL2": "P-  195",
    "N_B_AMT": 965737.5,
    "_NullFlags": "b'\\x00'"
  },
  {
    "BILL2": "P-  196",
    "N_B_AMT": 156978.39,
    "_NullFlags": "b'\\x00'"
  },
  {
    "BILL2": "P-  197",
    "N_B_AMT": 138071.36,
    "_NullFlags": "b'\\x00'"
  },
  {
    "BILL2": "P-  199",
    "N_B_AMT": 1063980.77,
    "_NullFlags": "b'\\x00'"
  },
  {
    "BILL2": "P-  203",
    "N_B_AMT": 494202.12,
    "_NullFlags": "b'\\x00'"
  },
  {
    "BILL2": "P-  204",
    "N_B_AMT": 62912.46,
    "_NullFlags": "b'\\x00'"
  },
  {
    "BILL2": "P-  205",
    "N_B_AMT": 991567.5,
    "_NullFlags": "b'\\x00'"
  },
  {
    "BILL2": "P-  206",
    "N_B_AMT": 1086697.5,
    "_NullFlags": "b'\\x00'"
  },
  {
    "BILL2": "P-  208",
    "N_B_AMT": 972562.5,
    "_NullFlags": "b'\\x00'"
  },
  {
    "BILL2": "P-  209",
    "N_B_AMT": 272052.2,
    "_NullFlags": "b'\\x00'"
  },
  {
    "BILL2": "P-  210",
    "N_B_AMT": 154430.72,
    "_NullFlags": "b'\\x00'"
  },
  {
    "BILL2": "P-  211",
    "N_B_AMT": 1269031.28,
    "_NullFlags": "b'\\x00'"
  },
  {
    "BILL2": "P-  217",
    "N_B_AMT": 979728.75,
    "_NullFlags": "b'\\x00'"
  },
  {
    "BILL2": "P-  218",
    "N_B_AMT": 1078287.5,
    "_NullFlags": "b'\\x00'"
  },
  {
    "BILL2": "P-  219",
    "N_B_AMT": 38130.9,
    "_NullFlags": "b'\\x00'"
  },
  {
    "BILL2": "P-  220",
    "N_B_AMT": 271998.5,
    "_NullFlags": "b'\\x00'"
  },
  {
    "BILL2": "P-  221",
    "N_B_AMT": 70586.65,
    "_NullFlags": "b'\\x00'"
  },
  {
    "BILL2": "P-  222",
    "N_B_AMT": 288759.45,
    "_NullFlags": "b'\\x00'"
  },
  {
    "BILL2": "P-  223",
    "N_B_AMT": 30720.42,
    "_NullFlags": "b'\\x00'"
  },
  {
    "BILL2": "P-  224",
    "N_B_AMT": 974400,
    "_NullFlags": "b'\\x00'"
  },
  {
    "BILL2": "P-  225",
    "N_B_AMT": 207232.11,
    "_NullFlags": "b'\\x00'"
  },
  {
    "BILL2": "P-  226",
    "N_B_AMT": 343056.56,
    "_NullFlags": "b'\\x00'"
  },
  {
    "BILL2": "P-  227",
    "N_B_AMT": 89467.01,
    "_NullFlags": "b'\\x00'"
  },
  {
    "BILL2": "P-  228",
    "N_B_AMT": 848456.79,
    "_NullFlags": "b'\\x00'"
  },
  {
    "BILL2": "P-  229",
    "N_B_AMT": 3002510.91,
    "_NullFlags": "b'\\x00'"
  },
  {
    "BILL2": "P-  230",
    "N_B_AMT": 975975,
    "_NullFlags": "b'\\x00'"
  },
  {
    "BILL2": "P-  231",
    "N_B_AMT": 144087.87,
    "_NullFlags": "b'\\x00'"
  },
  {
    "BILL2": "P-  232",
    "N_B_AMT": 244431.9,
    "_NullFlags": "b'\\x00'"
  },
  {
    "BILL2": "P-  233",
    "N_B_AMT": 93423.99,
    "_NullFlags": "b'\\x00'"
  },
  {
    "BILL2": "P-  234",
    "N_B_AMT": 990307.5,
    "_NullFlags": "b'\\x00'"
  },
  {
    "BILL2": "P-  235",
    "N_B_AMT": 1060922.62,
    "_NullFlags": "b'\\x00'"
  },
  {
    "BILL2": "P-  236",
    "N_B_AMT": 33487.76,
    "_NullFlags": "b'\\x00'"
  },
  {
    "BILL2": "P-  237",
    "N_B_AMT": 288419.25,
    "_NullFlags": "b'\\x00'"
  },
  {
    "BILL2": "P-  238",
    "N_B_AMT": 43140.43,
    "_NullFlags": "b'\\x00'"
  },
  {
    "BILL2": "P-  239",
    "N_B_AMT": 362331.24,
    "_NullFlags": "b'\\x00'"
  },
  {
    "BILL2": "P-  240",
    "N_B_AMT": 986212.5,
    "_NullFlags": "b'\\x00'"
  },
  {
    "BILL2": "P-  241",
    "N_B_AMT": 2493928.71,
    "_NullFlags": "b'\\x00'"
  },
  {
    "BILL2": "P-  242",
    "N_B_AMT": 144824.41,
    "_NullFlags": "b'\\x00'"
  },
  {
    "BILL2": "P-  243",
    "N_B_AMT": 1001052.71,
    "_NullFlags": "b'\\x00'"
  },
  {
    "BILL2": "P-  244",
    "N_B_AMT": 386.99,
    "_NullFlags": "b'\\x00'"
  },
  {
    "BILL2": "P-  245",
    "N_B_AMT": 875788.99,
    "_NullFlags": "b'\\x00'"
  },
  {
    "BILL2": "P-  246",
    "N_B_AMT": 158691.64,
    "_NullFlags": "b'\\x00'"
  },
  {
    "BILL2": "P-  247",
    "N_B_AMT": 219024.47,
    "_NullFlags": "b'\\x00'"
  },
  {
    "BILL2": "P-  248",
    "N_B_AMT": 986212.5,
    "_NullFlags": "b'\\x00'"
  },
  {
    "BILL2": "P-  249",
    "N_B_AMT": 1092522.11,
    "_NullFlags": "b'\\x00'"
  },
  {
    "BILL2": "P-  251",
    "N_B_AMT": 107451.12,
    "_NullFlags": "b'\\x00'"
  },
  {
    "BILL2": "P-  252",
    "N_B_AMT": 150256.74,
    "_NullFlags": "b'\\x00'"
  },
  {
    "BILL2": "P-  253",
    "N_B_AMT": 248733.27,
    "_NullFlags": "b'\\x00'"
  },
  {
    "BILL2": "P-  254",
    "N_B_AMT": 49246.71,
    "_NullFlags": "b'\\x00'"
  },
  {
    "BILL2": "P-  255",
    "N_B_AMT": 986212.5,
    "_NullFlags": "b'\\x00'"
  },
  {
    "BILL2": "P-  256",
    "N_B_AMT": 30720.42,
    "_NullFlags": "b'\\x00'"
  },
  {
    "BILL2": "P-  257",
    "N_B_AMT": 2704454.34,
    "_NullFlags": "b'\\x00'"
  },
  {
    "BILL2": "P-  258",
    "N_B_AMT": 94159.44,
    "_NullFlags": "b'\\x00'"
  },
  {
    "BILL2": "P-  259",
    "N_B_AMT": 955272.31,
    "_NullFlags": "b'\\x00'"
  },
  {
    "BILL2": "P-  260",
    "N_B_AMT": 971512.5,
    "_NullFlags": "b'\\x00'"
  },
  {
    "BILL2": "P-  261",
    "N_B_AMT": 29925,
    "_NullFlags": "b'\\x00'"
  },
  {
    "BILL2": "P-  262",
    "N_B_AMT": 420615.38,
    "_NullFlags": "b'\\x00'"
  },
  {
    "BILL2": "P-  263",
    "N_B_AMT": 65537.08,
    "_NullFlags": "b'\\x00'"
  },
  {
    "BILL2": "P-  264",
    "N_B_AMT": 39910.77,
    "_NullFlags": "b'\\x00'"
  },
  {
    "BILL2": "P-  265",
    "N_B_AMT": 962325,
    "_NullFlags": "b'\\x00'"
  },
  {
    "BILL2": "P-  266",
    "N_B_AMT": 970725,
    "_NullFlags": "b'\\x00'"
  },
  {
    "BILL2": "P-  267",
    "N_B_AMT": 71450.96,
    "_NullFlags": "b'\\x00'"
  },
  {
    "BILL2": "P-  268",
    "N_B_AMT": 302666.44,
    "_NullFlags": "b'\\x00'"
  },
  {
    "BILL2": "P-  269",
    "N_B_AMT": 53186.45,
    "_NullFlags": "b'\\x00'"
  },
  {
    "BILL2": "P-  270",
    "N_B_AMT": 1650707.1,
    "_NullFlags": "b'\\x00'"
  },
  {
    "BILL2": "P-  271",
    "N_B_AMT": 982891.87,
    "_NullFlags": "b'\\x00'"
  },
  {
    "BILL2": "P-  272",
    "N_B_AMT": 73860.85,
    "_NullFlags": "b'\\x00'"
  },
  {
    "BILL2": "P-  273",
    "N_B_AMT": 155557.73,
    "_NullFlags": "b'\\x00'"
  },
  {
    "BILL2": "P-  274",
    "N_B_AMT": 1493063.95,
    "_NullFlags": "b'\\x00'"
  },
  {
    "BILL2": "P-  275",
    "N_B_AMT": 1978.88,
    "_NullFlags": "b'\\x00'"
  },
  {
    "BILL2": "P-  276",
    "N_B_AMT": 27369.89,
    "_NullFlags": "b'\\x00'"
  },
  {
    "BILL2": "P-  277",
    "N_B_AMT": 511741.44,
    "_NullFlags": "b'\\x00'"
  },
  {
    "BILL2": "P-  278",
    "N_B_AMT": 165589.11,
    "_NullFlags": "b'\\x00'"
  },
  {
    "BILL2": "P-  279",
    "N_B_AMT": 958912.5,
    "_NullFlags": "b'\\x00'"
  },
  {
    "BILL2": "P-  280",
    "N_B_AMT": 958912.5,
    "_NullFlags": "b'\\x00'"
  },
  {
    "BILL2": "P-  281",
    "N_B_AMT": 383522.82,
    "_NullFlags": "b'\\x00'"
  },
  {
    "BILL2": "P-  282",
    "N_B_AMT": 12265.5,
    "_NullFlags": "b'\\x00'"
  },
  {
    "BILL2": "P-  283",
    "N_B_AMT": 2608880.4,
    "_NullFlags": "b'\\x00'"
  },
  {
    "BILL2": "P-  284",
    "N_B_AMT": 180580.58,
    "_NullFlags": "b'\\x00'"
  },
  {
    "BILL2": "P-  285",
    "N_B_AMT": 82500.08,
    "_NullFlags": "b'\\x00'"
  },
  {
    "BILL2": "P-  286",
    "N_B_AMT": 6599.99,
    "_NullFlags": "b'\\x00'"
  },
  {
    "BILL2": "P-  287",
    "N_B_AMT": 990990,
    "_NullFlags": "b'\\x00'"
  },
  {
    "BILL2": "P-  288",
    "N_B_AMT": 1074163.25,
    "_NullFlags": "b'\\x00'"
  },
  {
    "BILL2": "P-  289",
    "N_B_AMT": 3664628.1,
    "_NullFlags": "b'\\x00'"
  },
  {
    "BILL2": "P-  290",
    "N_B_AMT": 990990,
    "_NullFlags": "b'\\x00'"
  },
  {
    "BILL2": "P-  291",
    "N_B_AMT": 990990,
    "_NullFlags": "b'\\x00'"
  },
  {
    "BILL2": "P-  292",
    "N_B_AMT": 990990,
    "_NullFlags": "b'\\x00'"
  },
  {
    "BILL2": "P-  293",
    "N_B_AMT": 990990,
    "_NullFlags": "b'\\x00'"
  },
  {
    "BILL2": "P-  294",
    "N_B_AMT": 975712.5,
    "_NullFlags": "b'\\x00'"
  },
  {
    "BILL2": "P-  295",
    "N_B_AMT": 1016190,
    "_NullFlags": "b'\\x00'"
  },
  {
    "BILL2": "P-  296",
    "N_B_AMT": 2665372.5,
    "_NullFlags": "b'\\x00'"
  },
  {
    "BILL2": "P-  297",
    "N_B_AMT": 1156478.4,
    "_NullFlags": "b'\\x00'"
  },
  {
    "BILL2": "P-  298",
    "N_B_AMT": 314229.77,
    "_NullFlags": "b'\\x00'"
  },
  {
    "BILL2": "P-  299",
    "N_B_AMT": 97834.37,
    "_NullFlags": "b'\\x00'"
  },
  {
    "BILL2": "P-  300",
    "N_B_AMT": 602661.59,
    "_NullFlags": "b'\\x00'"
  },
  {
    "BILL2": "P-  301",
    "N_B_AMT": 363628.45,
    "_NullFlags": "b'\\x00'"
  },
  {
    "BILL2": "P-  302",
    "N_B_AMT": 1036035,
    "_NullFlags": "b'\\x00'"
  },
  {
    "BILL2": "P-  303",
    "N_B_AMT": 1086573.6,
    "_NullFlags": "b'\\x00'"
  },
  {
    "BILL2": "P-  304",
    "N_B_AMT": 75086.02,
    "_NullFlags": "b'\\x00'"
  },
  {
    "BILL2": "P-  305",
    "N_B_AMT": 98478.97,
    "_NullFlags": "b'\\x00'"
  },
  {
    "BILL2": "P-  306",
    "N_B_AMT": 49948.9,
    "_NullFlags": "b'\\x00'"
  },
  {
    "BILL2": "P-  307",
    "N_B_AMT": 437723.04,
    "_NullFlags": "b'\\x00'"
  },
  {
    "BILL2": "P-  308",
    "N_B_AMT": 515269.46,
    "_NullFlags": "b'\\x00'"
  },
  {
    "BILL2": "P-  309",
    "N_B_AMT": 1629016.72,
    "_NullFlags": "b'\\x00'"
  },
  {
    "BILL2": "P-  310",
    "N_B_AMT": 343499.54,
    "_NullFlags": "b'\\x00'"
  },
  {
    "BILL2": "P-  311",
    "N_B_AMT": 61933.83,
    "_NullFlags": "b'\\x00'"
  },
  {
    "BILL2": "P-  312",
    "N_B_AMT": 1170487.5,
    "_NullFlags": "b'\\x00'"
  },
  {
    "BILL2": "P-  313",
    "N_B_AMT": 1179660.3,
    "_NullFlags": "b'\\x00'"
  },
  {
    "BILL2": "P-  315",
    "N_B_AMT": 1215830.7,
    "_NullFlags": "b'\\x00'"
  },
  {
    "BILL2": "P-  316",
    "N_B_AMT": 752450.72,
    "_NullFlags": "b'\\x00'"
  },
  {
    "BILL2": "P-  317",
    "N_B_AMT": 89566.56,
    "_NullFlags": "b'\\x00'"
  },
  {
    "BILL2": "P-  318",
    "N_B_AMT": 19150.99,
    "_NullFlags": "b'\\x00'"
  },
  {
    "BILL2": "P-  319",
    "N_B_AMT": 244625.88,
    "_NullFlags": "b'\\x00'"
  },
  {
    "BILL2": "P-  320",
    "N_B_AMT": 244459.86,
    "_NullFlags": "b'\\x00'"
  },
  {
    "BILL2": "P-  321",
    "N_B_AMT": 14848.74,
    "_NullFlags": "b'\\x00'"
  },
  {
    "BILL2": "P-  322",
    "N_B_AMT": 604231.84,
    "_NullFlags": "b'\\x00'"
  },
  {
    "BILL2": "P-  323",
    "N_B_AMT": 74299.68,
    "_NullFlags": "b'\\x00'"
  },
  {
    "BILL2": "P-  324",
    "N_B_AMT": 221554.17,
    "_NullFlags": "b'\\x00'"
  },
  {
    "BILL2": "P-  325",
    "N_B_AMT": 2276505,
    "_NullFlags": "b'\\x00'"
  },
  {
    "BILL2": "P-  326",
    "N_B_AMT": 184134.04,
    "_NullFlags": "b'\\x00'"
  },
  {
    "BILL2": "P-  327",
    "N_B_AMT": 46080.63,
    "_NullFlags": "b'\\x00'"
  },
  {
    "BILL2": "P-  328",
    "N_B_AMT": 566623.14,
    "_NullFlags": "b'\\x00'"
  },
  {
    "BILL2": "P-  329",
    "N_B_AMT": 1208707.5,
    "_NullFlags": "b'\\x00'"
  },
  {
    "BILL2": "P-  330",
    "N_B_AMT": 202789.05,
    "_NullFlags": "b'\\x00'"
  },
  {
    "BILL2": "P-  331",
    "N_B_AMT": 126957.99,
    "_NullFlags": "b'\\x00'"
  },
  {
    "BILL2": "P-  332",
    "N_B_AMT": 331435.45,
    "_NullFlags": "b'\\x00'"
  },
  {
    "BILL2": "P-  333",
    "N_B_AMT": 18761.88,
    "_NullFlags": "b'\\x00'"
  },
  {
    "BILL2": "P-  334",
    "N_B_AMT": 798074.46,
    "_NullFlags": "b'\\x00'"
  },
  {
    "BILL2": "P-  335",
    "N_B_AMT": 133673.62,
    "_NullFlags": "b'\\x00'"
  },
  {
    "BILL2": "P-  336",
    "N_B_AMT": 1274227.5,
    "_NullFlags": "b'\\x00'"
  },
  {
    "BILL2": "P-  337",
    "N_B_AMT": 144468.63,
    "_NullFlags": "b'\\x00'"
  },
  {
    "BILL2": "P-  338",
    "N_B_AMT": 30720.42,
    "_NullFlags": "b'\\x00'"
  },
  {
    "BILL2": "P-  339",
    "N_B_AMT": 495007.88,
    "_NullFlags": "b'\\x00'"
  },
  {
    "BILL2": "P-  340",
    "N_B_AMT": 322280.49,
    "_NullFlags": "b'\\x00'"
  },
  {
    "BILL2": "P-  341",
    "N_B_AMT": 45014.05,
    "_NullFlags": "b'\\x00'"
  },
  {
    "BILL2": "P-  342",
    "N_B_AMT": 494064.56,
    "_NullFlags": "b'\\x00'"
  },
  {
    "BILL2": "P-  343",
    "N_B_AMT": 4141512.9,
    "_NullFlags": "b'\\x00'"
  },
  {
    "BILL2": "P-  344",
    "N_B_AMT": 1255170,
    "_NullFlags": "b'\\x00'"
  },
  {
    "BILL2": "P-  345",
    "N_B_AMT": 1265220.96,
    "_NullFlags": "b'\\x00'"
  },
  {
    "BILL2": "P-  346",
    "N_B_AMT": 12913.47,
    "_NullFlags": "b'\\x00'"
  },
  {
    "BILL2": "P-  347",
    "N_B_AMT": 1049000.82,
    "_NullFlags": "b'\\x00'"
  },
  {
    "BILL2": "P-  348",
    "N_B_AMT": 416886.93,
    "_NullFlags": "b'\\x00'"
  },
  {
    "BILL2": "P-  349",
    "N_B_AMT": 1238283.9,
    "_NullFlags": "b'\\x00'"
  },
  {
    "BILL2": "P-  350",
    "N_B_AMT": 1211437.5,
    "_NullFlags": "b'\\x00'"
  },
  {
    "BILL2": "P-  351",
    "N_B_AMT": 87368.66,
    "_NullFlags": "b'\\x00'"
  },
  {
    "BILL2": "P-  352",
    "N_B_AMT": 13379.36,
    "_NullFlags": "b'\\x00'"
  },
  {
    "BILL2": "P-  353",
    "N_B_AMT": 143021.03,
    "_NullFlags": "b'\\x00'"
  },
  {
    "BILL2": "P-  354",
    "N_B_AMT": 1699752.6,
    "_NullFlags": "b'\\x00'"
  },
  {
    "BILL2": "P-  355",
    "N_B_AMT": 56707.69,
    "_NullFlags": "b'\\x00'"
  },
  {
    "BILL2": "P-  356",
    "N_B_AMT": 613218.64,
    "_NullFlags": "b'\\x00'"
  },
  {
    "BILL2": "P-  357",
    "N_B_AMT": 1244716.2,
    "_NullFlags": "b'\\x00'"
  },
  {
    "BILL2": "P-  358",
    "N_B_AMT": 1081237.19,
    "_NullFlags": "b'\\x00'"
  },
  {
    "BILL2": "P-  359",
    "N_B_AMT": 10918.27,
    "_NullFlags": "b'\\x00'"
  },
  {
    "BILL2": "P-  360",
    "N_B_AMT": 259535.27,
    "_NullFlags": "b'\\x00'"
  },
  {
    "BILL2": "P-  362",
    "N_B_AMT": 285396.85,
    "_NullFlags": "b'\\x00'"
  },
  {
    "BILL2": "P-  363",
    "N_B_AMT": 55209.9,
    "_NullFlags": "b'\\x00'"
  },
  {
    "BILL2": "P-  364",
    "N_B_AMT": 81541.96,
    "_NullFlags": "b'\\x00'"
  },
  {
    "BILL2": "P-  365",
    "N_B_AMT": 529613.17,
    "_NullFlags": "b'\\x00'"
  },
  {
    "BILL2": "P-  366",
    "N_B_AMT": 267942.41,
    "_NullFlags": "b'\\x00'"
  },
  {
    "BILL2": "P-  367",
    "N_B_AMT": 136444.96,
    "_NullFlags": "b'\\x00'"
  },
  {
    "BILL2": "P-  368",
    "N_B_AMT": 88155.91,
    "_NullFlags": "b'\\x00'"
  },
  {
    "BILL2": "P-  369",
    "N_B_AMT": 129851.33,
    "_NullFlags": "b'\\x00'"
  },
  {
    "BILL2": "P-  370",
    "N_B_AMT": 1301265,
    "_NullFlags": "b'\\x00'"
  },
  {
    "BILL2": "P-  371",
    "N_B_AMT": 198567.31,
    "_NullFlags": "b'\\x00'"
  },
  {
    "BILL2": "P-  372",
    "N_B_AMT": 1306200,
    "_NullFlags": "b'\\x00'"
  },
  {
    "BILL2": "P-  373",
    "N_B_AMT": 1094097.27,
    "_NullFlags": "b'\\x00'"
  },
  {
    "BILL2": "P-  374",
    "N_B_AMT": 1458946.79,
    "_NullFlags": "b'\\x00'"
  },
  {
    "BILL2": "P-  375",
    "N_B_AMT": 3369035.25,
    "_NullFlags": "b'\\x00'"
  },
  {
    "BILL2": "P-  376",
    "N_B_AMT": 200933.25,
    "_NullFlags": "b'\\x00'"
  },
  {
    "BILL2": "P-  377",
    "N_B_AMT": 1279005,
    "_NullFlags": "b'\\x00'"
  },
  {
    "BILL2": "P-  378",
    "N_B_AMT": 175800.97,
    "_NullFlags": "b'\\x00'"
  },
  {
    "BILL2": "P-  379",
    "N_B_AMT": 1208707.5,
    "_NullFlags": "b'\\x00'"
  },
  {
    "BILL2": "P-  380",
    "N_B_AMT": 197484.63,
    "_NullFlags": "b'\\x00'"
  },
  {
    "BILL2": "P-  381",
    "N_B_AMT": 6442077.37,
    "_NullFlags": "b'\\x00'"
  },
  {
    "BILL2": "P-  382",
    "N_B_AMT": 110809.21,
    "_NullFlags": "b'\\x00'"
  },
  {
    "BILL2": "P-  383",
    "N_B_AMT": 68756.87,
    "_NullFlags": "b'\\x00'"
  },
  {
    "BILL2": "P-  384",
    "N_B_AMT": 69133.95,
    "_NullFlags": "b'\\x00'"
  },
  {
    "BILL2": "P-  385",
    "N_B_AMT": 125404.25,
    "_NullFlags": "b'\\x00'"
  },
  {
    "BILL2": "P-  386",
    "N_B_AMT": 67319.99,
    "_NullFlags": "b'\\x00'"
  },
  {
    "BILL2": "P-  387",
    "N_B_AMT": 53095.68,
    "_NullFlags": "b'\\x00'"
  },
  {
    "BILL2": "P-  388",
    "N_B_AMT": 113159.29,
    "_NullFlags": "b'\\x00'"
  },
  {
    "BILL2": "P-  389",
    "N_B_AMT": 98326.59,
    "_NullFlags": "b'\\x00'"
  },
  {
    "BILL2": "P-  390",
    "N_B_AMT": 133502.25,
    "_NullFlags": "b'\\x00'"
  },
  {
    "BILL2": "P-  391",
    "N_B_AMT": 53095.68,
    "_NullFlags": "b'\\x00'"
  },
  {
    "BILL2": "P-  392",
    "N_B_AMT": 123643.5,
    "_NullFlags": "b'\\x00'"
  },
  {
    "BILL2": "P-  393",
    "N_B_AMT": 69669.03,
    "_NullFlags": "b'\\x00'"
  },
  {
    "BILL2": "P-  394",
    "N_B_AMT": 17120.98,
    "_NullFlags": "b'\\x00'"
  },
  {
    "BILL2": "P-  395",
    "N_B_AMT": 81842.09,
    "_NullFlags": "b'\\x00'"
  },
  {
    "BILL2": "P-  396",
    "N_B_AMT": 120132.29,
    "_NullFlags": "b'\\x00'"
  },
  {
    "BILL2": "P-  397",
    "N_B_AMT": 196433.41,
    "_NullFlags": "b'\\x00'"
  },
  {
    "BILL2": "P-  398",
    "N_B_AMT": 313655.46,
    "_NullFlags": "b'\\x00'"
  },
  {
    "BILL2": "P-  399",
    "N_B_AMT": 81541.96,
    "_NullFlags": "b'\\x00'"
  },
  {
    "BILL2": "P-  400",
    "N_B_AMT": 108546.47,
    "_NullFlags": "b'\\x00'"
  },
  {
    "BILL2": "P-  401",
    "N_B_AMT": 197982.79,
    "_NullFlags": "b'\\x00'"
  },
  {
    "BILL2": "P-  402",
    "N_B_AMT": 891981.59,
    "_NullFlags": "b'\\x00'"
  },
  {
    "BILL2": "P-  403",
    "N_B_AMT": 62893.75,
    "_NullFlags": "b'\\x00'"
  },
  {
    "BILL2": "P-  404",
    "N_B_AMT": 1307670,
    "_NullFlags": "b'\\x00'"
  },
  {
    "BILL2": "P-  405",
    "N_B_AMT": 89358.64,
    "_NullFlags": "b'\\x00'"
  },
  {
    "BILL2": "P-  406",
    "N_B_AMT": 1305225.86,
    "_NullFlags": "b'\\x00'"
  },
  {
    "BILL2": "P-  407",
    "N_B_AMT": 275957.74,
    "_NullFlags": "b'\\x00'"
  },
  {
    "BILL2": "P-  408",
    "N_B_AMT": 9685.44,
    "_NullFlags": "b'\\x00'"
  },
  {
    "BILL2": "P-  409",
    "N_B_AMT": 1307670,
    "_NullFlags": "b'\\x00'"
  },
  {
    "BILL2": "P-  410",
    "N_B_AMT": 1369.98,
    "_NullFlags": "b'\\x00'"
  },
  {
    "BILL2": "P-  411",
    "N_B_AMT": 1500.02,
    "_NullFlags": "b'\\x00'"
  },
  {
    "BILL2": "P-  412",
    "N_B_AMT": 1335012,
    "_NullFlags": "b'\\x00'"
  },
  {
    "BILL2": "P-  413",
    "N_B_AMT": 3060265.95,
    "_NullFlags": "b'\\x00'"
  },
  {
    "BILL2": "P-  414",
    "N_B_AMT": 30951.68,
    "_NullFlags": "b'\\x00'"
  },
  {
    "BILL2": "P-  415",
    "N_B_AMT": 793976.81,
    "_NullFlags": "b'\\x00'"
  },
  {
    "BILL2": "P-  416",
    "N_B_AMT": 199172.2,
    "_NullFlags": "b'\\x00'"
  },
  {
    "BILL2": "P-  417",
    "N_B_AMT": 268091.47,
    "_NullFlags": "b'\\x00'"
  },
  {
    "BILL2": "P-  418",
    "N_B_AMT": 33117.23,
    "_NullFlags": "b'\\x00'"
  },
  {
    "BILL2": "P-  419",
    "N_B_AMT": 35021.71,
    "_NullFlags": "b'\\x00'"
  },
  {
    "BILL2": "P-  420",
    "N_B_AMT": 26215.19,
    "_NullFlags": "b'\\x00'"
  },
  {
    "BILL2": "P-  421",
    "N_B_AMT": 90008.87,
    "_NullFlags": "b'\\x00'"
  },
  {
    "BILL2": "P-  422",
    "N_B_AMT": 82902.39,
    "_NullFlags": "b'\\x00'"
  },
  {
    "BILL2": "P-  423",
    "N_B_AMT": 45381.74,
    "_NullFlags": "b'\\x00'"
  },
  {
    "BILL2": "P-  424",
    "N_B_AMT": 1326780,
    "_NullFlags": "b'\\x00'"
  },
  {
    "BILL2": "P-  425",
    "N_B_AMT": 58236.91,
    "_NullFlags": "b'\\x00'"
  },
  {
    "BILL2": "P-  426",
    "N_B_AMT": 957200.35,
    "_NullFlags": "b'\\x00'"
  },
  {
    "BILL2": "P-  427",
    "N_B_AMT": 1326780,
    "_NullFlags": "b'\\x00'"
  },
  {
    "BILL2": "P-  428",
    "N_B_AMT": 3013474.59,
    "_NullFlags": "b'\\x00'"
  },
  {
    "BILL2": "P-  429",
    "N_B_AMT": 88233.23,
    "_NullFlags": "b'\\x00'"
  },
  {
    "BILL2": "P-  430",
    "N_B_AMT": 113751.63,
    "_NullFlags": "b'\\x00'"
  },
  {
    "BILL2": "P-  431",
    "N_B_AMT": 1332334.5,
    "_NullFlags": "b'\\x00'"
  },
  {
    "BILL2": "P-  432",
    "N_B_AMT": 67096.12,
    "_NullFlags": "b'\\x00'"
  },
  {
    "BILL2": "P-  433",
    "N_B_AMT": 511741.44,
    "_NullFlags": "b'\\x00'"
  },
  {
    "BILL2": "P-  434",
    "N_B_AMT": 164714.76,
    "_NullFlags": "b'\\x00'"
  },
  {
    "BILL2": "P-  435",
    "N_B_AMT": 297840.28,
    "_NullFlags": "b'\\x00'"
  },
  {
    "BILL2": "P-  437",
    "N_B_AMT": 1217834.69,
    "_NullFlags": "b'\\x00'"
  },
  {
    "BILL2": "P-  438",
    "N_B_AMT": 1636054.56,
    "_NullFlags": "b'\\x00'"
  },
  {
    "BILL2": "P-  440",
    "N_B_AMT": 41630.13,
    "_NullFlags": "b'\\x00'"
  },
  {
    "BILL2": "P-  441",
    "N_B_AMT": 159875.89,
    "_NullFlags": "b'\\x00'"
  },
  {
    "BILL2": "P-  442",
    "N_B_AMT": 1270815,
    "_NullFlags": "b'\\x00'"
  },
  {
    "BILL2": "P-  443",
    "N_B_AMT": 18398.94,
    "_NullFlags": "b'\\x00'"
  },
  {
    "BILL2": "P-  444",
    "N_B_AMT": 68694.15,
    "_NullFlags": "b'\\x00'"
  },
  {
    "BILL2": "P-  445",
    "N_B_AMT": 2274.99,
    "_NullFlags": "b'\\x00'"
  },
  {
    "BILL2": "P-  446",
    "N_B_AMT": 881229.99,
    "_NullFlags": "b'\\x00'"
  },
  {
    "BILL2": "P-  447",
    "N_B_AMT": 132729.14,
    "_NullFlags": "b'\\x00'"
  },
  {
    "BILL2": "P-  448",
    "N_B_AMT": 258561.3,
    "_NullFlags": "b'\\x00'"
  },
  {
    "BILL2": "P-  449",
    "N_B_AMT": 13646.91,
    "_NullFlags": "b'\\x00'"
  },
  {
    "BILL2": "P-  450",
    "N_B_AMT": 326167.83,
    "_NullFlags": "b'\\x00'"
  },
  {
    "BILL2": "P-  451",
    "N_B_AMT": 448683.96,
    "_NullFlags": "b'\\x00'"
  },
  {
    "BILL2": "P-  452",
    "N_B_AMT": 1297779,
    "_NullFlags": "b'\\x00'"
  },
  {
    "BILL2": "P-  453",
    "N_B_AMT": 45419.96,
    "_NullFlags": "b'\\x00'"
  },
  {
    "BILL2": "P-  454",
    "N_B_AMT": 6222.72,
    "_NullFlags": "b'\\x00'"
  },
  {
    "BILL2": "P-  455",
    "N_B_AMT": 347139.88,
    "_NullFlags": "b'\\x00'"
  },
  {
    "BILL2": "P-  456",
    "N_B_AMT": 289531.07,
    "_NullFlags": "b'\\x00'"
  },
  {
    "BILL2": "P-  457",
    "N_B_AMT": 1294262.93,
    "_NullFlags": "b'\\x00'"
  },
  {
    "BILL2": "P-  458",
    "N_B_AMT": 601957.68,
    "_NullFlags": "b'\\x00'"
  },
  {
    "BILL2": "P-  459",
    "N_B_AMT": 3208973.25,
    "_NullFlags": "b'\\x00'"
  },
  {
    "BILL2": "P-  460",
    "N_B_AMT": 174356.57,
    "_NullFlags": "b'\\x00'"
  },
  {
    "BILL2": "P-  461",
    "N_B_AMT": 530217.71,
    "_NullFlags": "b'\\x00'"
  },
  {
    "BILL2": "P-  462",
    "N_B_AMT": 1213485,
    "_NullFlags": "b'\\x00'"
  },
  {
    "BILL2": "P-  463",
    "N_B_AMT": 1213485,
    "_NullFlags": "b'\\x00'"
  },
  {
    "BILL2": "P-  464",
    "N_B_AMT": 83596.87,
    "_NullFlags": "b'\\x00'"
  },
  {
    "BILL2": "P-  465",
    "N_B_AMT": 80968.33,
    "_NullFlags": "b'\\x00'"
  },
  {
    "BILL2": "P-  466",
    "N_B_AMT": 634963.48,
    "_NullFlags": "b'\\x00'"
  },
  {
    "BILL2": "P-  467",
    "N_B_AMT": 1213579.5,
    "_NullFlags": "b'\\x00'"
  },
  {
    "BILL2": "P-  468",
    "N_B_AMT": 27480.02,
    "_NullFlags": "b'\\x00'"
  },
  {
    "BILL2": "P-  469",
    "N_B_AMT": 140629.93,
    "_NullFlags": "b'\\x00'"
  },
  {
    "BILL2": "P-  470",
    "N_B_AMT": 454499.97,
    "_NullFlags": "b'\\x00'"
  },
  {
    "BILL2": "P-  471",
    "N_B_AMT": 18398.94,
    "_NullFlags": "b'\\x00'"
  },
  {
    "BILL2": "P-  472",
    "N_B_AMT": 159523.67,
    "_NullFlags": "b'\\x00'"
  },
  {
    "BILL2": "P-  473",
    "N_B_AMT": 1236480,
    "_NullFlags": "b'\\x00'"
  },
  {
    "BILL2": "P-  474",
    "N_B_AMT": 202828.5,
    "_NullFlags": "b'\\x00'"
  },
  {
    "BILL2": "P-  475",
    "N_B_AMT": 203854.9,
    "_NullFlags": "b'\\x00'"
  },
  {
    "BILL2": "P-  476",
    "N_B_AMT": 37959.82,
    "_NullFlags": "b'\\x00'"
  },
  {
    "BILL2": "P-  477",
    "N_B_AMT": 697741.64,
    "_NullFlags": "b'\\x00'"
  },
  {
    "BILL2": "P-  478",
    "N_B_AMT": 141002.4,
    "_NullFlags": "b'\\x00'"
  },
  {
    "BILL2": "P-  479",
    "N_B_AMT": 1224956.25,
    "_NullFlags": "b'\\x00'"
  },
  {
    "BILL2": "P-  480",
    "N_B_AMT": 893231.26,
    "_NullFlags": "b'\\x00'"
  },
  {
    "BILL2": "P-  481",
    "N_B_AMT": 123889.61,
    "_NullFlags": "b'\\x00'"
  },
  {
    "BILL2": "P-  482",
    "N_B_AMT": 29373.86,
    "_NullFlags": "b'\\x00'"
  },
  {
    "BILL2": "P-  483",
    "N_B_AMT": 27599.99,
    "_NullFlags": "b'\\x00'"
  },
  {
    "BILL2": "P-  485",
    "N_B_AMT": 82892.54,
    "_NullFlags": "b'\\x00'"
  },
  {
    "BILL2": "P-  486",
    "N_B_AMT": 1222357.5,
    "_NullFlags": "b'\\x00'"
  },
  {
    "BILL2": "P-  487",
    "N_B_AMT": 265552.36,
    "_NullFlags": "b'\\x00'"
  },
  {
    "BILL2": "P-  488",
    "N_B_AMT": 673067.64,
    "_NullFlags": "b'\\x00'"
  },
  {
    "BILL2": "P-  489",
    "N_B_AMT": 2116536.24,
    "_NullFlags": "b'\\x00'"
  },
  {
    "BILL2": "P-  490",
    "N_B_AMT": 22875,
    "_NullFlags": "b'\\x00'"
  },
  {
    "BILL2": "P-  491",
    "N_B_AMT": 1211235.9,
    "_NullFlags": "b'\\x00'"
  },
  {
    "BILL2": "P-  492",
    "N_B_AMT": 207505.79,
    "_NullFlags": "b'\\x00'"
  },
  {
    "BILL2": "P-  493",
    "N_B_AMT": 1222357.5,
    "_NullFlags": "b'\\x00'"
  },
  {
    "BILL2": "P-  494",
    "N_B_AMT": 481515.83,
    "_NullFlags": "b'\\x00'"
  },
  {
    "BILL2": "P-  496",
    "N_B_AMT": 45190.46,
    "_NullFlags": "b'\\x00'"
  },
  {
    "BILL2": "P-  497",
    "N_B_AMT": 417024.28,
    "_NullFlags": "b'\\x00'"
  },
  {
    "BILL2": "P-  498",
    "N_B_AMT": 161098.95,
    "_NullFlags": "b'\\x00'"
  },
  {
    "BILL2": "P-  499",
    "N_B_AMT": 1232484.75,
    "_NullFlags": "b'\\x00'"
  },
  {
    "BILL2": "P-  500",
    "N_B_AMT": 187125.93,
    "_NullFlags": "b'\\x00'"
  },
  {
    "BILL2": "P-  501",
    "N_B_AMT": 3228.03,
    "_NullFlags": "b'\\x00'"
  },
  {
    "BILL2": "P-  502",
    "N_B_AMT": 1270815,
    "_NullFlags": "b'\\x00'"
  },
  {
    "BILL2": "P-  503",
    "N_B_AMT": 229915.35,
    "_NullFlags": "b'\\x00'"
  },
  {
    "BILL2": "P-  504",
    "N_B_AMT": 1232595,
    "_NullFlags": "b'\\x00'"
  },
  {
    "BILL2": "P-  505",
    "N_B_AMT": 783595.76,
    "_NullFlags": "b'\\x00'"
  },
  {
    "BILL2": "P-  506",
    "N_B_AMT": 1267102.2,
    "_NullFlags": "b'\\x00'"
  },
  {
    "BILL2": "P-  507",
    "N_B_AMT": 409015.33,
    "_NullFlags": "b'\\x00'"
  },
  {
    "BILL2": "P-  508",
    "N_B_AMT": 2659717.2,
    "_NullFlags": "b'\\x00'"
  },
  {
    "BILL2": "P-  509",
    "N_B_AMT": 48925.17,
    "_NullFlags": "b'\\x00'"
  },
  {
    "BILL2": "P-  510",
    "N_B_AMT": 448772.58,
    "_NullFlags": "b'\\x00'"
  },
  {
    "BILL2": "P-  511",
    "N_B_AMT": 1208574.38,
    "_NullFlags": "b'\\x00'"
  },
  {
    "BILL2": "P-  512",
    "N_B_AMT": 1265355,
    "_NullFlags": "b'\\x00'"
  },
  {
    "BILL2": "P-  513",
    "N_B_AMT": 32512.96,
    "_NullFlags": "b'\\x00'"
  },
  {
    "BILL2": "P-  514",
    "N_B_AMT": 203436.28,
    "_NullFlags": "b'\\x00'"
  },
  {
    "BILL2": "P-  515",
    "N_B_AMT": 83204.16,
    "_NullFlags": "b'\\x00'"
  },
  {
    "BILL2": "P-  516",
    "N_B_AMT": 187908.98,
    "_NullFlags": "b'\\x00'"
  },
  {
    "BILL2": "P-  517",
    "N_B_AMT": 122999.42,
    "_NullFlags": "b'\\x00'"
  },
  {
    "BILL2": "P-  518",
    "N_B_AMT": 142592.04,
    "_NullFlags": "b'\\x00'"
  },
  {
    "BILL2": "P-  519",
    "N_B_AMT": 37959.82,
    "_NullFlags": "b'\\x00'"
  },
  {
    "BILL2": "P-  520",
    "N_B_AMT": 127935.36,
    "_NullFlags": "b'\\x00'"
  },
  {
    "BILL2": "P-  521",
    "N_B_AMT": 66167.53,
    "_NullFlags": "b'\\x00'"
  },
  {
    "BILL2": "P-  522",
    "N_B_AMT": 275611.82,
    "_NullFlags": "b'\\x00'"
  }
]