[
  {
    "BILL2": "O-    1",
    "C_CODE": "VG002",
    "DR": 0,
    "_NullFlags": "b'\\x00'"
  },
  {
    "BILL2": "O-    1",
    "C_CODE": "VG009",
    "DR": 0,
    "_NullFlags": "b'\\x00'"
  },
  {
    "BILL2": "O-    1",
    "C_CODE": "VG010",
    "DR": 335802.59,
    "_NullFlags": "b'\\x00'"
  },
  {
    "BILL2": "O-    1",
    "C_CODE": "VG011",
    "DR": 780.46,
    "_NullFlags": "b'\\x00'"
  },
  {
    "BILL2": "O-    1",
    "C_CODE": "VG014",
    "DR": 18330.17,
    "_NullFlags": "b'\\x00'"
  },
  {
    "BILL2": "O-    1",
    "C_CODE": "VG015",
    "DR": 21472.17,
    "_NullFlags": "b'\\x00'"
  },
  {
    "BILL2": "O-    1",
    "C_CODE": "VG016",
    "DR": 515399.41,
    "_NullFlags": "b'\\x00'"
  },
  {
    "BILL2": "O-    1",
    "C_CODE": "VG019",
    "DR": 20.94,
    "_NullFlags": "b'\\x00'"
  },
  {
    "BILL2": "O-    1",
    "C_CODE": "VG020",
    "DR": 261757.56,
    "_NullFlags": "b'\\x00'"
  },
  {
    "BILL2": "O-    1",
    "C_CODE": "VG021",
    "DR": 0,
    "_NullFlags": "b'\\x00'"
  },
  {
    "BILL2": "O-    1",
    "C_CODE": "VG023",
    "DR": 20335.96,
    "_NullFlags": "b'\\x00'"
  },
  {
    "BILL2": "O-    1",
    "C_CODE": "VG025",
    "DR": 1774.4,
    "_NullFlags": "b'\\x00'"
  },
  {
    "BILL2": "O-    1",
    "C_CODE": "VG026",
    "DR": 77752.03,
    "_NullFlags": "b'\\x00'"
  },
  {
    "BILL2": "O-    1",
    "C_CODE": "VG027",
    "DR": 7406.75,
    "_NullFlags": "b'\\x00'"
  },
  {
    "BILL2": "P-    2",
    "C_CODE": "VG010",
    "DR": 22085.5,
    "_NullFlags": "b'\\x00'"
  },
  {
    "BILL2": "P-    3",
    "C_CODE": "VG010",
    "DR": 49457.5,
    "_NullFlags": "b'\\x00'"
  },
  {
    "BILL2": "P-    4",
    "C_CODE": "VG027",
    "DR": 0,
    "_NullFlags": "b'\\x00'"
  },
  {
    "BILL2": "P-    5",
    "C_CODE": "VI016",
    "DR": 157790.11,
    "_NullFlags": "b'\\x00'"
  },
  {
    "BILL2": "P-    6",
    "C_CODE": "VI014",
    "DR": 13980.07,
    "_NullFlags": "b'\\x00'"
  },
  {
    "BILL2": "P-    6",
    "C_CODE": "VI015",
    "DR": 1225.29,
    "_NullFlags": "b'\\x00'"
  },
  {
    "BILL2": "P-    7",
    "C_CODE": "VI016",
    "DR": 485.23,
    "_NullFlags": "b'\\x00'"
  },
  {
    "BILL2": "P-    8",
    "C_CODE": "VI014",
    "DR": 231.68,
    "_NullFlags": "b'\\x00'"
  },
  {
    "BILL2": "P-    9",
    "C_CODE": "VI016",
    "DR": 45489.39,
    "_NullFlags": "b'\\x00'"
  },
  {
    "BILL2": "P-   10",
    "C_CODE": "VG027",
    "DR": 11091.22,
    "_NullFlags": "b'\\x00'"
  },
  {
    "BILL2": "P-   11",
    "C_CODE": "VI010",
    "DR": 110657.95,
    "_NullFlags": "b'\\x00'"
  },
  {
    "BILL2": "P-   12",
    "C_CODE": "VG023",
    "DR": 23650.05,
    "_NullFlags": "b'\\x00'"
  },
  {
    "BILL2": "P-   13",
    "C_CODE": "VG010",
    "DR": 49092.5,
    "_NullFlags": "b'\\x00'"
  },
  {
    "BILL2": "P-   14",
    "C_CODE": "VI016",
    "DR": 231924.04,
    "_NullFlags": "b'\\x00'"
  },
  {
    "BILL2": "P-   15",
    "C_CODE": "VI014",
    "DR": 16531.19,
    "_NullFlags": "b'\\x00'"
  },
  {
    "BILL2": "P-   15",
    "C_CODE": "VI015",
    "DR": 1940.59,
    "_NullFlags": "b'\\x00'"
  },
  {
    "BILL2": "P-   16",
    "C_CODE": "VI016",
    "DR": 1610.96,
    "_NullFlags": "b'\\x00'"
  },
  {
    "BILL2": "P-   17",
    "C_CODE": "VI020",
    "DR": 13943.56,
    "_NullFlags": "b'\\x00'"
  },
  {
    "BILL2": "P-   18",
    "C_CODE": "VG010",
    "DR": 46823.5,
    "_NullFlags": "b'\\x00'"
  },
  {
    "BILL2": "P-   19",
    "C_CODE": "VI020",
    "DR": 14892.13,
    "_NullFlags": "b'\\x00'"
  },
  {
    "BILL2": "P-   20",
    "C_CODE": "VG023",
    "DR": 34108.9,
    "_NullFlags": "b'\\x00'"
  },
  {
    "BILL2": "P-   21",
    "C_CODE": "VI026",
    "DR": 57238.45,
    "_NullFlags": "b'\\x00'"
  },
  {
    "BILL2": "P-   22",
    "C_CODE": "VI026",
    "DR": 26209.94,
    "_NullFlags": "b'\\x00'"
  },
  {
    "BILL2": "P-   23",
    "C_CODE": "VI026",
    "DR": 4403.8,
    "_NullFlags": "b'\\x00'"
  },
  {
    "BILL2": "P-   24",
    "C_CODE": "VG010",
    "DR": 46637.5,
    "_NullFlags": "b'\\x00'"
  },
  {
    "BILL2": "P-   25",
    "C_CODE": "VG010",
    "DR": 7011.23,
    "_NullFlags": "b'\\x00'"
  },
  {
    "BILL2": "P-   26",
    "C_CODE": "VI014",
    "DR": 13118.86,
    "_NullFlags": "b'\\x00'"
  },
  {
    "BILL2": "P-   26",
    "C_CODE": "VI015",
    "DR": 1421.6,
    "_NullFlags": "b'\\x00'"
  },
  {
    "BILL2": "P-   27",
    "C_CODE": "VI016",
    "DR": 171905.61,
    "_NullFlags": "b'\\x00'"
  },
  {
    "BILL2": "P-   28",
    "C_CODE": "VI016",
    "DR": 1455.68,
    "_NullFlags": "b'\\x00'"
  },
  {
    "BILL2": "P-   29",
    "C_CODE": "VI020",
    "DR": 36759.29,
    "_NullFlags": "b'\\x00'"
  },
  {
    "BILL2": "P-   30",
    "C_CODE": "VG010",
    "DR": 46637.5,
    "_NullFlags": "b'\\x00'"
  },
  {
    "BILL2": "P-   31",
    "C_CODE": "VI010",
    "DR": 126713.55,
    "_NullFlags": "b'\\x00'"
  },
  {
    "BILL2": "P-   32",
    "C_CODE": "VI020",
    "DR": 18635.24,
    "_NullFlags": "b'\\x00'"
  },
  {
    "BILL2": "P-   33",
    "C_CODE": "VG010",
    "DR": 46637.5,
    "_NullFlags": "b'\\x00'"
  },
  {
    "BILL2": "P-   34",
    "C_CODE": "VG010",
    "DR": 46637.5,
    "_NullFlags": "b'\\x00'"
  },
  {
    "BILL2": "P-   35",
    "C_CODE": "VG023",
    "DR": 16638.07,
    "_NullFlags": "b'\\x00'"
  },
  {
    "BILL2": "P-   36",
    "C_CODE": "VI016",
    "DR": 1539.79,
    "_NullFlags": "b'\\x00'"
  },
  {
    "BILL2": "P-   37",
    "C_CODE": "VI016",
    "DR": 172113.21,
    "_NullFlags": "b'\\x00'"
  },
  {
    "BILL2": "P-   38",
    "C_CODE": "VI014",
    "DR": 3677.54,
    "_NullFlags": "b'\\x00'"
  },
  {
    "BILL2": "P-   38",
    "C_CODE": "VI015",
    "DR": 1015.43,
    "_NullFlags": "b'\\x00'"
  },
  {
    "BILL2": "P-   39",
    "C_CODE": "VI015",
    "DR": 719.43,
    "_NullFlags": "b'\\x00'"
  },
  {
    "BILL2": "P-   39",
    "C_CODE": "VI016",
    "DR": 11209.86,
    "_NullFlags": "b'\\x00'"
  },
  {
    "BILL2": "P-   40",
    "C_CODE": "VI014",
    "DR": 307.33,
    "_NullFlags": "b'\\x00'"
  },
  {
    "BILL2": "P-   41",
    "C_CODE": "VG010",
    "DR": 22431.84,
    "_NullFlags": "b'\\x00'"
  },
  {
    "BILL2": "P-   42",
    "C_CODE": "VG010",
    "DR": 46637.5,
    "_NullFlags": "b'\\x00'"
  },
  {
    "BILL2": "P-   43",
    "C_CODE": "VI020",
    "DR": 27804.54,
    "_NullFlags": "b'\\x00'"
  },
  {
    "BILL2": "P-   44",
    "C_CODE": "VI020",
    "DR": 23075.05,
    "_NullFlags": "b'\\x00'"
  },
  {
    "BILL2": "P-   45",
    "C_CODE": "VG010",
    "DR": 48595.3,
    "_NullFlags": "b'\\x00'"
  },
  {
    "BILL2": "P-   46",
    "C_CODE": "VG016",
    "DR": 63957.22,
    "_NullFlags": "b'\\x00'"
  },
  {
    "BILL2": "P-   47",
    "C_CODE": "VG023",
    "DR": 19584.78,
    "_NullFlags": "b'\\x00'"
  },
  {
    "BILL2": "P-   48",
    "C_CODE": "VG010",
    "DR": 47612.5,
    "_NullFlags": "b'\\x00'"
  },
  {
    "BILL2": "P-   49",
    "C_CODE": "VI016",
    "DR": 113802.18,
    "_NullFlags": "b'\\x00'"
  },
  {
    "BILL2": "P-   50",
    "C_CODE": "VI014",
    "DR": 6726.62,
    "_NullFlags": "b'\\x00'"
  },
  {
    "BILL2": "P-   50",
    "C_CODE": "VI015",
    "DR": 913.88,
    "_NullFlags": "b'\\x00'"
  },
  {
    "BILL2": "P-   51",
    "C_CODE": "VI016",
    "DR": 17283.03,
    "_NullFlags": "b'\\x00'"
  },
  {
    "BILL2": "P-   52",
    "C_CODE": "VI014",
    "DR": 1526.35,
    "_NullFlags": "b'\\x00'"
  },
  {
    "BILL2": "P-   53",
    "C_CODE": "VI020",
    "DR": 88859.16,
    "_NullFlags": "b'\\x00'"
  },
  {
    "BILL2": "P-   53",
    "C_CODE": "VI021",
    "DR": 471.26,
    "_NullFlags": "b'\\x00'"
  },
  {
    "BILL2": "P-   54",
    "C_CODE": "VI026",
    "DR": 5529.3,
    "_NullFlags": "b'\\x00'"
  },
  {
    "BILL2": "P-   55",
    "C_CODE": "VI026",
    "DR": 2932.48,
    "_NullFlags": "b'\\x00'"
  },
  {
    "BILL2": "P-   56",
    "C_CODE": "VI026",
    "DR": 16116.37,
    "_NullFlags": "b'\\x00'"
  },
  {
    "BILL2": "P-   57",
    "C_CODE": "VI026",
    "DR": 81641.77,
    "_NullFlags": "b'\\x00'"
  },
  {
    "BILL2": "P-   58",
    "C_CODE": "VG010",
    "DR": 47641.2,
    "_NullFlags": "b'\\x00'"
  },
  {
    "BILL2": "P-   59",
    "C_CODE": "VG010",
    "DR": 7274.14,
    "_NullFlags": "b'\\x00'"
  },
  {
    "BILL2": "P-   64",
    "C_CODE": "VI016",
    "DR": 16571.43,
    "_NullFlags": "b'\\x00'"
  },
  {
    "BILL2": "P-   65",
    "C_CODE": "VI016",
    "DR": 123950.85,
    "_NullFlags": "b'\\x00'"
  },
  {
    "BILL2": "P-   66",
    "C_CODE": "VI014",
    "DR": 6869.15,
    "_NullFlags": "b'\\x00'"
  },
  {
    "BILL2": "P-   66",
    "C_CODE": "VI015",
    "DR": 2042.13,
    "_NullFlags": "b'\\x00'"
  },
  {
    "BILL2": "P-   66",
    "C_CODE": "VI016",
    "DR": 448.73,
    "_NullFlags": "b'\\x00'"
  },
  {
    "BILL2": "P-   67",
    "C_CODE": "VI014",
    "DR": 1526.35,
    "_NullFlags": "b'\\x00'"
  },
  {
    "BILL2": "P-   68",
    "C_CODE": "VI016",
    "DR": 15442.32,
    "_NullFlags": "b'\\x00'"
  },
  {
    "BILL2": "P-   69",
    "C_CODE": "VI014",
    "DR": 13765.2,
    "_NullFlags": "b'\\x00'"
  },
  {
    "BILL2": "P-   69",
    "C_CODE": "VI015",
    "DR": 2403.18,
    "_NullFlags": "b'\\x00'"
  },
  {
    "BILL2": "P-   70",
    "C_CODE": "VI016",
    "DR": 169004.64,
    "_NullFlags": "b'\\x00'"
  },
  {
    "BILL2": "P-   71",
    "C_CODE": "VI016",
    "DR": 2710.79,
    "_NullFlags": "b'\\x00'"
  },
  {
    "BILL2": "P-   72",
    "C_CODE": "VI016",
    "DR": 23764.81,
    "_NullFlags": "b'\\x00'"
  },
  {
    "BILL2": "P-   73",
    "C_CODE": "VI015",
    "DR": 180.52,
    "_NullFlags": "b'\\x00'"
  },
  {
    "BILL2": "P-   74",
    "C_CODE": "VG023",
    "DR": 30850.89,
    "_NullFlags": "b'\\x00'"
  },
  {
    "BILL2": "P-   75",
    "C_CODE": "VI020",
    "DR": 21564.69,
    "_NullFlags": "b'\\x00'"
  },
  {
    "BILL2": "P-   76",
    "C_CODE": "VI020",
    "DR": 32484.32,
    "_NullFlags": "b'\\x00'"
  },
  {
    "BILL2": "P-   77",
    "C_CODE": "VI020",
    "DR": 25672.68,
    "_NullFlags": "b'\\x00'"
  },
  {
    "BILL2": "P-   78",
    "C_CODE": "VG010",
    "DR": 47677.5,
    "_NullFlags": "b'\\x00'"
  },
  {
    "BILL2": "P-   79",
    "C_CODE": "VI010",
    "DR": 120945.69,
    "_NullFlags": "b'\\x00'"
  },
  {
    "BILL2": "P-   80",
    "C_CODE": "VI020",
    "DR": 42972.32,
    "_NullFlags": "b'\\x00'"
  },
  {
    "BILL2": "P-   81",
    "C_CODE": "VI016",
    "DR": 137039.55,
    "_NullFlags": "b'\\x00'"
  },
  {
    "BILL2": "P-   82",
    "C_CODE": "VI014",
    "DR": 14308.1,
    "_NullFlags": "b'\\x00'"
  },
  {
    "BILL2": "P-   82",
    "C_CODE": "VI015",
    "DR": 2406.57,
    "_NullFlags": "b'\\x00'"
  },
  {
    "BILL2": "P-   83",
    "C_CODE": "VG023",
    "DR": 20436.59,
    "_NullFlags": "b'\\x00'"
  },
  {
    "BILL2": "P-   84",
    "C_CODE": "VG010",
    "DR": 47505.3,
    "_NullFlags": "b'\\x00'"
  },
  {
    "BILL2": "P-   85",
    "C_CODE": "VI016",
    "DR": 70121.2,
    "_NullFlags": "b'\\x00'"
  },
  {
    "BILL2": "P-   86",
    "C_CODE": "VI016",
    "DR": 485.23,
    "_NullFlags": "b'\\x00'"
  },
  {
    "BILL2": "P-   87",
    "C_CODE": "VI014",
    "DR": 7880.7,
    "_NullFlags": "b'\\x00'"
  },
  {
    "BILL2": "P-   87",
    "C_CODE": "VI015",
    "DR": 541.56,
    "_NullFlags": "b'\\x00'"
  },
  {
    "BILL2": "P-   88",
    "C_CODE": "VI016",
    "DR": 95930.13,
    "_NullFlags": "b'\\x00'"
  },
  {
    "BILL2": "P-   89",
    "C_CODE": "VI020",
    "DR": 59546.81,
    "_NullFlags": "b'\\x00'"
  },
  {
    "BILL2": "P-   90",
    "C_CODE": "VG023",
    "DR": 12251.87,
    "_NullFlags": "b'\\x00'"
  },
  {
    "BILL2": "P-   91",
    "C_CODE": "VI016",
    "DR": 100551.1,
    "_NullFlags": "b'\\x00'"
  },
  {
    "BILL2": "P-   92",
    "C_CODE": "VI014",
    "DR": 1572.69,
    "_NullFlags": "b'\\x00'"
  },
  {
    "BILL2": "P-   93",
    "C_CODE": "VI016",
    "DR": 42779.78,
    "_NullFlags": "b'\\x00'"
  },
  {
    "BILL2": "P-   94",
    "C_CODE": "VI026",
    "DR": 57774.12,
    "_NullFlags": "b'\\x00'"
  },
  {
    "BILL2": "P-   95",
    "C_CODE": "VI026",
    "DR": 4067.12,
    "_NullFlags": "b'\\x00'"
  },
  {
    "BILL2": "P-   96",
    "C_CODE": "VG010",
    "DR": 47692.5,
    "_NullFlags": "b'\\x00'"
  },
  {
    "BILL2": "P-   97",
    "C_CODE": "VG010",
    "DR": 6182.87,
    "_NullFlags": "b'\\x00'"
  },
  {
    "BILL2": "P-   98",
    "C_CODE": "VG023",
    "DR": 13348.57,
    "_NullFlags": "b'\\x00'"
  },
  {
    "BILL2": "P-   99",
    "C_CODE": "VG010",
    "DR": 47287.5,
    "_NullFlags": "b'\\x00'"
  },
  {
    "BILL2": "P-  100",
    "C_CODE": "VI026",
    "DR": 26209.94,
    "_NullFlags": "b'\\x00'"
  },
  {
    "BILL2": "P-  101",
    "C_CODE": "VI026",
    "DR": 22845.6,
    "_NullFlags": "b'\\x00'"
  },
  {
    "BILL2": "P-  102",
    "C_CODE": "VI020",
    "DR": 35299.26,
    "_NullFlags": "b'\\x00'"
  },
  {
    "BILL2": "P-  103",
    "C_CODE": "VI020",
    "DR": 278.94,
    "_NullFlags": "b'\\x00'"
  },
  {
    "BILL2": "P-  104",
    "C_CODE": "VI020",
    "DR": 7163.31,
    "_NullFlags": "b'\\x00'"
  },
  {
    "BILL2": "P-  105",
    "C_CODE": "VG010",
    "DR": 11750.85,
    "_NullFlags": "b'\\x00'"
  },
  {
    "BILL2": "P-  106",
    "C_CODE": "VG010",
    "DR": 47818.2,
    "_NullFlags": "b'\\x00'"
  },
  {
    "BILL2": "P-  107",
    "C_CODE": "VI010",
    "DR": 122841.48,
    "_NullFlags": "b'\\x00'"
  },
  {
    "BILL2": "P-  108",
    "C_CODE": "VG016",
    "DR": 61786.71,
    "_NullFlags": "b'\\x00'"
  },
  {
    "BILL2": "P-  109",
    "C_CODE": "VG010",
    "DR": 45500,
    "_NullFlags": "b'\\x00'"
  },
  {
    "BILL2": "P-  110",
    "C_CODE": "VG027",
    "DR": 11418.28,
    "_NullFlags": "b'\\x00'"
  },
  {
    "BILL2": "P-  111",
    "C_CODE": "VG010",
    "DR": 6685.71,
    "_NullFlags": "b'\\x00'"
  },
  {
    "BILL2": "P-  112",
    "C_CODE": "VI020",
    "DR": 35862.32,
    "_NullFlags": "b'\\x00'"
  },
  {
    "BILL2": "P-  113",
    "C_CODE": "VI016",
    "DR": 182270,
    "_NullFlags": "b'\\x00'"
  },
  {
    "BILL2": "P-  114",
    "C_CODE": "VI014",
    "DR": 19206.79,
    "_NullFlags": "b'\\x00'"
  },
  {
    "BILL2": "P-  114",
    "C_CODE": "VI015",
    "DR": 1985.73,
    "_NullFlags": "b'\\x00'"
  },
  {
    "BILL2": "P-  115",
    "C_CODE": "VI015",
    "DR": 885.45,
    "_NullFlags": "b'\\x00'"
  },
  {
    "BILL2": "P-  115",
    "C_CODE": "VI016",
    "DR": 67698.31,
    "_NullFlags": "b'\\x00'"
  },
  {
    "BILL2": "P-  116",
    "C_CODE": "VI014",
    "DR": 463.36,
    "_NullFlags": "b'\\x00'"
  },
  {
    "BILL2": "P-  116",
    "C_CODE": "VI015",
    "DR": 913.88,
    "_NullFlags": "b'\\x00'"
  },
  {
    "BILL2": "P-  117",
    "C_CODE": "VI020",
    "DR": 64202.69,
    "_NullFlags": "b'\\x00'"
  },
  {
    "BILL2": "P-  118",
    "C_CODE": "VG023",
    "DR": 14923.89,
    "_NullFlags": "b'\\x00'"
  },
  {
    "BILL2": "P-  119",
    "C_CODE": "VG010",
    "DR": 18002.88,
    "_NullFlags": "b'\\x00'"
  },
  {
    "BILL2": "P-  120",
    "C_CODE": "VG010",
    "DR": 45500,
    "_NullFlags": "b'\\x00'"
  },
  {
    "BILL2": "P-  121",
    "C_CODE": "VI016",
    "DR": 46527.07,
    "_NullFlags": "b'\\x00'"
  },
  {
    "BILL2": "P-  122",
    "C_CODE": "VI016",
    "DR": 304.88,
    "_NullFlags": "b'\\x00'"
  },
  {
    "BILL2": "P-  123",
    "C_CODE": "VI016",
    "DR": 34529.9,
    "_NullFlags": "b'\\x00'"
  },
  {
    "BILL2": "P-  124",
    "C_CODE": "VI014",
    "DR": 176.71,
    "_NullFlags": "b'\\x00'"
  },
  {
    "BILL2": "P-  125",
    "C_CODE": "VI016",
    "DR": 1255.12,
    "_NullFlags": "b'\\x00'"
  },
  {
    "BILL2": "P-  126",
    "C_CODE": "VI010",
    "DR": 134380.77,
    "_NullFlags": "b'\\x00'"
  },
  {
    "BILL2": "P-  127",
    "C_CODE": "VG010",
    "DR": 45500,
    "_NullFlags": "b'\\x00'"
  },
  {
    "BILL2": "P-  128",
    "C_CODE": "VI016",
    "DR": 970.45,
    "_NullFlags": "b'\\x00'"
  },
  {
    "BILL2": "P-  129",
    "C_CODE": "VI014",
    "DR": 10032.42,
    "_NullFlags": "b'\\x00'"
  },
  {
    "BILL2": "P-  129",
    "C_CODE": "VI015",
    "DR": 999.64,
    "_NullFlags": "b'\\x00'"
  },
  {
    "BILL2": "P-  130",
    "C_CODE": "VI016",
    "DR": 157322.05,
    "_NullFlags": "b'\\x00'"
  },
  {
    "BILL2": "P-  131",
    "C_CODE": "VG010",
    "DR": 45500,
    "_NullFlags": "b'\\x00'"
  },
  {
    "BILL2": "P-  132",
    "C_CODE": "VG010",
    "DR": 45875,
    "_NullFlags": "b'\\x00'"
  },
  {
    "BILL2": "P-  133",
    "C_CODE": "VG023",
    "DR": 20038.1,
    "_NullFlags": "b'\\x00'"
  },
  {
    "BILL2": "P-  134",
    "C_CODE": "VI016",
    "DR": 164404.59,
    "_NullFlags": "b'\\x00'"
  },
  {
    "BILL2": "P-  135",
    "C_CODE": "VI014",
    "DR": 4624.52,
    "_NullFlags": "b'\\x00'"
  },
  {
    "BILL2": "P-  135",
    "C_CODE": "VI015",
    "DR": 1861.62,
    "_NullFlags": "b'\\x00'"
  },
  {
    "BILL2": "P-  136",
    "C_CODE": "VI020",
    "DR": 42829.78,
    "_NullFlags": "b'\\x00'"
  },
  {
    "BILL2": "P-  137",
    "C_CODE": "VI026",
    "DR": 30578.27,
    "_NullFlags": "b'\\x00'"
  },
  {
    "BILL2": "P-  138",
    "C_CODE": "VI026",
    "DR": 4403.8,
    "_NullFlags": "b'\\x00'"
  },
  {
    "BILL2": "P-  139",
    "C_CODE": "VI026",
    "DR": 79959.6,
    "_NullFlags": "b'\\x00'"
  },
  {
    "BILL2": "P-  140",
    "C_CODE": "VI026",
    "DR": 6100.69,
    "_NullFlags": "b'\\x00'"
  },
  {
    "BILL2": "P-  141",
    "C_CODE": "VG010",
    "DR": 46175,
    "_NullFlags": "b'\\x00'"
  },
  {
    "BILL2": "P-  142",
    "C_CODE": "VI020",
    "DR": 15031.71,
    "_NullFlags": "b'\\x00'"
  },
  {
    "BILL2": "P-  143",
    "C_CODE": "VI016",
    "DR": 52446.59,
    "_NullFlags": "b'\\x00'"
  },
  {
    "BILL2": "P-  144",
    "C_CODE": "VI014",
    "DR": 219.23,
    "_NullFlags": "b'\\x00'"
  },
  {
    "BILL2": "P-  145",
    "C_CODE": "VI016",
    "DR": 54323.2,
    "_NullFlags": "b'\\x00'"
  },
  {
    "BILL2": "P-  146",
    "C_CODE": "VI014",
    "DR": 4543.72,
    "_NullFlags": "b'\\x00'"
  },
  {
    "BILL2": "P-  147",
    "C_CODE": "VG027",
    "DR": 16104.23,
    "_NullFlags": "b'\\x00'"
  },
  {
    "BILL2": "P-  148",
    "C_CODE": "VI010",
    "DR": 58312.06,
    "_NullFlags": "b'\\x00'"
  },
  {
    "BILL2": "P-  149",
    "C_CODE": "VI020",
    "DR": 47218.21,
    "_NullFlags": "b'\\x00'"
  },
  {
    "BILL2": "P-  150",
    "C_CODE": "VG010",
    "DR": 12400,
    "_NullFlags": "b'\\x00'"
  },
  {
    "BILL2": "P-  151",
    "C_CODE": "VI020",
    "DR": 8909.34,
    "_NullFlags": "b'\\x00'"
  },
  {
    "BILL2": "P-  152",
    "C_CODE": "VG010",
    "DR": 45987.5,
    "_NullFlags": "b'\\x00'"
  },
  {
    "BILL2": "P-  153",
    "C_CODE": "VI016",
    "DR": 79437.08,
    "_NullFlags": "b'\\x00'"
  },
  {
    "BILL2": "P-  154",
    "C_CODE": "VI014",
    "DR": 19298.69,
    "_NullFlags": "b'\\x00'"
  },
  {
    "BILL2": "P-  154",
    "C_CODE": "VI015",
    "DR": 1805.2,
    "_NullFlags": "b'\\x00'"
  },
  {
    "BILL2": "P-  155",
    "C_CODE": "VI016",
    "DR": 11143.8,
    "_NullFlags": "b'\\x00'"
  },
  {
    "BILL2": "P-  156",
    "C_CODE": "VI020",
    "DR": 17917.54,
    "_NullFlags": "b'\\x00'"
  },
  {
    "BILL2": "P-  157",
    "C_CODE": "VG023",
    "DR": 14182.32,
    "_NullFlags": "b'\\x00'"
  },
  {
    "BILL2": "P-  158",
    "C_CODE": "VG010",
    "DR": 46572.5,
    "_NullFlags": "b'\\x00'"
  },
  {
    "BILL2": "P-  159",
    "C_CODE": "VI020",
    "DR": 18524.97,
    "_NullFlags": "b'\\x00'"
  },
  {
    "BILL2": "P-  160",
    "C_CODE": "VI010",
    "DR": 132502.5,
    "_NullFlags": "b'\\x00'"
  },
  {
    "BILL2": "P-  161",
    "C_CODE": "VG014",
    "DR": 1577.69,
    "_NullFlags": "b'\\x00'"
  },
  {
    "BILL2": "P-  161",
    "C_CODE": "VG015",
    "DR": 549.06,
    "_NullFlags": "b'\\x00'"
  },
  {
    "BILL2": "P-  161",
    "C_CODE": "VG016",
    "DR": 112537.36,
    "_NullFlags": "b'\\x00'"
  },
  {
    "BILL2": "P-  162",
    "C_CODE": "VG023",
    "DR": 9890.83,
    "_NullFlags": "b'\\x00'"
  },
  {
    "BILL2": "P-  163",
    "C_CODE": "VG016",
    "DR": 61411.61,
    "_NullFlags": "b'\\x00'"
  },
  {
    "BILL2": "P-  164",
    "C_CODE": "VI020",
    "DR": 45621.53,
    "_NullFlags": "b'\\x00'"
  },
  {
    "BILL2": "P-  165",
    "C_CODE": "VG023",
    "DR": 20360.37,
    "_NullFlags": "b'\\x00'"
  },
  {
    "BILL2": "P-  166",
    "C_CODE": "VG010",
    "DR": 11743.8,
    "_NullFlags": "b'\\x00'"
  },
  {
    "BILL2": "P-  167",
    "C_CODE": "VG010",
    "DR": 46572.5,
    "_NullFlags": "b'\\x00'"
  },
  {
    "BILL2": "P-  168",
    "C_CODE": "VI026",
    "DR": 30119.92,
    "_NullFlags": "b'\\x00'"
  },
  {
    "BILL2": "P-  169",
    "C_CODE": "VI026",
    "DR": 974.78,
    "_NullFlags": "b'\\x00'"
  },
  {
    "BILL2": "P-  170",
    "C_CODE": "VI026",
    "DR": 84644.45,
    "_NullFlags": "b'\\x00'"
  },
  {
    "BILL2": "P-  171",
    "C_CODE": "VG014",
    "DR": 5097.53,
    "_NullFlags": "b'\\x00'"
  },
  {
    "BILL2": "P-  171",
    "C_CODE": "VG016",
    "DR": 89632.45,
    "_NullFlags": "b'\\x00'"
  },
  {
    "BILL2": "P-  172",
    "C_CODE": "VG027",
    "DR": 7976.54,
    "_NullFlags": "b'\\x00'"
  },
  {
    "BILL2": "P-  173",
    "C_CODE": "VI020",
    "DR": 39990.42,
    "_NullFlags": "b'\\x00'"
  },
  {
    "BILL2": "P-  174",
    "C_CODE": "VG010",
    "DR": 47515,
    "_NullFlags": "b'\\x00'"
  },
  {
    "BILL2": "P-  175",
    "C_CODE": "VI020",
    "DR": 25556.61,
    "_NullFlags": "b'\\x00'"
  },
  {
    "BILL2": "P-  176",
    "C_CODE": "VG023",
    "DR": 6543.85,
    "_NullFlags": "b'\\x00'"
  },
  {
    "BILL2": "P-  177",
    "C_CODE": "VG010",
    "DR": 2880,
    "_NullFlags": "b'\\x00'"
  },
  {
    "BILL2": "P-  178",
    "C_CODE": "VG027",
    "DR": 2343.08,
    "_NullFlags": "b'\\x00'"
  },
  {
    "BILL2": "P-  179",
    "C_CODE": "VI010",
    "DR": 128003.84,
    "_NullFlags": "b'\\x00'"
  },
  {
    "BILL2": "P-  180",
    "C_CODE": "VG014",
    "DR": 8539.68,
    "_NullFlags": "b'\\x00'"
  },
  {
    "BILL2": "P-  180",
    "C_CODE": "VG015",
    "DR": 1023.01,
    "_NullFlags": "b'\\x00'"
  },
  {
    "BILL2": "P-  180",
    "C_CODE": "VG016",
    "DR": 101087.76,
    "_NullFlags": "b'\\x00'"
  },
  {
    "BILL2": "P-  181",
    "C_CODE": "VG010",
    "DR": 47515,
    "_NullFlags": "b'\\x00'"
  },
  {
    "BILL2": "P-  182",
    "C_CODE": "VG014",
    "DR": 9967.91,
    "_NullFlags": "b'\\x00'"
  },
  {
    "BILL2": "P-  182",
    "C_CODE": "VG015",
    "DR": 107.01,
    "_NullFlags": "b'\\x00'"
  },
  {
    "BILL2": "P-  182",
    "C_CODE": "VG016",
    "DR": 123167.75,
    "_NullFlags": "b'\\x00'"
  },
  {
    "BILL2": "P-  186",
    "C_CODE": "VG016",
    "DR": 56848.75,
    "_NullFlags": "b'\\x00'"
  },
  {
    "BILL2": "P-  187",
    "C_CODE": "VG014",
    "DR": 3433.94,
    "_NullFlags": "b'\\x00'"
  },
  {
    "BILL2": "P-  187",
    "C_CODE": "VG015",
    "DR": 878.6,
    "_NullFlags": "b'\\x00'"
  },
  {
    "BILL2": "P-  187",
    "C_CODE": "VG016",
    "DR": 121362.87,
    "_NullFlags": "b'\\x00'"
  },
  {
    "BILL2": "P-  188",
    "C_CODE": "VG010",
    "DR": 3279.89,
    "_NullFlags": "b'\\x00'"
  },
  {
    "BILL2": "P-  189",
    "C_CODE": "VI020",
    "DR": 38467.56,
    "_NullFlags": "b'\\x00'"
  },
  {
    "BILL2": "P-  190",
    "C_CODE": "VG023",
    "DR": 13196.35,
    "_NullFlags": "b'\\x00'"
  },
  {
    "BILL2": "P-  191",
    "C_CODE": "VG010",
    "DR": 47022.5,
    "_NullFlags": "b'\\x00'"
  },
  {
    "BILL2": "P-  192",
    "C_CODE": "VG010",
    "DR": 46637.5,
    "_NullFlags": "b'\\x00'"
  },
  {
    "BILL2": "P-  193",
    "C_CODE": "VG027",
    "DR": 12214.2,
    "_NullFlags": "b'\\x00'"
  },
  {
    "BILL2": "P-  194",
    "C_CODE": "VG014",
    "DR": 8791.34,
    "_NullFlags": "b'\\x00'"
  },
  {
    "BILL2": "P-  194",
    "C_CODE": "VG015",
    "DR": 403.37,
    "_NullFlags": "b'\\x00'"
  },
  {
    "BILL2": "P-  194",
    "C_CODE": "VG016",
    "DR": 34766.42,
    "_NullFlags": "b'\\x00'"
  },
  {
    "BILL2": "P-  195",
    "C_CODE": "VG010",
    "DR": 45987.5,
    "_NullFlags": "b'\\x00'"
  },
  {
    "BILL2": "P-  196",
    "C_CODE": "VI020",
    "DR": 23945.86,
    "_NullFlags": "b'\\x00'"
  },
  {
    "BILL2": "P-  197",
    "C_CODE": "VI020",
    "DR": 21061.76,
    "_NullFlags": "b'\\x00'"
  },
  {
    "BILL2": "P-  199",
    "C_CODE": "VG014",
    "DR": 15458.77,
    "_NullFlags": "b'\\x00'"
  },
  {
    "BILL2": "P-  199",
    "C_CODE": "VG015",
    "DR": 2434.4,
    "_NullFlags": "b'\\x00'"
  },
  {
    "BILL2": "P-  199",
    "C_CODE": "VG016",
    "DR": 109315.81,
    "_NullFlags": "b'\\x00'"
  },
  {
    "BILL2": "P-  203",
    "C_CODE": "VG016",
    "DR": 75386.78,
    "_NullFlags": "b'\\x00'"
  },
  {
    "BILL2": "P-  204",
    "C_CODE": "VG023",
    "DR": 9596.81,
    "_NullFlags": "b'\\x00'"
  },
  {
    "BILL2": "P-  205",
    "C_CODE": "VG010",
    "DR": 47217.5,
    "_NullFlags": "b'\\x00'"
  },
  {
    "BILL2": "P-  206",
    "C_CODE": "VG010",
    "DR": 51747.5,
    "_NullFlags": "b'\\x00'"
  },
  {
    "BILL2": "P-  208",
    "C_CODE": "VG010",
    "DR": 46312.5,
    "_NullFlags": "b'\\x00'"
  },
  {
    "BILL2": "P-  209",
    "C_CODE": "VI020",
    "DR": 41499.5,
    "_NullFlags": "b'\\x00'"
  },
  {
    "BILL2": "P-  210",
    "C_CODE": "VG023",
    "DR": 23557.23,
    "_NullFlags": "b'\\x00'"
  },
  {
    "BILL2": "P-  211",
    "C_CODE": "VG014",
    "DR": 5878.94,
    "_NullFlags": "b'\\x00'"
  },
  {
    "BILL2": "P-  211",
    "C_CODE": "VG015",
    "DR": 2293.24,
    "_NullFlags": "b'\\x00'"
  },
  {
    "BILL2": "P-  211",
    "C_CODE": "VG016",
    "DR": 171483.59,
    "_NullFlags": "b'\\x00'"
  },
  {
    "BILL2": "P-  217",
    "C_CODE": "VG010",
    "DR": 46653.75,
    "_NullFlags": "b'\\x00'"
  },
  {
    "BILL2": "P-  218",
    "C_CODE": "VI026",
    "DR": 115530.8,
    "_NullFlags": "b'\\x00'"
  },
  {
    "BILL2": "P-  219",
    "C_CODE": "VI026",
    "DR": 4085.45,
    "_NullFlags": "b'\\x00'"
  },
  {
    "BILL2": "P-  220",
    "C_CODE": "VI026",
    "DR": 29142.7,
    "_NullFlags": "b'\\x00'"
  },
  {
    "BILL2": "P-  221",
    "C_CODE": "VI026",
    "DR": 7562.86,
    "_NullFlags": "b'\\x00'"
  },
  {
    "BILL2": "P-  222",
    "C_CODE": "VG010",
    "DR": 13750.45,
    "_NullFlags": "b'\\x00'"
  },
  {
    "BILL2": "P-  223",
    "C_CODE": "VG027",
    "DR": 4686.17,
    "_NullFlags": "b'\\x00'"
  },
  {
    "BILL2": "P-  224",
    "C_CODE": "VG010",
    "DR": 46400,
    "_NullFlags": "b'\\x00'"
  },
  {
    "BILL2": "P-  225",
    "C_CODE": "VG010",
    "DR": 9868.2,
    "_NullFlags": "b'\\x00'"
  },
  {
    "BILL2": "P-  226",
    "C_CODE": "VI020",
    "DR": 52330.66,
    "_NullFlags": "b'\\x00'"
  },
  {
    "BILL2": "P-  227",
    "C_CODE": "VI020",
    "DR": 13647.51,
    "_NullFlags": "b'\\x00'"
  },
  {
    "BILL2": "P-  228",
    "C_CODE": "VG014",
    "DR": 3405.07,
    "_NullFlags": "b'\\x00'"
  },
  {
    "BILL2": "P-  228",
    "C_CODE": "VG015",
    "DR": 2183.88,
    "_NullFlags": "b'\\x00'"
  },
  {
    "BILL2": "P-  228",
    "C_CODE": "VG016",
    "DR": 115408.58,
    "_NullFlags": "b'\\x00'"
  },
  {
    "BILL2": "P-  229",
    "C_CODE": "VI010",
    "DR": 142976.71,
    "_NullFlags": "b'\\x00'"
  },
  {
    "BILL2": "P-  230",
    "C_CODE": "VG010",
    "DR": 46475,
    "_NullFlags": "b'\\x00'"
  },
  {
    "BILL2": "P-  231",
    "C_CODE": "VG023",
    "DR": 21979.51,
    "_NullFlags": "b'\\x00'"
  },
  {
    "BILL2": "P-  232",
    "C_CODE": "VI020",
    "DR": 37286.22,
    "_NullFlags": "b'\\x00'"
  },
  {
    "BILL2": "P-  233",
    "C_CODE": "VG014",
    "DR": 559.43,
    "_NullFlags": "b'\\x00'"
  },
  {
    "BILL2": "P-  233",
    "C_CODE": "VG016",
    "DR": 11909.9,
    "_NullFlags": "b'\\x00'"
  },
  {
    "BILL2": "P-  233",
    "C_CODE": "VG020",
    "DR": 549.15,
    "_NullFlags": "b'\\x00'"
  },
  {
    "BILL2": "P-  234",
    "C_CODE": "VG010",
    "DR": 47157.5,
    "_NullFlags": "b'\\x00'"
  },
  {
    "BILL2": "P-  235",
    "C_CODE": "VG014",
    "DR": 4410.11,
    "_NullFlags": "b'\\x00'"
  },
  {
    "BILL2": "P-  235",
    "C_CODE": "VG015",
    "DR": 3160.73,
    "_NullFlags": "b'\\x00'"
  },
  {
    "BILL2": "P-  235",
    "C_CODE": "VG016",
    "DR": 143208.34,
    "_NullFlags": "b'\\x00'"
  },
  {
    "BILL2": "P-  236",
    "C_CODE": "VI020",
    "DR": 5108.3,
    "_NullFlags": "b'\\x00'"
  },
  {
    "BILL2": "P-  237",
    "C_CODE": "VG010",
    "DR": 13734.25,
    "_NullFlags": "b'\\x00'"
  },
  {
    "BILL2": "P-  238",
    "C_CODE": "VG027",
    "DR": 6580.74,
    "_NullFlags": "b'\\x00'"
  },
  {
    "BILL2": "P-  239",
    "C_CODE": "VI020",
    "DR": 55270.88,
    "_NullFlags": "b'\\x00'"
  },
  {
    "BILL2": "P-  240",
    "C_CODE": "VG010",
    "DR": 46962.5,
    "_NullFlags": "b'\\x00'"
  },
  {
    "BILL2": "P-  241",
    "C_CODE": "VI010",
    "DR": 118758.51,
    "_NullFlags": "b'\\x00'"
  },
  {
    "BILL2": "P-  242",
    "C_CODE": "VG010",
    "DR": 6896.41,
    "_NullFlags": "b'\\x00'"
  },
  {
    "BILL2": "P-  243",
    "C_CODE": "VG014",
    "DR": 7536.79,
    "_NullFlags": "b'\\x00'"
  },
  {
    "BILL2": "P-  243",
    "C_CODE": "VG015",
    "DR": 3234.09,
    "_NullFlags": "b'\\x00'"
  },
  {
    "BILL2": "P-  243",
    "C_CODE": "VG016",
    "DR": 123955.24,
    "_NullFlags": "b'\\x00'"
  },
  {
    "BILL2": "P-  244",
    "C_CODE": "VG016",
    "DR": 59.03,
    "_NullFlags": "b'\\x00'"
  },
  {
    "BILL2": "P-  245",
    "C_CODE": "VG014",
    "DR": 3064.9,
    "_NullFlags": "b'\\x00'"
  },
  {
    "BILL2": "P-  245",
    "C_CODE": "VG015",
    "DR": 887.1,
    "_NullFlags": "b'\\x00'"
  },
  {
    "BILL2": "P-  245",
    "C_CODE": "VG016",
    "DR": 122513.89,
    "_NullFlags": "b'\\x00'"
  },
  {
    "BILL2": "P-  246",
    "C_CODE": "VG023",
    "DR": 24207.2,
    "_NullFlags": "b'\\x00'"
  },
  {
    "BILL2": "P-  247",
    "C_CODE": "VI020",
    "DR": 33410.5,
    "_NullFlags": "b'\\x00'"
  },
  {
    "BILL2": "P-  248",
    "C_CODE": "VG010",
    "DR": 46962.5,
    "_NullFlags": "b'\\x00'"
  },
  {
    "BILL2": "P-  249",
    "C_CODE": "VG016",
    "DR": 166655.91,
    "_NullFlags": "b'\\x00'"
  },
  {
    "BILL2": "P-  251",
    "C_CODE": "VG010",
    "DR": 5116.72,
    "_NullFlags": "b'\\x00'"
  },
  {
    "BILL2": "P-  252",
    "C_CODE": "VI026",
    "DR": 16098.94,
    "_NullFlags": "b'\\x00'"
  },
  {
    "BILL2": "P-  253",
    "C_CODE": "VI026",
    "DR": 26649.99,
    "_NullFlags": "b'\\x00'"
  },
  {
    "BILL2": "P-  254",
    "C_CODE": "VI020",
    "DR": 7512.21,
    "_NullFlags": "b'\\x00'"
  },
  {
    "BILL2": "P-  255",
    "C_CODE": "VG010",
    "DR": 46962.5,
    "_NullFlags": "b'\\x00'"
  },
  {
    "BILL2": "P-  256",
    "C_CODE": "VG027",
    "DR": 4686.17,
    "_NullFlags": "b'\\x00'"
  },
  {
    "BILL2": "P-  257",
    "C_CODE": "VI010",
    "DR": 128783.54,
    "_NullFlags": "b'\\x00'"
  },
  {
    "BILL2": "P-  258",
    "C_CODE": "VG014",
    "DR": 475.71,
    "_NullFlags": "b'\\x00'"
  },
  {
    "BILL2": "P-  258",
    "C_CODE": "VG016",
    "DR": 12839.41,
    "_NullFlags": "b'\\x00'"
  },
  {
    "BILL2": "P-  259",
    "C_CODE": "VG014",
    "DR": 16155.79,
    "_NullFlags": "b'\\x00'"
  },
  {
    "BILL2": "P-  259",
    "C_CODE": "VG015",
    "DR": 1647.22,
    "_NullFlags": "b'\\x00'"
  },
  {
    "BILL2": "P-  259",
    "C_CODE": "VG016",
    "DR": 91621.08,
    "_NullFlags": "b'\\x00'"
  },
  {
    "BILL2": "P-  260",
    "C_CODE": "VG010",
    "DR": 46262.5,
    "_NullFlags": "b'\\x00'"
  },
  {
    "BILL2": "P-  261",
    "C_CODE": "VG010",
    "DR": 1425,
    "_NullFlags": "b'\\x00'"
  },
  {
    "BILL2": "P-  262",
    "C_CODE": "VI020",
    "DR": 64161.67,
    "_NullFlags": "b'\\x00'"
  },
  {
    "BILL2": "P-  263",
    "C_CODE": "VG023",
    "DR": 9997.18,
    "_NullFlags": "b'\\x00'"
  },
  {
    "BILL2": "P-  264",
    "C_CODE": "VG010",
    "DR": 1900.52,
    "_NullFlags": "b'\\x00'"
  },
  {
    "BILL2": "P-  265",
    "C_CODE": "VG010",
    "DR": 45825,
    "_NullFlags": "b'\\x00'"
  },
  {
    "BILL2": "P-  266",
    "C_CODE": "VG010",
    "DR": 46225,
    "_NullFlags": "b'\\x00'"
  },
  {
    "BILL2": "P-  267",
    "C_CODE": "VG014",
    "DR": 181.71,
    "_NullFlags": "b'\\x00'"
  },
  {
    "BILL2": "P-  267",
    "C_CODE": "VG016",
    "DR": 10317.2,
    "_NullFlags": "b'\\x00'"
  },
  {
    "BILL2": "P-  268",
    "C_CODE": "VI020",
    "DR": 46169.46,
    "_NullFlags": "b'\\x00'"
  },
  {
    "BILL2": "P-  269",
    "C_CODE": "VI020",
    "DR": 8113.19,
    "_NullFlags": "b'\\x00'"
  },
  {
    "BILL2": "P-  270",
    "C_CODE": "VI010",
    "DR": 78605.1,
    "_NullFlags": "b'\\x00'"
  },
  {
    "BILL2": "P-  271",
    "C_CODE": "VG014",
    "DR": 13465.61,
    "_NullFlags": "b'\\x00'"
  },
  {
    "BILL2": "P-  271",
    "C_CODE": "VG015",
    "DR": 2291.31,
    "_NullFlags": "b'\\x00'"
  },
  {
    "BILL2": "P-  271",
    "C_CODE": "VG016",
    "DR": 103534.86,
    "_NullFlags": "b'\\x00'"
  },
  {
    "BILL2": "P-  272",
    "C_CODE": "VG027",
    "DR": 11266.91,
    "_NullFlags": "b'\\x00'"
  },
  {
    "BILL2": "P-  273",
    "C_CODE": "VG014",
    "DR": 491.43,
    "_NullFlags": "b'\\x00'"
  },
  {
    "BILL2": "P-  273",
    "C_CODE": "VG016",
    "DR": 22154.91,
    "_NullFlags": "b'\\x00'"
  },
  {
    "BILL2": "P-  274",
    "C_CODE": "VG014",
    "DR": 9556.78,
    "_NullFlags": "b'\\x00'"
  },
  {
    "BILL2": "P-  274",
    "C_CODE": "VG015",
    "DR": 2217.6,
    "_NullFlags": "b'\\x00'"
  },
  {
    "BILL2": "P-  274",
    "C_CODE": "VG016",
    "DR": 193984.21,
    "_NullFlags": "b'\\x00'"
  },
  {
    "BILL2": "P-  275",
    "C_CODE": "VG016",
    "DR": 301.86,
    "_NullFlags": "b'\\x00'"
  },
  {
    "BILL2": "P-  276",
    "C_CODE": "VI026",
    "DR": 2932.49,
    "_NullFlags": "b'\\x00'"
  },
  {
    "BILL2": "P-  277",
    "C_CODE": "VI026",
    "DR": 54829.44,
    "_NullFlags": "b'\\x00'"
  },
  {
    "BILL2": "P-  278",
    "C_CODE": "VG023",
    "DR": 25259.35,
    "_NullFlags": "b'\\x00'"
  },
  {
    "BILL2": "P-  279",
    "C_CODE": "VG010",
    "DR": 45662.5,
    "_NullFlags": "b'\\x00'"
  },
  {
    "BILL2": "P-  280",
    "C_CODE": "VG010",
    "DR": 45662.5,
    "_NullFlags": "b'\\x00'"
  },
  {
    "BILL2": "P-  281",
    "C_CODE": "VI020",
    "DR": 58503.52,
    "_NullFlags": "b'\\x00'"
  },
  {
    "BILL2": "P-  282",
    "C_CODE": "VG023",
    "DR": 1871,
    "_NullFlags": "b'\\x00'"
  },
  {
    "BILL2": "P-  283",
    "C_CODE": "VI010",
    "DR": 124232.4,
    "_NullFlags": "b'\\x00'"
  },
  {
    "BILL2": "P-  284",
    "C_CODE": "VG010",
    "DR": 8599.08,
    "_NullFlags": "b'\\x00'"
  },
  {
    "BILL2": "P-  285",
    "C_CODE": "VG010",
    "DR": 3928.58,
    "_NullFlags": "b'\\x00'"
  },
  {
    "BILL2": "P-  286",
    "C_CODE": "VI020",
    "DR": 1006.78,
    "_NullFlags": "b'\\x00'"
  },
  {
    "BILL2": "P-  287",
    "C_CODE": "VG010",
    "DR": 47190,
    "_NullFlags": "b'\\x00'"
  },
  {
    "BILL2": "P-  288",
    "C_CODE": "VG014",
    "DR": 4641.78,
    "_NullFlags": "b'\\x00'"
  },
  {
    "BILL2": "P-  288",
    "C_CODE": "VG015",
    "DR": 971.22,
    "_NullFlags": "b'\\x00'"
  },
  {
    "BILL2": "P-  288",
    "C_CODE": "VG016",
    "DR": 147603.23,
    "_NullFlags": "b'\\x00'"
  },
  {
    "BILL2": "P-  289",
    "C_CODE": "VI010",
    "DR": 174506.1,
    "_NullFlags": "b'\\x00'"
  },
  {
    "BILL2": "P-  290",
    "C_CODE": "VG010",
    "DR": 47190,
    "_NullFlags": "b'\\x00'"
  },
  {
    "BILL2": "P-  291",
    "C_CODE": "VG010",
    "DR": 47190,
    "_NullFlags": "b'\\x00'"
  },
  {
    "BILL2": "P-  292",
    "C_CODE": "VG010",
    "DR": 47190,
    "_NullFlags": "b'\\x00'"
  },
  {
    "BILL2": "P-  293",
    "C_CODE": "VG010",
    "DR": 47190,
    "_NullFlags": "b'\\x00'"
  },
  {
    "BILL2": "P-  294",
    "C_CODE": "VG010",
    "DR": 46462.5,
    "_NullFlags": "b'\\x00'"
  },
  {
    "BILL2": "P-  295",
    "C_CODE": "VG010",
    "DR": 48390,
    "_NullFlags": "b'\\x00'"
  },
  {
    "BILL2": "P-  296",
    "C_CODE": "VI010",
    "DR": 126922.5,
    "_NullFlags": "b'\\x00'"
  },
  {
    "BILL2": "P-  297",
    "C_CODE": "VG010",
    "DR": 55070.4,
    "_NullFlags": "b'\\x00'"
  },
  {
    "BILL2": "P-  298",
    "C_CODE": "VI020",
    "DR": 47933.36,
    "_NullFlags": "b'\\x00'"
  },
  {
    "BILL2": "P-  299",
    "C_CODE": "VG023",
    "DR": 14923.89,
    "_NullFlags": "b'\\x00'"
  },
  {
    "BILL2": "P-  300",
    "C_CODE": "VG014",
    "DR": 4656.51,
    "_NullFlags": "b'\\x00'"
  },
  {
    "BILL2": "P-  300",
    "C_CODE": "VG015",
    "DR": 2628.5,
    "_NullFlags": "b'\\x00'"
  },
  {
    "BILL2": "P-  300",
    "C_CODE": "VG016",
    "DR": 73272.58,
    "_NullFlags": "b'\\x00'"
  },
  {
    "BILL2": "P-  301",
    "C_CODE": "VG010",
    "DR": 17315.65,
    "_NullFlags": "b'\\x00'"
  },
  {
    "BILL2": "P-  302",
    "C_CODE": "VG010",
    "DR": 49335,
    "_NullFlags": "b'\\x00'"
  },
  {
    "BILL2": "P-  303",
    "C_CODE": "VG010",
    "DR": 51741.6,
    "_NullFlags": "b'\\x00'"
  },
  {
    "BILL2": "P-  304",
    "C_CODE": "VG016",
    "DR": 6767.63,
    "_NullFlags": "b'\\x00'"
  },
  {
    "BILL2": "P-  304",
    "C_CODE": "VG027",
    "DR": 4686.17,
    "_NullFlags": "b'\\x00'"
  },
  {
    "BILL2": "P-  305",
    "C_CODE": "VG023",
    "DR": 15022.21,
    "_NullFlags": "b'\\x00'"
  },
  {
    "BILL2": "P-  306",
    "C_CODE": "VI020",
    "DR": 7619.33,
    "_NullFlags": "b'\\x00'"
  },
  {
    "BILL2": "P-  307",
    "C_CODE": "VI020",
    "DR": 66771.34,
    "_NullFlags": "b'\\x00'"
  },
  {
    "BILL2": "P-  308",
    "C_CODE": "VI020",
    "DR": 78600.43,
    "_NullFlags": "b'\\x00'"
  },
  {
    "BILL2": "P-  309",
    "C_CODE": "VG014",
    "DR": 19278.49,
    "_NullFlags": "b'\\x00'"
  },
  {
    "BILL2": "P-  309",
    "C_CODE": "VG016",
    "DR": 186737.59,
    "_NullFlags": "b'\\x00'"
  },
  {
    "BILL2": "P-  310",
    "C_CODE": "VG010",
    "DR": 16357.12,
    "_NullFlags": "b'\\x00'"
  },
  {
    "BILL2": "P-  311",
    "C_CODE": "VG010",
    "DR": 2949.23,
    "_NullFlags": "b'\\x00'"
  },
  {
    "BILL2": "P-  312",
    "C_CODE": "VG010",
    "DR": 55737.5,
    "_NullFlags": "b'\\x00'"
  },
  {
    "BILL2": "P-  313",
    "C_CODE": "VG010",
    "DR": 56174.3,
    "_NullFlags": "b'\\x00'"
  },
  {
    "BILL2": "P-  315",
    "C_CODE": "VG010",
    "DR": 57896.7,
    "_NullFlags": "b'\\x00'"
  },
  {
    "BILL2": "P-  316",
    "C_CODE": "VI026",
    "DR": 80619.72,
    "_NullFlags": "b'\\x00'"
  },
  {
    "BILL2": "P-  317",
    "C_CODE": "VI026",
    "DR": 9596.42,
    "_NullFlags": "b'\\x00'"
  },
  {
    "BILL2": "P-  318",
    "C_CODE": "VI026",
    "DR": 2051.89,
    "_NullFlags": "b'\\x00'"
  },
  {
    "BILL2": "P-  319",
    "C_CODE": "VI026",
    "DR": 26209.92,
    "_NullFlags": "b'\\x00'"
  },
  {
    "BILL2": "P-  320",
    "C_CODE": "VG014",
    "DR": 1298.28,
    "_NullFlags": "b'\\x00'"
  },
  {
    "BILL2": "P-  320",
    "C_CODE": "VG016",
    "DR": 32496.28,
    "_NullFlags": "b'\\x00'"
  },
  {
    "BILL2": "P-  320",
    "C_CODE": "VG020",
    "DR": 635.3,
    "_NullFlags": "b'\\x00'"
  },
  {
    "BILL2": "P-  321",
    "C_CODE": "VG023",
    "DR": 2265.06,
    "_NullFlags": "b'\\x00'"
  },
  {
    "BILL2": "P-  322",
    "C_CODE": "VG014",
    "DR": 4656.5,
    "_NullFlags": "b'\\x00'"
  },
  {
    "BILL2": "P-  322",
    "C_CODE": "VG015",
    "DR": 2628.5,
    "_NullFlags": "b'\\x00'"
  },
  {
    "BILL2": "P-  322",
    "C_CODE": "VG016",
    "DR": 73512.09,
    "_NullFlags": "b'\\x00'"
  },
  {
    "BILL2": "P-  323",
    "C_CODE": "VG010",
    "DR": 3538.08,
    "_NullFlags": "b'\\x00'"
  },
  {
    "BILL2": "P-  324",
    "C_CODE": "VI020",
    "DR": 33796.4,
    "_NullFlags": "b'\\x00'"
  },
  {
    "BILL2": "P-  325",
    "C_CODE": "VI010",
    "DR": 108405,
    "_NullFlags": "b'\\x00'"
  },
  {
    "BILL2": "P-  326",
    "C_CODE": "VG010",
    "DR": 8768.29,
    "_NullFlags": "b'\\x00'"
  },
  {
    "BILL2": "P-  327",
    "C_CODE": "VG027",
    "DR": 7029.25,
    "_NullFlags": "b'\\x00'"
  },
  {
    "BILL2": "P-  328",
    "C_CODE": "VG014",
    "DR": 4411.78,
    "_NullFlags": "b'\\x00'"
  },
  {
    "BILL2": "P-  328",
    "C_CODE": "VG015",
    "DR": 3072.93,
    "_NullFlags": "b'\\x00'"
  },
  {
    "BILL2": "P-  328",
    "C_CODE": "VG016",
    "DR": 67926.34,
    "_NullFlags": "b'\\x00'"
  },
  {
    "BILL2": "P-  329",
    "C_CODE": "VG010",
    "DR": 57557.5,
    "_NullFlags": "b'\\x00'"
  },
  {
    "BILL2": "P-  330",
    "C_CODE": "VG010",
    "DR": 9656.62,
    "_NullFlags": "b'\\x00'"
  },
  {
    "BILL2": "P-  331",
    "C_CODE": "VG023",
    "DR": 19366.47,
    "_NullFlags": "b'\\x00'"
  },
  {
    "BILL2": "P-  332",
    "C_CODE": "VI020",
    "DR": 50557.95,
    "_NullFlags": "b'\\x00'"
  },
  {
    "BILL2": "P-  333",
    "C_CODE": "VI020",
    "DR": 2861.98,
    "_NullFlags": "b'\\x00'"
  },
  {
    "BILL2": "P-  334",
    "C_CODE": "VG016",
    "DR": 121740.18,
    "_NullFlags": "b'\\x00'"
  },
  {
    "BILL2": "P-  335",
    "C_CODE": "VG014",
    "DR": 1704.28,
    "_NullFlags": "b'\\x00'"
  },
  {
    "BILL2": "P-  335",
    "C_CODE": "VG016",
    "DR": 14931.41,
    "_NullFlags": "b'\\x00'"
  },
  {
    "BILL2": "P-  336",
    "C_CODE": "VG010",
    "DR": 60677.5,
    "_NullFlags": "b'\\x00'"
  },
  {
    "BILL2": "P-  337",
    "C_CODE": "VG023",
    "DR": 22037.59,
    "_NullFlags": "b'\\x00'"
  },
  {
    "BILL2": "P-  338",
    "C_CODE": "VG027",
    "DR": 4686.17,
    "_NullFlags": "b'\\x00'"
  },
  {
    "BILL2": "P-  339",
    "C_CODE": "VG014",
    "DR": 733.11,
    "_NullFlags": "b'\\x00'"
  },
  {
    "BILL2": "P-  339",
    "C_CODE": "VG015",
    "DR": 104.22,
    "_NullFlags": "b'\\x00'"
  },
  {
    "BILL2": "P-  339",
    "C_CODE": "VG016",
    "DR": 73012.86,
    "_NullFlags": "b'\\x00'"
  },
  {
    "BILL2": "P-  340",
    "C_CODE": "VI020",
    "DR": 49161.43,
    "_NullFlags": "b'\\x00'"
  },
  {
    "BILL2": "P-  341",
    "C_CODE": "VI020",
    "DR": 6866.54,
    "_NullFlags": "b'\\x00'"
  },
  {
    "BILL2": "P-  342",
    "C_CODE": "VG010",
    "DR": 23526.91,
    "_NullFlags": "b'\\x00'"
  },
  {
    "BILL2": "P-  343",
    "C_CODE": "VI010",
    "DR": 197214.9,
    "_NullFlags": "b'\\x00'"
  },
  {
    "BILL2": "P-  344",
    "C_CODE": "VG010",
    "DR": 59770,
    "_NullFlags": "b'\\x00'"
  },
  {
    "BILL2": "P-  345",
    "C_CODE": "VG010",
    "DR": 60248.62,
    "_NullFlags": "b'\\x00'"
  },
  {
    "BILL2": "P-  346",
    "C_CODE": "VG023",
    "DR": 1969.85,
    "_NullFlags": "b'\\x00'"
  },
  {
    "BILL2": "P-  347",
    "C_CODE": "VG014",
    "DR": 9445.83,
    "_NullFlags": "b'\\x00'"
  },
  {
    "BILL2": "P-  347",
    "C_CODE": "VG015",
    "DR": 1452.82,
    "_NullFlags": "b'\\x00'"
  },
  {
    "BILL2": "P-  347",
    "C_CODE": "VG016",
    "DR": 127689.97,
    "_NullFlags": "b'\\x00'"
  },
  {
    "BILL2": "P-  348",
    "C_CODE": "VI020",
    "DR": 63592.92,
    "_NullFlags": "b'\\x00'"
  },
  {
    "BILL2": "P-  349",
    "C_CODE": "VG010",
    "DR": 58965.9,
    "_NullFlags": "b'\\x00'"
  },
  {
    "BILL2": "P-  350",
    "C_CODE": "VG010",
    "DR": 57687.5,
    "_NullFlags": "b'\\x00'"
  },
  {
    "BILL2": "P-  351",
    "C_CODE": "VG023",
    "DR": 13327.42,
    "_NullFlags": "b'\\x00'"
  },
  {
    "BILL2": "P-  352",
    "C_CODE": "VG016",
    "DR": 2040.92,
    "_NullFlags": "b'\\x00'"
  },
  {
    "BILL2": "P-  353",
    "C_CODE": "VG010",
    "DR": 6810.53,
    "_NullFlags": "b'\\x00'"
  },
  {
    "BILL2": "P-  354",
    "C_CODE": "VI010",
    "DR": 80940.6,
    "_NullFlags": "b'\\x00'"
  },
  {
    "BILL2": "P-  355",
    "C_CODE": "VG023",
    "DR": 8650.33,
    "_NullFlags": "b'\\x00'"
  },
  {
    "BILL2": "P-  356",
    "C_CODE": "VG010",
    "DR": 29200.89,
    "_NullFlags": "b'\\x00'"
  },
  {
    "BILL2": "P-  357",
    "C_CODE": "VG010",
    "DR": 59272.2,
    "_NullFlags": "b'\\x00'"
  },
  {
    "BILL2": "P-  358",
    "C_CODE": "VG014",
    "DR": 5358.69,
    "_NullFlags": "b'\\x00'"
  },
  {
    "BILL2": "P-  358",
    "C_CODE": "VG015",
    "DR": 1639.34,
    "_NullFlags": "b'\\x00'"
  },
  {
    "BILL2": "P-  358",
    "C_CODE": "VG016",
    "DR": 145434.52,
    "_NullFlags": "b'\\x00'"
  },
  {
    "BILL2": "P-  359",
    "C_CODE": "VI020",
    "DR": 1665.5,
    "_NullFlags": "b'\\x00'"
  },
  {
    "BILL2": "P-  360",
    "C_CODE": "VI020",
    "DR": 39590.12,
    "_NullFlags": "b'\\x00'"
  },
  {
    "BILL2": "P-  362",
    "C_CODE": "VI026",
    "DR": 30578.23,
    "_NullFlags": "b'\\x00'"
  },
  {
    "BILL2": "P-  363",
    "C_CODE": "VI026",
    "DR": 5915.35,
    "_NullFlags": "b'\\x00'"
  },
  {
    "BILL2": "P-  364",
    "C_CODE": "VI026",
    "DR": 8736.64,
    "_NullFlags": "b'\\x00'"
  },
  {
    "BILL2": "P-  365",
    "C_CODE": "VI026",
    "DR": 56744.27,
    "_NullFlags": "b'\\x00'"
  },
  {
    "BILL2": "P-  366",
    "C_CODE": "VG010",
    "DR": 12759.16,
    "_NullFlags": "b'\\x00'"
  },
  {
    "BILL2": "P-  367",
    "C_CODE": "VG023",
    "DR": 20813.64,
    "_NullFlags": "b'\\x00'"
  },
  {
    "BILL2": "P-  368",
    "C_CODE": "VG014",
    "DR": 737.14,
    "_NullFlags": "b'\\x00'"
  },
  {
    "BILL2": "P-  368",
    "C_CODE": "VG015",
    "DR": 552.86,
    "_NullFlags": "b'\\x00'"
  },
  {
    "BILL2": "P-  368",
    "C_CODE": "VG016",
    "DR": 10299.05,
    "_NullFlags": "b'\\x00'"
  },
  {
    "BILL2": "P-  369",
    "C_CODE": "VG027",
    "DR": 19807.83,
    "_NullFlags": "b'\\x00'"
  },
  {
    "BILL2": "P-  370",
    "C_CODE": "VG010",
    "DR": 61965,
    "_NullFlags": "b'\\x00'"
  },
  {
    "BILL2": "P-  371",
    "C_CODE": "VI020",
    "DR": 30289.93,
    "_NullFlags": "b'\\x00'"
  },
  {
    "BILL2": "P-  372",
    "C_CODE": "VG010",
    "DR": 62200,
    "_NullFlags": "b'\\x00'"
  },
  {
    "BILL2": "P-  373",
    "C_CODE": "VG014",
    "DR": 4872.53,
    "_NullFlags": "b'\\x00'"
  },
  {
    "BILL2": "P-  373",
    "C_CODE": "VG016",
    "DR": 151287.59,
    "_NullFlags": "b'\\x00'"
  },
  {
    "BILL2": "P-  374",
    "C_CODE": "VG014",
    "DR": 12303.78,
    "_NullFlags": "b'\\x00'"
  },
  {
    "BILL2": "P-  374",
    "C_CODE": "VG015",
    "DR": 984.36,
    "_NullFlags": "b'\\x00'"
  },
  {
    "BILL2": "P-  374",
    "C_CODE": "VG016",
    "DR": 181735.91,
    "_NullFlags": "b'\\x00'"
  },
  {
    "BILL2": "P-  375",
    "C_CODE": "VI010",
    "DR": 160430.25,
    "_NullFlags": "b'\\x00'"
  },
  {
    "BILL2": "P-  376",
    "C_CODE": "VG014",
    "DR": 1355.39,
    "_NullFlags": "b'\\x00'"
  },
  {
    "BILL2": "P-  376",
    "C_CODE": "VG016",
    "DR": 26308.98,
    "_NullFlags": "b'\\x00'"
  },
  {
    "BILL2": "P-  377",
    "C_CODE": "VG010",
    "DR": 60905,
    "_NullFlags": "b'\\x00'"
  },
  {
    "BILL2": "P-  378",
    "C_CODE": "VG023",
    "DR": 26817.09,
    "_NullFlags": "b'\\x00'"
  },
  {
    "BILL2": "P-  379",
    "C_CODE": "VG010",
    "DR": 57557.5,
    "_NullFlags": "b'\\x00'"
  },
  {
    "BILL2": "P-  380",
    "C_CODE": "VG014",
    "DR": 506.42,
    "_NullFlags": "b'\\x00'"
  },
  {
    "BILL2": "P-  380",
    "C_CODE": "VG015",
    "DR": 1616.68,
    "_NullFlags": "b'\\x00'"
  },
  {
    "BILL2": "P-  380",
    "C_CODE": "VG016",
    "DR": 26200.81,
    "_NullFlags": "b'\\x00'"
  },
  {
    "BILL2": "P-  381",
    "C_CODE": "VG014",
    "DR": 3798.16,
    "_NullFlags": "b'\\x00'"
  },
  {
    "BILL2": "P-  381",
    "C_CODE": "VG015",
    "DR": 217.34,
    "_NullFlags": "b'\\x00'"
  },
  {
    "BILL2": "P-  381",
    "C_CODE": "VG016",
    "DR": 970213.36,
    "_NullFlags": "b'\\x00'"
  },
  {
    "BILL2": "P-  382",
    "C_CODE": "VG014",
    "DR": 1315.59,
    "_NullFlags": "b'\\x00'"
  },
  {
    "BILL2": "P-  382",
    "C_CODE": "VG016",
    "DR": 12688.74,
    "_NullFlags": "b'\\x00'"
  },
  {
    "BILL2": "P-  383",
    "C_CODE": "VG016",
    "DR": 10488.34,
    "_NullFlags": "b'\\x00'"
  },
  {
    "BILL2": "P-  384",
    "C_CODE": "VG016",
    "DR": 10545.86,
    "_NullFlags": "b'\\x00'"
  },
  {
    "BILL2": "P-  385",
    "C_CODE": "VG016",
    "DR": 19129.46,
    "_NullFlags": "b'\\x00'"
  },
  {
    "BILL2": "P-  386",
    "C_CODE": "VG016",
    "DR": 10269.15,
    "_NullFlags": "b'\\x00'"
  },
  {
    "BILL2": "P-  387",
    "C_CODE": "VG016",
    "DR": 8099.34,
    "_NullFlags": "b'\\x00'"
  },
  {
    "BILL2": "P-  388",
    "C_CODE": "VG014",
    "DR": 563.94,
    "_NullFlags": "b'\\x00'"
  },
  {
    "BILL2": "P-  388",
    "C_CODE": "VG016",
    "DR": 15455.07,
    "_NullFlags": "b'\\x00'"
  },
  {
    "BILL2": "P-  389",
    "C_CODE": "VG016",
    "DR": 14998.97,
    "_NullFlags": "b'\\x00'"
  },
  {
    "BILL2": "P-  390",
    "C_CODE": "VG016",
    "DR": 20364.75,
    "_NullFlags": "b'\\x00'"
  },
  {
    "BILL2": "P-  391",
    "C_CODE": "VG016",
    "DR": 8099.34,
    "_NullFlags": "b'\\x00'"
  },
  {
    "BILL2": "P-  392",
    "C_CODE": "VG014",
    "DR": 366.32,
    "_NullFlags": "b'\\x00'"
  },
  {
    "BILL2": "P-  392",
    "C_CODE": "VG016",
    "DR": 17687.41,
    "_NullFlags": "b'\\x00'"
  },
  {
    "BILL2": "P-  393",
    "C_CODE": "VG016",
    "DR": 10627.48,
    "_NullFlags": "b'\\x00'"
  },
  {
    "BILL2": "P-  394",
    "C_CODE": "VG016",
    "DR": 2611.67,
    "_NullFlags": "b'\\x00'"
  },
  {
    "BILL2": "P-  395",
    "C_CODE": "VG014",
    "DR": 2574.71,
    "_NullFlags": "b'\\x00'"
  },
  {
    "BILL2": "P-  395",
    "C_CODE": "VG016",
    "DR": 4236.58,
    "_NullFlags": "b'\\x00'"
  },
  {
    "BILL2": "P-  396",
    "C_CODE": "VG016",
    "DR": 18325.26,
    "_NullFlags": "b'\\x00'"
  },
  {
    "BILL2": "P-  397",
    "C_CODE": "VG014",
    "DR": 1683.2,
    "_NullFlags": "b'\\x00'"
  },
  {
    "BILL2": "P-  397",
    "C_CODE": "VG016",
    "DR": 24572.47,
    "_NullFlags": "b'\\x00'"
  },
  {
    "BILL2": "P-  398",
    "C_CODE": "VG016",
    "DR": 47845.75,
    "_NullFlags": "b'\\x00'"
  },
  {
    "BILL2": "P-  399",
    "C_CODE": "VI026",
    "DR": 8736.64,
    "_NullFlags": "b'\\x00'"
  },
  {
    "BILL2": "P-  400",
    "C_CODE": "VI026",
    "DR": 11629.98,
    "_NullFlags": "b'\\x00'"
  },
  {
    "BILL2": "P-  401",
    "C_CODE": "VI026",
    "DR": 21212.44,
    "_NullFlags": "b'\\x00'"
  },
  {
    "BILL2": "P-  402",
    "C_CODE": "VG014",
    "DR": 5072.37,
    "_NullFlags": "b'\\x00'"
  },
  {
    "BILL2": "P-  402",
    "C_CODE": "VG015",
    "DR": 2323.61,
    "_NullFlags": "b'\\x00'"
  },
  {
    "BILL2": "P-  402",
    "C_CODE": "VG016",
    "DR": 116508,
    "_NullFlags": "b'\\x00'"
  },
  {
    "BILL2": "P-  403",
    "C_CODE": "VG010",
    "DR": 2994.95,
    "_NullFlags": "b'\\x00'"
  },
  {
    "BILL2": "P-  404",
    "C_CODE": "VG010",
    "DR": 62270,
    "_NullFlags": "b'\\x00'"
  },
  {
    "BILL2": "P-  405",
    "C_CODE": "VI026",
    "DR": 9574.14,
    "_NullFlags": "b'\\x00'"
  },
  {
    "BILL2": "P-  406",
    "C_CODE": "VG010",
    "DR": 62153.61,
    "_NullFlags": "b'\\x00'"
  },
  {
    "BILL2": "P-  407",
    "C_CODE": "VI020",
    "DR": 42095.25,
    "_NullFlags": "b'\\x00'"
  },
  {
    "BILL2": "P-  408",
    "C_CODE": "VG023",
    "DR": 1477.44,
    "_NullFlags": "b'\\x00'"
  },
  {
    "BILL2": "P-  409",
    "C_CODE": "VG010",
    "DR": 62270,
    "_NullFlags": "b'\\x00'"
  },
  {
    "BILL2": "P-  410",
    "C_CODE": "VI016",
    "DR": 208.98,
    "_NullFlags": "b'\\x00'"
  },
  {
    "BILL2": "P-  411",
    "C_CODE": "VI016",
    "DR": 228.82,
    "_NullFlags": "b'\\x00'"
  },
  {
    "BILL2": "P-  412",
    "C_CODE": "VG010",
    "DR": 63572,
    "_NullFlags": "b'\\x00'"
  },
  {
    "BILL2": "P-  413",
    "C_CODE": "VI010",
    "DR": 145726.95,
    "_NullFlags": "b'\\x00'"
  },
  {
    "BILL2": "P-  414",
    "C_CODE": "VG016",
    "DR": 4721.44,
    "_NullFlags": "b'\\x00'"
  },
  {
    "BILL2": "P-  415",
    "C_CODE": "VG014",
    "DR": 5291.94,
    "_NullFlags": "b'\\x00'"
  },
  {
    "BILL2": "P-  415",
    "C_CODE": "VG015",
    "DR": 1652.9,
    "_NullFlags": "b'\\x00'"
  },
  {
    "BILL2": "P-  415",
    "C_CODE": "VG016",
    "DR": 101809.68,
    "_NullFlags": "b'\\x00'"
  },
  {
    "BILL2": "P-  416",
    "C_CODE": "VG023",
    "DR": 30382.2,
    "_NullFlags": "b'\\x00'"
  },
  {
    "BILL2": "P-  417",
    "C_CODE": "VI020",
    "DR": 40895.31,
    "_NullFlags": "b'\\x00'"
  },
  {
    "BILL2": "P-  418",
    "C_CODE": "VI020",
    "DR": 5051.78,
    "_NullFlags": "b'\\x00'"
  },
  {
    "BILL2": "P-  419",
    "C_CODE": "VI020",
    "DR": 5342.3,
    "_NullFlags": "b'\\x00'"
  },
  {
    "BILL2": "P-  420",
    "C_CODE": "VI020",
    "DR": 3998.93,
    "_NullFlags": "b'\\x00'"
  },
  {
    "BILL2": "P-  421",
    "C_CODE": "VI020",
    "DR": 13730.17,
    "_NullFlags": "b'\\x00'"
  },
  {
    "BILL2": "P-  422",
    "C_CODE": "VI020",
    "DR": 12646.13,
    "_NullFlags": "b'\\x00'"
  },
  {
    "BILL2": "P-  423",
    "C_CODE": "VI020",
    "DR": 6922.64,
    "_NullFlags": "b'\\x00'"
  },
  {
    "BILL2": "P-  424",
    "C_CODE": "VG010",
    "DR": 63180,
    "_NullFlags": "b'\\x00'"
  },
  {
    "BILL2": "P-  425",
    "C_CODE": "VG023",
    "DR": 8883.59,
    "_NullFlags": "b'\\x00'"
  },
  {
    "BILL2": "P-  426",
    "C_CODE": "VG014",
    "DR": 8743.58,
    "_NullFlags": "b'\\x00'"
  },
  {
    "BILL2": "P-  426",
    "C_CODE": "VG015",
    "DR": 1716.19,
    "_NullFlags": "b'\\x00'"
  },
  {
    "BILL2": "P-  426",
    "C_CODE": "VG016",
    "DR": 115561.14,
    "_NullFlags": "b'\\x00'"
  },
  {
    "BILL2": "P-  427",
    "C_CODE": "VG010",
    "DR": 63180,
    "_NullFlags": "b'\\x00'"
  },
  {
    "BILL2": "P-  428",
    "C_CODE": "VI010",
    "DR": 143498.79,
    "_NullFlags": "b'\\x00'"
  },
  {
    "BILL2": "P-  429",
    "C_CODE": "VG027",
    "DR": 13459.31,
    "_NullFlags": "b'\\x00'"
  },
  {
    "BILL2": "P-  430",
    "C_CODE": "VG023",
    "DR": 17351.95,
    "_NullFlags": "b'\\x00'"
  },
  {
    "BILL2": "P-  431",
    "C_CODE": "VG010",
    "DR": 63444.5,
    "_NullFlags": "b'\\x00'"
  },
  {
    "BILL2": "P-  432",
    "C_CODE": "VI026",
    "DR": 7188.87,
    "_NullFlags": "b'\\x00'"
  },
  {
    "BILL2": "P-  433",
    "C_CODE": "VI026",
    "DR": 54829.44,
    "_NullFlags": "b'\\x00'"
  },
  {
    "BILL2": "P-  434",
    "C_CODE": "VI026",
    "DR": 17648.01,
    "_NullFlags": "b'\\x00'"
  },
  {
    "BILL2": "P-  435",
    "C_CODE": "VI020",
    "DR": 45433.26,
    "_NullFlags": "b'\\x00'"
  },
  {
    "BILL2": "P-  437",
    "C_CODE": "VG014",
    "DR": 7423.21,
    "_NullFlags": "b'\\x00'"
  },
  {
    "BILL2": "P-  437",
    "C_CODE": "VG016",
    "DR": 161991.94,
    "_NullFlags": "b'\\x00'"
  },
  {
    "BILL2": "P-  438",
    "C_CODE": "VI010",
    "DR": 77907.36,
    "_NullFlags": "b'\\x00'"
  },
  {
    "BILL2": "P-  440",
    "C_CODE": "VI020",
    "DR": 6350.36,
    "_NullFlags": "b'\\x00'"
  },
  {
    "BILL2": "P-  441",
    "C_CODE": "VI020",
    "DR": 24387.85,
    "_NullFlags": "b'\\x00'"
  },
  {
    "BILL2": "P-  442",
    "C_CODE": "VG010",
    "DR": 60515,
    "_NullFlags": "b'\\x00'"
  },
  {
    "BILL2": "P-  443",
    "C_CODE": "VG023",
    "DR": 2806.62,
    "_NullFlags": "b'\\x00'"
  },
  {
    "BILL2": "P-  444",
    "C_CODE": "VG010",
    "DR": 3271.15,
    "_NullFlags": "b'\\x00'"
  },
  {
    "BILL2": "P-  445",
    "C_CODE": "VI016",
    "DR": 347.04,
    "_NullFlags": "b'\\x00'"
  },
  {
    "BILL2": "P-  446",
    "C_CODE": "VG014",
    "DR": 14056.53,
    "_NullFlags": "b'\\x00'"
  },
  {
    "BILL2": "P-  446",
    "C_CODE": "VG015",
    "DR": 2066.01,
    "_NullFlags": "b'\\x00'"
  },
  {
    "BILL2": "P-  446",
    "C_CODE": "VG016",
    "DR": 86454.92,
    "_NullFlags": "b'\\x00'"
  },
  {
    "BILL2": "P-  447",
    "C_CODE": "VG023",
    "DR": 20246.82,
    "_NullFlags": "b'\\x00'"
  },
  {
    "BILL2": "P-  448",
    "C_CODE": "VI020",
    "DR": 39441.57,
    "_NullFlags": "b'\\x00'"
  },
  {
    "BILL2": "P-  449",
    "C_CODE": "VI026",
    "DR": 1462.17,
    "_NullFlags": "b'\\x00'"
  },
  {
    "BILL2": "P-  450",
    "C_CODE": "VI026",
    "DR": 34946.55,
    "_NullFlags": "b'\\x00'"
  },
  {
    "BILL2": "P-  451",
    "C_CODE": "VG016",
    "DR": 68443.31,
    "_NullFlags": "b'\\x00'"
  },
  {
    "BILL2": "P-  452",
    "C_CODE": "VG010",
    "DR": 61799,
    "_NullFlags": "b'\\x00'"
  },
  {
    "BILL2": "P-  453",
    "C_CODE": "VG014",
    "DR": 662.86,
    "_NullFlags": "b'\\x00'"
  },
  {
    "BILL2": "P-  453",
    "C_CODE": "VG016",
    "DR": 4805.08,
    "_NullFlags": "b'\\x00'"
  },
  {
    "BILL2": "P-  454",
    "C_CODE": "VI020",
    "DR": 949.23,
    "_NullFlags": "b'\\x00'"
  },
  {
    "BILL2": "P-  455",
    "C_CODE": "VI020",
    "DR": 52953.54,
    "_NullFlags": "b'\\x00'"
  },
  {
    "BILL2": "P-  456",
    "C_CODE": "VG016",
    "DR": 44165.76,
    "_NullFlags": "b'\\x00'"
  },
  {
    "BILL2": "P-  457",
    "C_CODE": "VG014",
    "DR": 16506.3,
    "_NullFlags": "b'\\x00'"
  },
  {
    "BILL2": "P-  457",
    "C_CODE": "VG016",
    "DR": 144553.82,
    "_NullFlags": "b'\\x00'"
  },
  {
    "BILL2": "P-  458",
    "C_CODE": "VG016",
    "DR": 91824.06,
    "_NullFlags": "b'\\x00'"
  },
  {
    "BILL2": "P-  459",
    "C_CODE": "VI010",
    "DR": 152808.25,
    "_NullFlags": "b'\\x00'"
  },
  {
    "BILL2": "P-  460",
    "C_CODE": "VG023",
    "DR": 26596.77,
    "_NullFlags": "b'\\x00'"
  },
  {
    "BILL2": "P-  461",
    "C_CODE": "VI020",
    "DR": 80880.68,
    "_NullFlags": "b'\\x00'"
  },
  {
    "BILL2": "P-  462",
    "C_CODE": "VG010",
    "DR": 57785,
    "_NullFlags": "b'\\x00'"
  },
  {
    "BILL2": "P-  463",
    "C_CODE": "VG010",
    "DR": 57785,
    "_NullFlags": "b'\\x00'"
  },
  {
    "BILL2": "P-  464",
    "C_CODE": "VG027",
    "DR": 12752.07,
    "_NullFlags": "b'\\x00'"
  },
  {
    "BILL2": "P-  465",
    "C_CODE": "VG023",
    "DR": 12351.09,
    "_NullFlags": "b'\\x00'"
  },
  {
    "BILL2": "P-  466",
    "C_CODE": "VG014",
    "DR": 7800.61,
    "_NullFlags": "b'\\x00'"
  },
  {
    "BILL2": "P-  466",
    "C_CODE": "VG015",
    "DR": 1345.29,
    "_NullFlags": "b'\\x00'"
  },
  {
    "BILL2": "P-  466",
    "C_CODE": "VG016",
    "DR": 69955.15,
    "_NullFlags": "b'\\x00'"
  },
  {
    "BILL2": "P-  467",
    "C_CODE": "VG010",
    "DR": 57789.5,
    "_NullFlags": "b'\\x00'"
  },
  {
    "BILL2": "P-  468",
    "C_CODE": "VG014",
    "DR": 1308.57,
    "_NullFlags": "b'\\x00'"
  },
  {
    "BILL2": "P-  469",
    "C_CODE": "VG016",
    "DR": 21452.03,
    "_NullFlags": "b'\\x00'"
  },
  {
    "BILL2": "P-  470",
    "C_CODE": "VG027",
    "DR": 69330.5,
    "_NullFlags": "b'\\x00'"
  },
  {
    "BILL2": "P-  471",
    "C_CODE": "VG023",
    "DR": 2806.62,
    "_NullFlags": "b'\\x00'"
  },
  {
    "BILL2": "P-  472",
    "C_CODE": "VG010",
    "DR": 7596.37,
    "_NullFlags": "b'\\x00'"
  },
  {
    "BILL2": "P-  473",
    "C_CODE": "VG010",
    "DR": 58880,
    "_NullFlags": "b'\\x00'"
  },
  {
    "BILL2": "P-  474",
    "C_CODE": "VG010",
    "DR": 9658.5,
    "_NullFlags": "b'\\x00'"
  },
  {
    "BILL2": "P-  475",
    "C_CODE": "VI026",
    "DR": 21841.6,
    "_NullFlags": "b'\\x00'"
  },
  {
    "BILL2": "P-  476",
    "C_CODE": "VI026",
    "DR": 4067.12,
    "_NullFlags": "b'\\x00'"
  },
  {
    "BILL2": "P-  477",
    "C_CODE": "VI026",
    "DR": 74758.04,
    "_NullFlags": "b'\\x00'"
  },
  {
    "BILL2": "P-  478",
    "C_CODE": "VG010",
    "DR": 6714.4,
    "_NullFlags": "b'\\x00'"
  },
  {
    "BILL2": "P-  479",
    "C_CODE": "VG010",
    "DR": 58331.25,
    "_NullFlags": "b'\\x00'"
  },
  {
    "BILL2": "P-  480",
    "C_CODE": "VG014",
    "DR": 7227.9,
    "_NullFlags": "b'\\x00'"
  },
  {
    "BILL2": "P-  480",
    "C_CODE": "VG015",
    "DR": 1960.62,
    "_NullFlags": "b'\\x00'"
  },
  {
    "BILL2": "P-  480",
    "C_CODE": "VG016",
    "DR": 110310.47,
    "_NullFlags": "b'\\x00'"
  },
  {
    "BILL2": "P-  481",
    "C_CODE": "VI020",
    "DR": 18898.4,
    "_NullFlags": "b'\\x00'"
  },
  {
    "BILL2": "P-  482",
    "C_CODE": "VI020",
    "DR": 4480.76,
    "_NullFlags": "b'\\x00'"
  },
  {
    "BILL2": "P-  483",
    "C_CODE": "VG014",
    "DR": 1314.29,
    "_NullFlags": "b'\\x00'"
  },
  {
    "BILL2": "P-  485",
    "C_CODE": "VG023",
    "DR": 12644.62,
    "_NullFlags": "b'\\x00'"
  },
  {
    "BILL2": "P-  486",
    "C_CODE": "VG010",
    "DR": 58207.5,
    "_NullFlags": "b'\\x00'"
  },
  {
    "BILL2": "P-  487",
    "C_CODE": "VG010",
    "DR": 12645.36,
    "_NullFlags": "b'\\x00'"
  },
  {
    "BILL2": "P-  488",
    "C_CODE": "VG014",
    "DR": 4837.92,
    "_NullFlags": "b'\\x00'"
  },
  {
    "BILL2": "P-  488",
    "C_CODE": "VG015",
    "DR": 357.64,
    "_NullFlags": "b'\\x00'"
  },
  {
    "BILL2": "P-  488",
    "C_CODE": "VG016",
    "DR": 86664.45,
    "_NullFlags": "b'\\x00'"
  },
  {
    "BILL2": "P-  489",
    "C_CODE": "VI010",
    "DR": 100787.44,
    "_NullFlags": "b'\\x00'"
  },
  {
    "BILL2": "P-  490",
    "C_CODE": "VG014",
    "DR": 1089.29,
    "_NullFlags": "b'\\x00'"
  },
  {
    "BILL2": "P-  491",
    "C_CODE": "VG010",
    "DR": 57677.9,
    "_NullFlags": "b'\\x00'"
  },
  {
    "BILL2": "P-  492",
    "C_CODE": "VG014",
    "DR": 1228.56,
    "_NullFlags": "b'\\x00'"
  },
  {
    "BILL2": "P-  492",
    "C_CODE": "VG016",
    "DR": 27717.87,
    "_NullFlags": "b'\\x00'"
  },
  {
    "BILL2": "P-  493",
    "C_CODE": "VG010",
    "DR": 58207.5,
    "_NullFlags": "b'\\x00'"
  },
  {
    "BILL2": "P-  494",
    "C_CODE": "VG014",
    "DR": 5649.49,
    "_NullFlags": "b'\\x00'"
  },
  {
    "BILL2": "P-  494",
    "C_CODE": "VG015",
    "DR": 1301.92,
    "_NullFlags": "b'\\x00'"
  },
  {
    "BILL2": "P-  494",
    "C_CODE": "VG016",
    "DR": 53500.43,
    "_NullFlags": "b'\\x00'"
  },
  {
    "BILL2": "P-  496",
    "C_CODE": "VI020",
    "DR": 6893.46,
    "_NullFlags": "b'\\x00'"
  },
  {
    "BILL2": "P-  497",
    "C_CODE": "VI020",
    "DR": 63613.88,
    "_NullFlags": "b'\\x00'"
  },
  {
    "BILL2": "P-  498",
    "C_CODE": "VG027",
    "DR": 24574.42,
    "_NullFlags": "b'\\x00'"
  },
  {
    "BILL2": "P-  499",
    "C_CODE": "VG010",
    "DR": 58689.75,
    "_NullFlags": "b'\\x00'"
  },
  {
    "BILL2": "P-  500",
    "C_CODE": "VG023",
    "DR": 28544.63,
    "_NullFlags": "b'\\x00'"
  },
  {
    "BILL2": "P-  501",
    "C_CODE": "VG023",
    "DR": 492.41,
    "_NullFlags": "b'\\x00'"
  },
  {
    "BILL2": "P-  502",
    "C_CODE": "VG010",
    "DR": 60515,
    "_NullFlags": "b'\\x00'"
  },
  {
    "BILL2": "P-  503",
    "C_CODE": "VG010",
    "DR": 10948.35,
    "_NullFlags": "b'\\x00'"
  },
  {
    "BILL2": "P-  504",
    "C_CODE": "VG010",
    "DR": 58695,
    "_NullFlags": "b'\\x00'"
  },
  {
    "BILL2": "P-  505",
    "C_CODE": "VG014",
    "DR": 11061.33,
    "_NullFlags": "b'\\x00'"
  },
  {
    "BILL2": "P-  505",
    "C_CODE": "VG016",
    "DR": 84097.84,
    "_NullFlags": "b'\\x00'"
  },
  {
    "BILL2": "P-  506",
    "C_CODE": "VG010",
    "DR": 60338.2,
    "_NullFlags": "b'\\x00'"
  },
  {
    "BILL2": "P-  507",
    "C_CODE": "VG010",
    "DR": 19476.93,
    "_NullFlags": "b'\\x00'"
  },
  {
    "BILL2": "P-  508",
    "C_CODE": "VI010",
    "DR": 126653.2,
    "_NullFlags": "b'\\x00'"
  },
  {
    "BILL2": "P-  509",
    "C_CODE": "VI026",
    "DR": 5241.98,
    "_NullFlags": "b'\\x00'"
  },
  {
    "BILL2": "P-  510",
    "C_CODE": "VI026",
    "DR": 48082.78,
    "_NullFlags": "b'\\x00'"
  },
  {
    "BILL2": "P-  511",
    "C_CODE": "VG014",
    "DR": 8824,
    "_NullFlags": "b'\\x00'"
  },
  {
    "BILL2": "P-  511",
    "C_CODE": "VG015",
    "DR": 1638.53,
    "_NullFlags": "b'\\x00'"
  },
  {
    "BILL2": "P-  511",
    "C_CODE": "VG016",
    "DR": 153759.26,
    "_NullFlags": "b'\\x00'"
  },
  {
    "BILL2": "P-  512",
    "C_CODE": "VG010",
    "DR": 60255,
    "_NullFlags": "b'\\x00'"
  },
  {
    "BILL2": "P-  513",
    "C_CODE": "VI020",
    "DR": 4959.6,
    "_NullFlags": "b'\\x00'"
  },
  {
    "BILL2": "P-  514",
    "C_CODE": "VI020",
    "DR": 31032.65,
    "_NullFlags": "b'\\x00'"
  },
  {
    "BILL2": "P-  515",
    "C_CODE": "VI020",
    "DR": 12692.16,
    "_NullFlags": "b'\\x00'"
  },
  {
    "BILL2": "P-  516",
    "C_CODE": "VI020",
    "DR": 28664.09,
    "_NullFlags": "b'\\x00'"
  },
  {
    "BILL2": "P-  517",
    "C_CODE": "VG027",
    "DR": 18762.62,
    "_NullFlags": "b'\\x00'"
  },
  {
    "BILL2": "P-  518",
    "C_CODE": "VG010",
    "DR": 6790.1,
    "_NullFlags": "b'\\x00'"
  },
  {
    "BILL2": "P-  519",
    "C_CODE": "VI026",
    "DR": 4067.12,
    "_NullFlags": "b'\\x00'"
  },
  {
    "BILL2": "P-  520",
    "C_CODE": "VI026",
    "DR": 13707.36,
    "_NullFlags": "b'\\x00'"
  },
  {
    "BILL2": "P-  521",
    "C_CODE": "VI026",
    "DR": 7089.38,
    "_NullFlags": "b'\\x00'"
  },
  {
    "BILL2": "P-  522",
    "C_CODE": "VI026",
    "DR": 29529.84,
    "_NullFlags": "b'\\x00'"
  }
]