[
  {
    "HUNIT": "BAG-BAG",
    "ACTIVE": "Y",
    "_NullFlags": "b'\\x00'"
  },
  {
    "HUNIT": "BKL-BUCKLES",
    "ACTIVE": "",
    "_NullFlags": "b'\\x00'"
  },
  {
    "HUNIT": "BOU-BOU",
    "ACTIVE": "",
    "_NullFlags": "b'\\x00'"
  },
  {
    "HUNIT": "BOX-BOX",
    "ACTIVE": "Y",
    "_NullFlags": "b'\\x00'"
  },
  {
    "HUNIT": "BTL-BOTTLES",
    "ACTIVE": "",
    "_NullFlags": "b'\\x00'"
  },
  {
    "HUNIT": "BUN-BUNCHES",
    "ACTIVE": "",
    "_NullFlags": "b'\\x00'"
  },
  {
    "HUNIT": "CBM-CUBIC METER",
    "ACTIVE": "",
    "_NullFlags": "b'\\x00'"
  },
  {
    "HUNIT": "CCM-CUBIC CENTIMETER",
    "ACTIVE": "",
    "_NullFlags": "b'\\x00'"
  },
  {
    "HUNIT": "CIN-CUBIC INCHES",
    "ACTIVE": "",
    "_NullFlags": "b'\\x00'"
  },
  {
    "HUNIT": "CMS-CENTIMETER",
    "ACTIVE": "",
    "_NullFlags": "b'\\x00'"
  },
  {
    "HUNIT": "CQM-CUBIC METERS",
    "ACTIVE": "",
    "_NullFlags": "b'\\x00'"
  },
  {
    "HUNIT": "CTN-CARTON",
    "ACTIVE": "Y",
    "_NullFlags": "b'\\x00'"
  },
  {
    "HUNIT": "DOZ-DOZEN",
    "ACTIVE": "",
    "_NullFlags": "b'\\x00'"
  },
  {
    "HUNIT": "DRM-DRUM",
    "ACTIVE": "",
    "_NullFlags": "b'\\x00'"
  },
  {
    "HUNIT": "FTS-FEET",
    "ACTIVE": "",
    "_NullFlags": "b'\\x00'"
  },
  {
    "HUNIT": "GGR-GREAT GROSS",
    "ACTIVE": "",
    "_NullFlags": "b'\\x00'"
  },
  {
    "HUNIT": "GMS-GRAMS",
    "ACTIVE": "",
    "_NullFlags": "b'\\x00'"
  },
  {
    "HUNIT": "GRS-GROSS",
    "ACTIVE": "",
    "_NullFlags": "b'\\x00'"
  },
  {
    "HUNIT": "GYD-GROSS YARDS",
    "ACTIVE": "",
    "_NullFlags": "b'\\x00'"
  },
  {
    "HUNIT": "HKS-HANKS",
    "ACTIVE": "",
    "_NullFlags": "b'\\x00'"
  },
  {
    "HUNIT": "INC-INCHES",
    "ACTIVE": "",
    "_NullFlags": "b'\\x00'"
  },
  {
    "HUNIT": "KGS-Kilograms",
    "ACTIVE": "Y",
    "_NullFlags": "b'\\x00'"
  },
  {
    "HUNIT": "KLR-KILOLITER",
    "ACTIVE": "",
    "_NullFlags": "b'\\x00'"
  },
  {
    "HUNIT": "KME-KILOMETERS",
    "ACTIVE": "",
    "_NullFlags": "b'\\x00'"
  },
  {
    "HUNIT": "LBS-POUNDS",
    "ACTIVE": "",
    "_NullFlags": "b'\\x00'"
  },
  {
    "HUNIT": "LOT-LOTS",
    "ACTIVE": "",
    "_NullFlags": "b'\\x00'"
  },
  {
    "HUNIT": "LTR-LITERS",
    "ACTIVE": "Y",
    "_NullFlags": "b'\\x00'"
  },
  {
    "HUNIT": "MGS-MILLI GRAMS",
    "ACTIVE": "",
    "_NullFlags": "b'\\x00'"
  },
  {
    "HUNIT": "MTR-METER",
    "ACTIVE": "",
    "_NullFlags": "b'\\x00'"
  },
  {
    "HUNIT": "MTS-METRIC TON",
    "ACTIVE": "",
    "_NullFlags": "b'\\x00'"
  },
  {
    "HUNIT": "NOS-Numbers",
    "ACTIVE": "Y",
    "_NullFlags": "b'\\x00'"
  },
  {
    "HUNIT": "ODD-ODDS",
    "ACTIVE": "",
    "_NullFlags": "b'\\x00'"
  },
  {
    "HUNIT": "PAC-PACKS",
    "ACTIVE": "",
    "_NullFlags": "b'\\x00'"
  },
  {
    "HUNIT": "PCS-Pieces",
    "ACTIVE": "Y",
    "_NullFlags": "b'\\x00'"
  },
  {
    "HUNIT": "PRS-PAIRS",
    "ACTIVE": "",
    "_NullFlags": "b'\\x00'"
  },
  {
    "HUNIT": "QTL-QUINTAL",
    "ACTIVE": "",
    "_NullFlags": "b'\\x00'"
  },
  {
    "HUNIT": "ROL-ROLLS",
    "ACTIVE": "",
    "_NullFlags": "b'\\x00'"
  },
  {
    "HUNIT": "SDM-DECAMETER SQUARE",
    "ACTIVE": "",
    "_NullFlags": "b'\\x00'"
  },
  {
    "HUNIT": "SET-SETS",
    "ACTIVE": "",
    "_NullFlags": "b'\\x00'"
  },
  {
    "HUNIT": "SHT-SHEETS",
    "ACTIVE": "",
    "_NullFlags": "b'\\x00'"
  },
  {
    "HUNIT": "SQF-SQUARE FEET",
    "ACTIVE": "",
    "_NullFlags": "b'\\x00'"
  },
  {
    "HUNIT": "SQI-SQUARE INCHES",
    "ACTIVE": "",
    "_NullFlags": "b'\\x00'"
  },
  {
    "HUNIT": "SQM-SQUARE METER",
    "ACTIVE": "",
    "_NullFlags": "b'\\x00'"
  },
  {
    "HUNIT": "SQY-SQUARE YARDS",
    "ACTIVE": "",
    "_NullFlags": "b'\\x00'"
  },
  {
    "HUNIT": "TBS-TABLETS",
    "ACTIVE": "",
    "_NullFlags": "b'\\x00'"
  },
  {
    "HUNIT": "THD-THOUSANDS",
    "ACTIVE": "",
    "_NullFlags": "b'\\x00'"
  },
  {
    "HUNIT": "TOL-TOLA",
    "ACTIVE": "",
    "_NullFlags": "b'\\x00'"
  },
  {
    "HUNIT": "TON-GREAT BRITAIN TON",
    "ACTIVE": "",
    "_NullFlags": "b'\\x00'"
  },
  {
    "HUNIT": "TUB-TUBES",
    "ACTIVE": "",
    "_NullFlags": "b'\\x00'"
  },
  {
    "HUNIT": "UGS-US GALLONS",
    "ACTIVE": "",
    "_NullFlags": "b'\\x00'"
  },
  {
    "HUNIT": "UNT-UNITS",
    "ACTIVE": "Y",
    "_NullFlags": "b'\\x00'"
  },
  {
    "HUNIT": "VLS-Vials",
    "ACTIVE": "",
    "_NullFlags": "b'\\x00'"
  },
  {
    "HUNIT": "YDS-YARDS",
    "ACTIVE": "",
    "_NullFlags": "b'\\x00'"
  }
]