[
  {
    "UNIT": "BAG",
    "DESCRIP": "BAGS"
  },
  {
    "UNIT": "BAL",
    "DESCRIP": "BALE"
  },
  {
    "UNIT": "BDL",
    "DESCRIP": "BUNDLES"
  },
  {
    "UNIT": "BGS",
    "DESCRIP": "BAGS"
  },
  {
    "UNIT": "BKL",
    "DESCRIP": "BUCKLES"
  },
  {
    "UNIT": "BND",
    "DESCRIP": "BUNDLES"
  },
  {
    "UNIT": "BOU",
    "DESCRIP": "BILLION OF UNITS"
  },
  {
    "UNIT": "BOX",
    "DESCRIP": "BOX"
  },
  {
    "UNIT": "BTL",
    "DESCRIP": "BOTTLES"
  },
  {
    "UNIT": "BUN",
    "DESCRIP": "BUNCHES"
  },
  {
    "UNIT": "CAN",
    "DESCRIP": "CANS"
  },
  {
    "UNIT": "CBM",
    "DESCRIP": "CUBIC METERS"
  },
  {
    "UNIT": "CCM",
    "DESCRIP": "CUBIC CENTIMETERS"
  },
  {
    "UNIT": "CMS",
    "DESCRIP": "CENTI METERS"
  },
  {
    "UNIT": "CTN",
    "DESCRIP": "CARTONS"
  },
  {
    "UNIT": "DOZ",
    "DESCRIP": "DOZENS"
  },
  {
    "UNIT": "DRM",
    "DESCRIP": "DRUMS"
  },
  {
    "UNIT": "DZN",
    "DESCRIP": "DOZENS"
  },
  {
    "UNIT": "GGK",
    "DESCRIP": "GREAT GROSS"
  },
  {
    "UNIT": "GMS",
    "DESCRIP": "GRAMMES"
  },
  {
    "UNIT": "GRS",
    "DESCRIP": "GROSS"
  },
  {
    "UNIT": "GYD",
    "DESCRIP": "GROSS YARDS"
  },
  {
    "UNIT": "KGS",
    "DESCRIP": "KILOGRAMS"
  },
  {
    "UNIT": "KLR",
    "DESCRIP": "KILOLITRE"
  },
  {
    "UNIT": "KME",
    "DESCRIP": "KILOMETRE"
  },
  {
    "UNIT": "KMS",
    "DESCRIP": "KILO METERS"
  },
  {
    "UNIT": "LTR",
    "DESCRIP": "LITER"
  },
  {
    "UNIT": "MLS",
    "DESCRIP": "MILLI LITRES"
  },
  {
    "UNIT": "MLT",
    "DESCRIP": "MILILITRE"
  },
  {
    "UNIT": "MTR",
    "DESCRIP": "METERS"
  },
  {
    "UNIT": "MTS",
    "DESCRIP": "METRIC TON"
  },
  {
    "UNIT": "NOS",
    "DESCRIP": "NUMBERS"
  },
  {
    "UNIT": "OTH",
    "DESCRIP": "OTHERS"
  },
  {
    "UNIT": "PAC",
    "DESCRIP": "PACKS"
  },
  {
    "UNIT": "PAR",
    "DESCRIP": "PAIRS"
  },
  {
    "UNIT": "PCS",
    "DESCRIP": "PIECES"
  },
  {
    "UNIT": "PRS",
    "DESCRIP": "PAIRS"
  },
  {
    "UNIT": "QTL",
    "DESCRIP": "QUINTAL"
  },
  {
    "UNIT": "QTS",
    "DESCRIP": "QUINTALS"
  },
  {
    "UNIT": "ROL",
    "DESCRIP": "ROLLS"
  },
  {
    "UNIT": "SET",
    "DESCRIP": "SETS"
  },
  {
    "UNIT": "SNO",
    "DESCRIP": "THOUSAND NUMBERS/UNITS"
  },
  {
    "UNIT": "SQF",
    "DESCRIP": "SQUARE FEET"
  },
  {
    "UNIT": "SQM",
    "DESCRIP": "SQUARE METERS"
  },
  {
    "UNIT": "SQY",
    "DESCRIP": "SQUARE YARDS"
  },
  {
    "UNIT": "TBS",
    "DESCRIP": "TABLETS"
  },
  {
    "UNIT": "TGM",
    "DESCRIP": "TEN GROSS"
  },
  {
    "UNIT": "THD",
    "DESCRIP": "THOUSANDS"
  },
  {
    "UNIT": "TON",
    "DESCRIP": "TONNES"
  },
  {
    "UNIT": "TUB",
    "DESCRIP": "TUBES"
  },
  {
    "UNIT": "UGS",
    "DESCRIP": "US GALLONS"
  },
  {
    "UNIT": "UNT",
    "DESCRIP": "UNITS"
  },
  {
    "UNIT": "YDS",
    "DESCRIP": "YARDS"
  }
]