[
  {
    "FORMAT": "X",
    "DETAIL": "Customized Format",
    "SINGLEPAGE": "",
    "MULTPAGE": "",
    "": "",
    "_deleted": false
  },
  {
    "FORMAT": "A",
    "DETAIL": "Regular Invoice",
    "SINGLEPAGE": "A_INV02",
    "MULTPAGE": "A_INV01",
    "": "",
    "_deleted": false
  },
  {
    "FORMAT": "B",
    "DETAIL": "Sr.No. in 1st Column",
    "SINGLEPAGE": "B_INV02",
    "MULTPAGE": "B_INV01",
    "": "",
    "_deleted": false
  },
  {
    "FORMAT": "C",
    "DETAIL": "Small Bill in A4 page",
    "SINGLEPAGE": "INVSLIP02",
    "MULTPAGE": "INVSLIP02",
    "": "",
    "_deleted": false
  },
  {
    "FORMAT": "D",
    "DETAIL": "Regular Invoice Long Name & No Logo",
    "SINGLEPAGE": "D_INV02",
    "MULTPAGE": "D_INV01",
    "": "",
    "_deleted": false
  },
  {
    "FORMAT": "E",
    "DETAIL": "Shows Q/R/A/Dis in Bill",
    "SINGLEPAGE": "E_INV02",
    "MULTPAGE": "E_INV01",
    "": "",
    "_deleted": false
  },
  {
    "FORMAT": "F",
    "DETAIL": "Show Taxable/Net Amt after Dis/CD/Sch.",
    "SINGLEPAGE": "F_INV02",
    "MULTPAGE": "F_INV01",
    "": "",
    "_deleted": false
  },
  {
    "FORMAT": "G",
    "DETAIL": "E Invoice Format",
    "SINGLEPAGE": "EINV02",
    "MULTPAGE": "EINV01",
    "": "",
    "_deleted": false
  },
  {
    "FORMAT": "H",
    "DETAIL": "Show Batch No. & Exp",
    "SINGLEPAGE": "H_INV02",
    "MULTPAGE": "H_INV01",
    "": "",
    "_deleted": false
  },
  {
    "FORMAT": "I",
    "DETAIL": "All discounts inluded in Net Rate",
    "SINGLEPAGE": "I_INV02",
    "MULTPAGE": "I_INV01",
    "": "",
    "_deleted": false
  },
  {
    "FORMAT": "J",
    "DETAIL": "Counter FORMAT",
    "SINGLEPAGE": "J_INV02",
    "MULTPAGE": "J_INV02",
    "": "",
    "_deleted": false
  },
  {
    "FORMAT": "K",
    "DETAIL": "Agriculture Format",
    "SINGLEPAGE": "CH_INV02",
    "MULTPAGE": "CH_INV02",
    "": "",
    "_deleted": false
  },
  {
    "FORMAT": "L",
    "DETAIL": "Basic Rate Billing Format",
    "SINGLEPAGE": "L_INV02",
    "MULTPAGE": "L_INV01",
    "": "",
    "_deleted": false
  },
  {
    "FORMAT": "M",
    "DETAIL": "Garment Format",
    "SINGLEPAGE": "M_INV02",
    "MULTPAGE": "M_INV01",
    "": "",
    "_deleted": false
  },
  {
    "FORMAT": "N",
    "DETAIL": "Bill Composition Format",
    "SINGLEPAGE": "N_INV02",
    "MULTPAGE": "N_INV01",
    "": "",
    "_deleted": false
  },
  {
    "FORMAT": "O",
    "DETAIL": "A4 Format W/O Fr.Sch & Longer Name",
    "SINGLEPAGE": "OFORMAT",
    "MULTPAGE": "OFORMAT",
    "": "",
    "_deleted": false
  },
  {
    "FORMAT": "P",
    "DETAIL": "Show Make Model Format",
    "SINGLEPAGE": "P_INV02",
    "MULTPAGE": "P_INV01",
    "": "",
    "_deleted": false
  },
  {
    "FORMAT": "Q",
    "DETAIL": "Agriculture Shop Format",
    "SINGLEPAGE": "AGR02",
    "MULTPAGE": "AGR01",
    "": "",
    "_deleted": false
  },
  {
    "FORMAT": "R",
    "DETAIL": "Two Side by Side Format",
    "SINGLEPAGE": "2SIDE02",
    "MULTPAGE": "2SIDE01",
    "": "",
    "_deleted": false
  },
  {
    "FORMAT": "S",
    "DETAIL": "Batch No., Basic Rate Format",
    "SINGLEPAGE": "BATCH_INV02",
    "MULTPAGE": "BATCH_INV01",
    "": "",
    "_deleted": false
  },
  {
    "FORMAT": "T",
    "DETAIL": "BASIC Rate Fomrat - Electricals",
    "SINGLEPAGE": "T_INV02",
    "MULTPAGE": "T_INV01",
    "": "",
    "_deleted": false
  },
  {
    "FORMAT": "U",
    "DETAIL": "Pharma (Net Rate Billing)",
    "SINGLEPAGE": "PHARMA_INV02",
    "MULTPAGE": "PHARMA_INV01",
    "": "",
    "_deleted": false
  },
  {
    "FORMAT": "V",
    "DETAIL": "Pharma (Basic Rate billing)",
    "SINGLEPAGE": "PHARMA_B02",
    "MULTPAGE": "PHARMA_B01",
    "": "",
    "_deleted": false
  },
  {
    "FORMAT": "W",
    "DETAIL": "Cess Billng Format",
    "SINGLEPAGE": "INVCESS02",
    "MULTPAGE": "INVCESS01",
    "": "",
    "_deleted": false
  },
  {
    "FORMAT": "Y",
    "DETAIL": "Simple Format Valley Compueters",
    "SINGLEPAGE": "Y_INV02",
    "MULTPAGE": "Y_INV01",
    "": "",
    "_deleted": false
  },
  {
    "FORMAT": "Z",
    "DETAIL": "Runs Custom .prg File from Setup   )",
    "SINGLEPAGE": "",
    "MULTPAGE": "",
    "": "",
    "_deleted": false
  },
  {
    "FORMAT": "0",
    "DETAIL": "Grain Retail Format",
    "SINGLEPAGE": "G_INV02",
    "MULTPAGE": "G_INV01",
    "": "",
    "_deleted": false
  },
  {
    "FORMAT": "1",
    "DETAIL": "Counter File Format( Shubham Seoni)",
    "SINGLEPAGE": "JE_INV02",
    "MULTPAGE": "JE_INV01",
    "": "",
    "_deleted": false
  },
  {
    "FORMAT": "2",
    "DETAIL": "Fertilizer Format",
    "SINGLEPAGE": "FR_INV02",
    "MULTPAGE": "FR_INV01",
    "": "",
    "_deleted": false
  },
  {
    "FORMAT": "3",
    "DETAIL": "Simple Estimate Format (Without GST)",
    "SINGLEPAGE": "Z_INV02",
    "MULTPAGE": "Z_INV01",
    "": "",
    "_deleted": false
  },
  {
    "FORMAT": "4",
    "DETAIL": "Regular A4 Invoice Big FONT (Ashish)",
    "SINGLEPAGE": "ASHINV02",
    "MULTPAGE": "ASHINV01",
    "": "",
    "_deleted": false
  },
  {
    "FORMAT": "5",
    "DETAIL": "Estimate Format on A5 ( Q/ R / Amt",
    "SINGLEPAGE": "ESTINV02",
    "MULTPAGE": "ESTINV01",
    "": "",
    "_deleted": false
  },
  {
    "FORMAT": "6",
    "DETAIL": "Grain Billing Format",
    "SINGLEPAGE": "GN_INV02",
    "MULTPAGE": "GN_INV01",
    "": "",
    "_deleted": false
  },
  {
    "FORMAT": "7",
    "DETAIL": "Invoice With HSN Summary Format A Type",
    "SINGLEPAGE": "7_INV02",
    "MULTPAGE": "7_INV01",
    "": "",
    "_deleted": false
  },
  {
    "FORMAT": "8",
    "DETAIL": "Invoice Shubham with Batch,Exp",
    "SINGLEPAGE": "8_INV02",
    "MULTPAGE": "8_INV01",
    "": "",
    "_deleted": false
  },
  {
    "FORMAT": "9",
    "DETAIL": "Invoice Showing carting/Ham etc",
    "SINGLEPAGE": "IG_INV02",
    "MULTPAGE": "IG_INV01",
    "": "",
    "_deleted": false
  },
  {
    "FORMAT": "*",
    "DETAIL": "Invoice WITH UPI QR",
    "SINGLEPAGE": "QR_INV02",
    "MULTPAGE": "QR_INV01",
    "": "",
    "_deleted": false
  },
  {
    "FORMAT": "@",
    "DETAIL": "3 Inch Thermal",
    "SINGLEPAGE": "INVSLIP_3Twg",
    "MULTPAGE": "INVSLIP_3Twg",
    "": "",
    "_deleted": false
  },
  {
    "FORMAT": "#",
    "DETAIL": "A4 Format (Machinery)",
    "SINGLEPAGE": "A4MACH",
    "MULTPAGE": "A4MACH",
    "": "",
    "_deleted": false
  },
  {
    "FORMAT": "$",
    "DETAIL": "Sm Marketing",
    "SINGLEPAGE": "SM_INV02",
    "MULTPAGE": "SM_INV01",
    "": "",
    "_deleted": false
  },
  {
    "FORMAT": "%",
    "DETAIL": "SGST / CGST Showing  Format A4/2",
    "SINGLEPAGE": "SCGST_A02",
    "MULTPAGE": "SCGST_A01",
    "": "",
    "_deleted": false
  },
  {
    "FORMAT": "&",
    "DETAIL": "5 Products in 1 line with amount only",
    "SINGLEPAGE": "SINDH_A02",
    "MULTPAGE": "SINDH_A01",
    "": "",
    "_deleted": false
  },
  {
    "FORMAT": "^",
    "DETAIL": "6 Quatation",
    "SINGLEPAGE": "q_inv02",
    "MULTPAGE": "q_inv01",
    "": "",
    "_deleted": false
  },
  {
    "FORMAT": "A1",
    "DETAIL": "Chirag",
    "SINGLEPAGE": "CHIRAG_INV02",
    "MULTPAGE": "CHIRAG_INV01",
    "": "",
    "_deleted": false
  },
  {
    "FORMAT": "A2",
    "DETAIL": "Plastic Estimate",
    "SINGLEPAGE": "PLASTIC_02",
    "MULTPAGE": "PLASTIC_01",
    "": "",
    "_deleted": false
  },
  {
    "FORMAT": "A3",
    "DETAIL": "Plastic GST Billing",
    "SINGLEPAGE": "bplast_inv02",
    "MULTPAGE": "bplast_inv01",
    "": "",
    "_deleted": false
  },
  {
    "FORMAT": "A4",
    "DETAIL": "Regular Format with Round CD",
    "SINGLEPAGE": "A4_INV02",
    "MULTPAGE": "A4_INV01",
    "": "",
    "_deleted": false
  },
  {
    "FORMAT": "A5",
    "DETAIL": "Regular Format with Border & Amount in W",
    "SINGLEPAGE": "A5_INV02",
    "MULTPAGE": "A5_INV01",
    "": "",
    "_deleted": false
  },
  {
    "FORMAT": "A6",
    "DETAIL": "Basic Billing Format Part detail 3 colum",
    "SINGLEPAGE": "A6_INV02",
    "MULTPAGE": "A6_INV01",
    "": "",
    "_deleted": false
  },
  {
    "FORMAT": "A7",
    "DETAIL": "Simple Format with Gst and without free",
    "SINGLEPAGE": "A7_INV02",
    "MULTPAGE": "A7_INV01",
    "": "",
    "_deleted": false
  },
  {
    "FORMAT": "A8",
    "DETAIL": "Quatation with basic rate,gst,hsn",
    "SINGLEPAGE": "q_inv03",
    "MULTPAGE": "q_inv04",
    "": "",
    "_deleted": false
  },
  {
    "FORMAT": "A9",
    "DETAIL": "A4 with basic rate,gst,hsn",
    "SINGLEPAGE": "a9_inv02",
    "MULTPAGE": "a9_inv01",
    "": "",
    "_deleted": false
  },
  {
    "FORMAT": "AA",
    "DETAIL": "Jwellery Billing Format",
    "SINGLEPAGE": "JWL_INV02",
    "MULTPAGE": "JWL_INV01",
    "": "",
    "_deleted": false
  }
]