[
  {
    "C_CODE": "ME",
    "C_NAME": "CHAVI MATCHES",
    "SH_NAME": "",
    "ENTNO": null,
    "": "",
    "_deleted": false
  },
  {
    "C_CODE": "MK",
    "C_NAME": "MAHAKOSH OIL & VANASPATI",
    "SH_NAME": "",
    "ENTNO": null,
    "": "",
    "_deleted": false
  },
  {
    "C_CODE": "DS",
    "C_NAME": "Display",
    "SH_NAME": "",
    "ENTNO": null,
    "": "",
    "_deleted": false
  },
  {
    "C_CODE": "CN",
    "C_NAME": "CREDIT NOTE",
    "SH_NAME": "",
    "ENTNO": null,
    "": "",
    "_deleted": false
  },
  {
    "C_CODE": "AC",
    "C_NAME": "ACC LTD",
    "SH_NAME": "",
    "ENTNO": null,
    "": "",
    "_deleted": false
  },
  {
    "C_CODE": "HL",
    "C_NAME": "HINDUSTAN UNILIVER LTD",
    "SH_NAME": "",
    "ENTNO": null,
    "": "",
    "_deleted": false
  },
  {
    "C_CODE": "SM",
    "C_NAME": "SURAJ ENTERPRISES SOHAGPUR",
    "SH_NAME": "",
    "ENTNO": null,
    "": "",
    "_deleted": false
  },
  {
    "C_CODE": "KS",
    "C_NAME": "KESHAV INDUSTRIES PVT LTD",
    "SH_NAME": "",
    "ENTNO": null,
    "": "",
    "_deleted": false
  },
  {
    "C_CODE": "GA",
    "C_NAME": "GUJRAT AMBUJA EXPORTS LTD",
    "SH_NAME": "",
    "ENTNO": null,
    "": "",
    "_deleted": false
  },
  {
    "C_CODE": "GJ",
    "C_NAME": "GODREJ CONSUMER PRODUCTS LTD",
    "SH_NAME": "",
    "ENTNO": null,
    "": "",
    "_deleted": false
  },
  {
    "C_CODE": "KK",
    "C_NAME": "DEY'S MEDICAL (U.P) PVT LTD",
    "SH_NAME": "",
    "ENTNO": null,
    "": "",
    "_deleted": false
  },
  {
    "C_CODE": "MA",
    "C_NAME": "MANOHARBHAI AMBALAL",
    "SH_NAME": "",
    "ENTNO": null,
    "": "",
    "_deleted": false
  },
  {
    "C_CODE": "PA",
    "C_NAME": "PANASONIC ENERGY INDIA CO LTD",
    "SH_NAME": "",
    "ENTNO": null,
    "": "",
    "_deleted": false
  },
  {
    "C_CODE": "H1",
    "C_NAME": "HUL",
    "SH_NAME": "",
    "ENTNO": 1,
    "": "",
    "_deleted": false
  },
  {
    "C_CODE": "TX",
    "C_NAME": "TCS",
    "SH_NAME": "",
    "ENTNO": null,
    "": "",
    "_deleted": false
  },
  {
    "C_CODE": "AD",
    "C_NAME": "ADANI WILMAR LTD",
    "SH_NAME": "",
    "ENTNO": 3,
    "": "",
    "_deleted": false
  },
  {
    "C_CODE": "DA",
    "C_NAME": "BUNGE INDIA PVT LTD",
    "SH_NAME": "",
    "ENTNO": 4,
    "": "",
    "_deleted": false
  },
  {
    "C_CODE": "H2",
    "C_NAME": "HUL2",
    "SH_NAME": "",
    "ENTNO": 5,
    "": "",
    "_deleted": false
  },
  {
    "C_CODE": "H3",
    "C_NAME": "HUL3",
    "SH_NAME": "",
    "ENTNO": 6,
    "": "",
    "_deleted": false
  },
  {
    "C_CODE": "WP",
    "C_NAME": "WIPRO CONSUMER",
    "SH_NAME": "",
    "ENTNO": 7,
    "": "",
    "_deleted": false
  },
  {
    "C_CODE": "G1",
    "C_NAME": "GODREJ 1",
    "SH_NAME": "",
    "ENTNO": 8,
    "": "",
    "_deleted": false
  },
  {
    "C_CODE": "OT",
    "C_NAME": "OTHERS",
    "SH_NAME": "",
    "ENTNO": 9,
    "": "",
    "_deleted": false
  },
  {
    "C_CODE": "CK",
    "C_NAME": "CHECK TEST",
    "SH_NAME": "",
    "ENTNO": 10,
    "": "",
    "_deleted": false
  }
]