[
  {
    "FNAME": "ADD.DBF",
    "": "",
    "_deleted": false
  },
  {
    "FNAME": "ADDBILL.DBF",
    "": "",
    "_deleted": false
  },
  {
    "FNAME": "BANK.DBF",
    "": "",
    "_deleted": false
  },
  {
    "FNAME": "BANKDTL.DBF",
    "": "",
    "_deleted": false
  },
  {
    "FNAME": "BAROPT.DBF",
    "": "",
    "_deleted": false
  },
  {
    "FNAME": "BEATRATE.DBF",
    "": "",
    "_deleted": false
  },
  {
    "FNAME": "BILL.DBF",
    "": "",
    "_deleted": false
  },
  {
    "FNAME": "BILLDTL.DBF",
    "": "",
    "_deleted": false
  },
  {
    "FNAME": "BILLFMT.DBF",
    "": "",
    "_deleted": false
  },
  {
    "FNAME": "BILLPAY.DBF",
    "": "",
    "_deleted": false
  },
  {
    "FNAME": "BILLSET.DBF",
    "": "",
    "_deleted": false
  },
  {
    "FNAME": "BOM.DBF",
    "": "",
    "_deleted": false
  },
  {
    "FNAME": "BOMDTL.DBF",
    "": "",
    "_deleted": false
  },
  {
    "FNAME": "BOOKING.DBF",
    "": "",
    "_deleted": false
  },
  {
    "FNAME": "CASH.DBF",
    "": "",
    "_deleted": false
  },
  {
    "FNAME": "CBAL.DBF",
    "": "",
    "_deleted": false
  },
  {
    "FNAME": "CHANGES.DBF",
    "": "",
    "_deleted": false
  },
  {
    "FNAME": "CMPL.DBF",
    "": "",
    "_deleted": false
  },
  {
    "FNAME": "COMPANY.DBF",
    "": "",
    "_deleted": false
  },
  {
    "FNAME": "CRN.DBF",
    "": "",
    "_deleted": false
  },
  {
    "FNAME": "CRNDTL.DBF",
    "": "",
    "_deleted": false
  },
  {
    "FNAME": "CUST_CAT.DBF",
    "": "",
    "_deleted": false
  },
  {
    "FNAME": "DBFILE.DBF",
    "": "",
    "_deleted": false
  },
  {
    "FNAME": "DLRDIS.DBF",
    "": "",
    "_deleted": false
  },
  {
    "FNAME": "DM.DBF",
    "": "",
    "_deleted": false
  },
  {
    "FNAME": "DMDTL.DBF",
    "": "",
    "_deleted": false
  },
  {
    "FNAME": "DMG.DBF",
    "": "",
    "_deleted": false
  },
  {
    "FNAME": "DMGDTL.DBF",
    "": "",
    "_deleted": false
  },
  {
    "FNAME": "DRN.DBF",
    "": "",
    "_deleted": false
  },
  {
    "FNAME": "DRNDTL.DBF",
    "": "",
    "_deleted": false
  },
  {
    "FNAME": "EASYORD.DBF",
    "": "",
    "_deleted": false
  },
  {
    "FNAME": "GODOWN.DBF",
    "": "",
    "_deleted": false
  },
  {
    "FNAME": "GROUP.DBF",
    "": "",
    "_deleted": false
  },
  {
    "FNAME": "HSNUNIT.DBF",
    "": "",
    "_deleted": false
  },
  {
    "FNAME": "HULJB.DBF",
    "": "",
    "_deleted": false
  },
  {
    "FNAME": "MAINGRP.DBF",
    "": "",
    "_deleted": false
  },
  {
    "FNAME": "MAKE.DBF",
    "": "",
    "_deleted": false
  },
  {
    "FNAME": "MENU_MASTER.DBF",
    "": "",
    "_deleted": false
  },
  {
    "FNAME": "MOBDTL.DBF",
    "": "",
    "_deleted": false
  },
  {
    "FNAME": "MODEL.DBF",
    "": "",
    "_deleted": false
  },
  {
    "FNAME": "MXBDTL.DBF",
    "": "",
    "_deleted": false
  },
  {
    "FNAME": "MXBDTL001.DBF",
    "": "",
    "_deleted": false
  },
  {
    "FNAME": "MXBDTL002.DBF",
    "": "",
    "_deleted": false
  },
  {
    "FNAME": "MXBDTL003.DBF",
    "": "",
    "_deleted": false
  },
  {
    "FNAME": "MXBDTL004.DBF",
    "": "",
    "_deleted": false
  },
  {
    "FNAME": "MXBDTL005.DBF",
    "": "",
    "_deleted": false
  },
  {
    "FNAME": "MYBILL.DBF",
    "": "",
    "_deleted": false
  },
  {
    "FNAME": "ORD.DBF",
    "": "",
    "_deleted": false
  },
  {
    "FNAME": "ORDDTL.DBF",
    "": "",
    "_deleted": false
  },
  {
    "FNAME": "ORDER.DBF",
    "": "",
    "_deleted": false
  },
  {
    "FNAME": "OTHSL.DBF",
    "": "",
    "_deleted": false
  },
  {
    "FNAME": "PICKFL.DBF",
    "": "",
    "_deleted": false
  },
  {
    "FNAME": "PMOBDTL.DBF",
    "": "",
    "_deleted": false
  },
  {
    "FNAME": "PMPL.DBF",
    "": "",
    "_deleted": false
  },
  {
    "FNAME": "PREACT.DBF",
    "": "",
    "_deleted": false
  },
  {
    "FNAME": "PROD.DBF",
    "": "",
    "_deleted": false
  },
  {
    "FNAME": "PRODDTL.DBF",
    "": "",
    "_deleted": false
  },
  {
    "FNAME": "PRODESC.DBF",
    "": "",
    "_deleted": false
  },
  {
    "FNAME": "PROFIT.DBF",
    "": "",
    "_deleted": false
  },
  {
    "FNAME": "PUR.DBF",
    "": "",
    "_deleted": false
  },
  {
    "FNAME": "PURDTL.DBF",
    "": "",
    "_deleted": false
  },
  {
    "FNAME": "PURSUM.DBF",
    "": "",
    "_deleted": false
  },
  {
    "FNAME": "PURTRAN.DBF",
    "": "",
    "_deleted": false
  },
  {
    "FNAME": "PXBDTL.DBF",
    "": "",
    "_deleted": false
  },
  {
    "FNAME": "PXBDTL001.DBF",
    "": "",
    "_deleted": false
  },
  {
    "FNAME": "PXBDTL002.DBF",
    "": "",
    "_deleted": false
  },
  {
    "FNAME": "PXBDTL003.DBF",
    "": "",
    "_deleted": false
  },
  {
    "FNAME": "PXBDTL004.DBF",
    "": "",
    "_deleted": false
  },
  {
    "FNAME": "PXBDTL005.DBF",
    "": "",
    "_deleted": false
  },
  {
    "FNAME": "QUOT.DBF",
    "": "",
    "_deleted": false
  },
  {
    "FNAME": "QUOTDTL.DBF",
    "": "",
    "_deleted": false
  },
  {
    "FNAME": "SCH.DBF",
    "": "",
    "_deleted": false
  },
  {
    "FNAME": "SCHDTL.DBF",
    "": "",
    "_deleted": false
  },
  {
    "FNAME": "SCHEME.DBF",
    "": "",
    "_deleted": false
  },
  {
    "FNAME": "SMSTOCUST.DBF",
    "": "",
    "_deleted": false
  },
  {
    "FNAME": "SPSER.DBF",
    "": "",
    "_deleted": false
  },
  {
    "FNAME": "SRALIAS.DBF",
    "": "",
    "_deleted": false
  },
  {
    "FNAME": "STATE.DBF",
    "": "",
    "_deleted": false
  },
  {
    "FNAME": "STOCK.DBF",
    "": "",
    "_deleted": false
  },
  {
    "FNAME": "TAXCHG.DBF",
    "": "",
    "_deleted": false
  },
  {
    "FNAME": "TAXDTL.DBF",
    "": "",
    "_deleted": false
  },
  {
    "FNAME": "TRANSFER.DBF",
    "": "",
    "_deleted": false
  },
  {
    "FNAME": "UNIT.DBF",
    "": "",
    "_deleted": false
  },
  {
    "FNAME": "UNITMAST.DBF",
    "": "",
    "_deleted": false
  },
  {
    "FNAME": "USER.DBF",
    "": "",
    "_deleted": false
  },
  {
    "FNAME": "USER_AUTH.DBF",
    "": "",
    "_deleted": false
  },
  {
    "FNAME": "VBILL.DBF",
    "": "",
    "_deleted": false
  },
  {
    "FNAME": "VBLDTL.DBF",
    "": "",
    "_deleted": false
  },
  {
    "FNAME": "X1.DBF",
    "": "",
    "_deleted": false
  },
  {
    "FNAME": "SV.VCC",
    "": "",
    "_deleted": false
  }
]