[
  {
    "ST_CODE": "27",
    "ST_NAME": "Maharashtra",
    "_NullFlags": {
      "type": "Buffer",
      "data": [
        0
      ]
    },
    "": "",
    "_deleted": false
  },
  {
    "ST_CODE": "23",
    "ST_NAME": "MADHYA PRADESH",
    "_NullFlags": {
      "type": "Buffer",
      "data": [
        0
      ]
    },
    "": "",
    "_deleted": false
  },
  {
    "ST_CODE": "33",
    "ST_NAME": "TAMILNADU",
    "_NullFlags": {
      "type": "Buffer",
      "data": [
        0
      ]
    },
    "": "",
    "_deleted": false
  }
]