[
  {
    "UNIT": "BAG",
    "DESCRIP": "BAGS",
    "": "",
    "_deleted": false
  },
  {
    "UNIT": "BAL",
    "DESCRIP": "BALE",
    "": "",
    "_deleted": false
  },
  {
    "UNIT": "BDL",
    "DESCRIP": "BUNDLES",
    "": "",
    "_deleted": false
  },
  {
    "UNIT": "BGS",
    "DESCRIP": "BAGS",
    "": "",
    "_deleted": false
  },
  {
    "UNIT": "BKL",
    "DESCRIP": "BUCKLES",
    "": "",
    "_deleted": false
  },
  {
    "UNIT": "BND",
    "DESCRIP": "BUNDLES",
    "": "",
    "_deleted": false
  },
  {
    "UNIT": "BOU",
    "DESCRIP": "BILLION OF UNITS",
    "": "",
    "_deleted": false
  },
  {
    "UNIT": "BOX",
    "DESCRIP": "BOX",
    "": "",
    "_deleted": false
  },
  {
    "UNIT": "BTL",
    "DESCRIP": "BOTTLES",
    "": "",
    "_deleted": false
  },
  {
    "UNIT": "BUN",
    "DESCRIP": "BUNCHES",
    "": "",
    "_deleted": false
  },
  {
    "UNIT": "CAN",
    "DESCRIP": "CANS",
    "": "",
    "_deleted": false
  },
  {
    "UNIT": "CBM",
    "DESCRIP": "CUBIC METERS",
    "": "",
    "_deleted": false
  },
  {
    "UNIT": "CCM",
    "DESCRIP": "CUBIC CENTIMETERS",
    "": "",
    "_deleted": false
  },
  {
    "UNIT": "CMS",
    "DESCRIP": "CENTI METERS",
    "": "",
    "_deleted": false
  },
  {
    "UNIT": "CTN",
    "DESCRIP": "CARTONS",
    "": "",
    "_deleted": false
  },
  {
    "UNIT": "DOZ",
    "DESCRIP": "DOZENS",
    "": "",
    "_deleted": false
  },
  {
    "UNIT": "DRM",
    "DESCRIP": "DRUMS",
    "": "",
    "_deleted": false
  },
  {
    "UNIT": "DZN",
    "DESCRIP": "DOZENS",
    "": "",
    "_deleted": false
  },
  {
    "UNIT": "GGK",
    "DESCRIP": "GREAT GROSS",
    "": "",
    "_deleted": false
  },
  {
    "UNIT": "GMS",
    "DESCRIP": "GRAMMES",
    "": "",
    "_deleted": false
  },
  {
    "UNIT": "GRS",
    "DESCRIP": "GROSS",
    "": "",
    "_deleted": false
  },
  {
    "UNIT": "GYD",
    "DESCRIP": "GROSS YARDS",
    "": "",
    "_deleted": false
  },
  {
    "UNIT": "KGS",
    "DESCRIP": "KILOGRAMS",
    "": "",
    "_deleted": false
  },
  {
    "UNIT": "KLR",
    "DESCRIP": "KILOLITRE",
    "": "",
    "_deleted": false
  },
  {
    "UNIT": "KME",
    "DESCRIP": "KILOMETRE",
    "": "",
    "_deleted": false
  },
  {
    "UNIT": "KMS",
    "DESCRIP": "KILO METERS",
    "": "",
    "_deleted": false
  },
  {
    "UNIT": "LTR",
    "DESCRIP": "LITER",
    "": "",
    "_deleted": false
  },
  {
    "UNIT": "MLS",
    "DESCRIP": "MILLI LITRES",
    "": "",
    "_deleted": false
  },
  {
    "UNIT": "MLT",
    "DESCRIP": "MILILITRE",
    "": "",
    "_deleted": false
  },
  {
    "UNIT": "MTR",
    "DESCRIP": "METERS",
    "": "",
    "_deleted": false
  },
  {
    "UNIT": "MTS",
    "DESCRIP": "METRIC TON",
    "": "",
    "_deleted": false
  },
  {
    "UNIT": "NOS",
    "DESCRIP": "NUMBERS",
    "": "",
    "_deleted": false
  },
  {
    "UNIT": "OTH",
    "DESCRIP": "OTHERS",
    "": "",
    "_deleted": false
  },
  {
    "UNIT": "PAC",
    "DESCRIP": "PACKS",
    "": "",
    "_deleted": false
  },
  {
    "UNIT": "PAR",
    "DESCRIP": "PAIRS",
    "": "",
    "_deleted": false
  },
  {
    "UNIT": "PCS",
    "DESCRIP": "PIECES",
    "": "",
    "_deleted": false
  },
  {
    "UNIT": "PRS",
    "DESCRIP": "PAIRS",
    "": "",
    "_deleted": false
  },
  {
    "UNIT": "QTL",
    "DESCRIP": "QUINTAL",
    "": "",
    "_deleted": false
  },
  {
    "UNIT": "QTS",
    "DESCRIP": "QUINTALS",
    "": "",
    "_deleted": false
  },
  {
    "UNIT": "ROL",
    "DESCRIP": "ROLLS",
    "": "",
    "_deleted": false
  },
  {
    "UNIT": "SET",
    "DESCRIP": "SETS",
    "": "",
    "_deleted": false
  },
  {
    "UNIT": "SNO",
    "DESCRIP": "THOUSAND NUMBERS/UNITS",
    "": "",
    "_deleted": false
  },
  {
    "UNIT": "SQF",
    "DESCRIP": "SQUARE FEET",
    "": "",
    "_deleted": false
  },
  {
    "UNIT": "SQM",
    "DESCRIP": "SQUARE METERS",
    "": "",
    "_deleted": false
  },
  {
    "UNIT": "SQY",
    "DESCRIP": "SQUARE YARDS",
    "": "",
    "_deleted": false
  },
  {
    "UNIT": "TBS",
    "DESCRIP": "TABLETS",
    "": "",
    "_deleted": false
  },
  {
    "UNIT": "TGM",
    "DESCRIP": "TEN GROSS",
    "": "",
    "_deleted": false
  },
  {
    "UNIT": "THD",
    "DESCRIP": "THOUSANDS",
    "": "",
    "_deleted": false
  },
  {
    "UNIT": "TON",
    "DESCRIP": "TONNES",
    "": "",
    "_deleted": false
  },
  {
    "UNIT": "TUB",
    "DESCRIP": "TUBES",
    "": "",
    "_deleted": false
  },
  {
    "UNIT": "UGS",
    "DESCRIP": "US GALLONS",
    "": "",
    "_deleted": false
  },
  {
    "UNIT": "UNT",
    "DESCRIP": "UNITS",
    "": "",
    "_deleted": false
  },
  {
    "UNIT": "YDS",
    "DESCRIP": "YARDS",
    "": "",
    "_deleted": false
  }
]