[
  {
    "USER_ID": 2,
    "FULL_NAME": "ADMIN",
    "LOGIN_NAME": "A",
    "USER_PWD": "A",
    "MOBILENO": "9179174888",
    "AUTHORITY": "Admin",
    "DIVISION": "Nagpur",
    "ACTIVE": "Y",
    "BKDA_DAYS": "365",
    "LOGGED": "Y",
    "MACH_ID": "",
    "UNIQUE_ID": "002",
    "SDBC": "Y",
    "_NullFlags": {
      "type": "Buffer",
      "data": [
        0,
        0
      ]
    },
    "": "",
    "_deleted": false
  },
  {
    "USER_ID": 3,
    "FULL_NAME": "BALRAM SEVLANI",
    "LOGIN_NAME": "BALRAM",
    "USER_PWD": "BALRAM",
    "MOBILENO": "9826623188",
    "AUTHORITY": "Admin",
    "DIVISION": "Nagpur",
    "ACTIVE": "Y",
    "BKDA_DAYS": "Y",
    "LOGGED": "N",
    "MACH_ID": "",
    "UNIQUE_ID": "003",
    "SDBC": "Y",
    "_NullFlags": {
      "type": "Buffer",
      "data": [
        0,
        0
      ]
    },
    "": "",
    "_deleted": false
  },
  {
    "USER_ID": 4,
    "FULL_NAME": "SHUBHAM SEVLANI",
    "LOGIN_NAME": "SHUBHAM",
    "USER_PWD": "SHUBHAM@28",
    "MOBILENO": "9179174888",
    "AUTHORITY": "Admin",
    "DIVISION": "Nagpur",
    "ACTIVE": "Y",
    "BKDA_DAYS": "1",
    "LOGGED": "N",
    "MACH_ID": "",
    "UNIQUE_ID": "004",
    "SDBC": "Y",
    "_NullFlags": {
      "type": "Buffer",
      "data": [
        0,
        0
      ]
    },
    "": "",
    "_deleted": false
  },
  {
    "USER_ID": 5,
    "FULL_NAME": "JYOTI AGRAWAL",
    "LOGIN_NAME": "JYOTI",
    "USER_PWD": "JYOTI123",
    "MOBILENO": "8767836145",
    "AUTHORITY": "Admin",
    "DIVISION": "Nagpur",
    "ACTIVE": "Y",
    "BKDA_DAYS": "",
    "LOGGED": "N",
    "MACH_ID": "",
    "UNIQUE_ID": "005",
    "SDBC": "Y",
    "_NullFlags": {
      "type": "Buffer",
      "data": [
        0,
        0
      ]
    },
    "": "",
    "_deleted": false
  }
]